normalized_id,diff_status,cause,status,handle,vendor,product_type
000d33af-780f-4e0a-93ad-ef8440285200,old_only,excluded_vendor,active,gartentisch-petale-kopie,Fermob,Gartentische
001337c4-d461-4c9e-9b72-00ebb5784c5c,old_only,excluded_vendor,active,brokis-stehlampe-ballons-pc857,Brokis,Stehlampen
00192358-040b-4073-9346-6bcd4d87791a,old_only,excluded_vendor,active,extremis-hopper-picnic-iroko-180cm,Extremis,Gartentische
001cb116-62ab-4ec5-8546-95dac4b8cb3f,old_only,excluded_product_type,active,ethnicraft-jack-1-sitzer-sofa-abdeckung,Ethnicraft,Abdeckungen
0033295b-74cc-4ee9-b4b6-f2cad3ebe555,old_only,excluded_vendor,active,fermob-bellevie-zusammenstellung-1b,Fermob,Gartensofas
003fb108-c6be-4a66-b87e-c18b58e04dd6,old_only,excluded_vendor,active,fermob-bellevie-2-sitzer-modul-links,Fermob,Gartensofas
00410b02-a023-4bfc-a52a-7112d9ada582,old_only,excluded_vendor,active,fermob-bellevie-sessel,Fermob,Sessel
004a8751-7bb6-4fb5-b7ab-9b65a4631616,old_only,excluded_product_type,active,warmflasche-calmo,Weich Alpaca,Accessoires
005b2b28-50d9-41a0-8a65-d492673ac69b,old_only,excluded_vendor,active,fermob-bellevie-2-sitzer-polsterhocker,Fermob,Sitzbänke
0061dea9-538b-4803-887f-dc02c5f6ed8f,old_only,excluded_product_type,active,natures-collection-hot-water-bottle-1,Natures Collection,Dekoration
006904fe-0e32-4695-8ef5-54f55eb3ef18,old_only,excluded_vendor,active,brokis-stehlampe-balloons-pc856,Brokis,Stehlampen
00772ff1-654f-4b10-a70a-27aedbeb16c5,old_only,excluded_vendor,active,gartentisch-flower-kopie,Fermob,Gartentische
007d2abf-6c7f-47a0-b05e-d3224ceb8f5c,old_only,excluded_vendor,active,fermob-bellevie-2-sitzer-eckmodul-links,Fermob,Gartensofas
0093a8ab-bae4-491c-9070-1993e84cca5a,old_only,excluded_vendor,active,fermob-bellevie-zusammenstellung-2a-1,Fermob,Gartensofas
00a333b7-2543-4300-bb61-8f694afde30d,old_only,excluded_vendor,active,fermob-bellevie-sessel-fur-den-essbereich,Fermob,Gartenstühle
00a86aa5-a8d7-4ed8-9194-a254d6037fa5,old_only,excluded_vendor,active,extremis-hopper-picnic-iroko-300cm,Extremis,Gartentische
00b8edc3-f03f-44be-959d-c32d2fe8466b,old_only,excluded_vendor,active,umbrosa-sonnenschirm-spectra,Umbrosa,Sonnenschirme
00c0122d-89cf-4372-9935-c34f6843a0b0,old_only,excluded_vendor,active,fermob-bellevie-sessel-fur-den-essbereich,Fermob,Gartenstühle
00c1a82f-2988-4fbe-b9bc-e0e6416915fa,old_only,excluded_vendor,active,fermob-sitzbank-luxembourg-kompakt,Fermob,Sitzbänke
00c231b4-412e-4138-a357-6da31025d940,old_only,excluded_vendor,active,fermob-bellevie-1-sitzer-polsterhocker,Fermob,Hocker
00cc1f4e-3336-4086-befe-a1bf0fc7d4f4,old_only,excluded_vendor,active,fermob-bellevie-1-sitzer-polsterhocker,Fermob,Hocker
00cc4ff3-fa6a-4311-87b7-7650a4771a40,old_only,excluded_vendor,active,ofyr-wood-storage,Ofyr,Holzlagerung
01071058-eaaa-4415-bb58-19bfa6245fab,old_only,excluded_vendor,active,fermob-bistro-stehtisch-71x71cm,Fermob,Bartische
01093182-1ae7-44cf-a8cb-71a5b1f68ce7,old_only,excluded_vendor,active,gartentisch-costa-ausziehbar,Fermob,Gartentische
010f9b59-0da5-40eb-aa9b-5a65381263c3,old_only,excluded_vendor,active,brokis-deckenleuchte-memory-ceiling,Brokis,Deckenleuchten
011d953e-4729-48ee-8506-49ee365547ba,old_only,excluded_product_type,active,handytasche-gwen-phonebag,Natures Collection,Accessoires
012360c3-d0db-4ebf-8757-d2c7e7b48ce5,old_only,excluded_vendor,active,fermob-1900-tisch-d96,Fermob,Gartentische
0132fcaf-0156-445d-a903-64286fde39a2,old_only,excluded_vendor,active,fermob-bellevie-1-sitzer-modul-rechts,Fermob,Gartensofas
0137264f-6e70-4b2d-86c8-481c7c0bb8a4,old_only,excluded_vendor,active,fermob-bellevie-hoher-tisch-74x80cm,Fermob,Bartische
01374aef-fcfe-4f28-8291-f45af60a6cc7,old_only,excluded_vendor,active,fermob-bellevie-hoher-tisch-140x80cm,Fermob,Bartische
01405a52-8315-4bf5-9d58-aaf9cd673d89,old_only,excluded_vendor,active,extremis-gartentisch-hopper-picnic-aa,Extremis,Gartentische
0140772d-8396-4b3c-bfdd-b2b031699cc3,old_only,excluded_vendor,active,gartentisch-opera-oval,Fermob,Gartentische
016f0dce-993d-45e8-8ce5-6028817929e4,old_only,excluded_vendor,active,fermob-1900-cabriolet-sessel,Fermob,Sessel
01799f8a-bab6-48d8-b6a5-3faee5849d94,old_only,excluded_vendor,active,fermob-bellevie-2-sitzer-modul-mitte,Fermob,Gartensofas
0188de74-3995-416d-900d-a7da558b4f77,old_only,excluded_vendor,active,fermob-1900-cabriolet-sessel,Fermob,Sessel
01b2868a-cace-4150-b7c9-a8e067f88096,old_only,excluded_vendor,active,fermob-bistro-tisch-117x117cm,Fermob,Gartentische
01c16812-d980-42eb-b991-e62e7f177cd8,old_only,excluded_vendor,active,fermob-bellevie-1-sitzer-modul-links,Fermob,Gartensofas
01c98519-a812-4491-bce0-ead5e7a5c161,old_only,excluded_vendor,active,thonet-s32-spvht,Thonet,Stühle
01d2495d-9ecd-4bbf-980b-76ef0c6123e4,old_only,excluded_vendor,active,brokis-deckenleuchte-memory-ceiling,Brokis,Deckenleuchten
01de4174-13f1-4656-af7f-fab037b1a960,old_only,excluded_vendor,active,fermob-bistro-tisch-117x117cm,Fermob,Gartentische
01e1c410-fa31-4184-bfef-8eb303e3c5a6,old_only,excluded_product_type,active,tribu-teak-protector-grey-colour,Tribù,Pflegeprodukte
01ebb5fd-2304-4d98-8329-bac3de06912d,old_only,excluded_vendor,active,fermob-1900-cabriolet-sessel,Fermob,Sessel
01f5541d-d955-4c55-aa17-a9dbabb3fa52,old_only,excluded_vendor,active,fermob-luxembourg-bank-3-4-sitzer,Fermob,Sitzbänke
01f9adda-a382-4ac1-92ee-44242fe0469c,old_only,excluded_vendor,active,fermob-bellevie-zusammenstellung-3a,Fermob,Gartensofas
01fd44cd-692e-4120-b077-fd2ad844d25c,old_only,excluded_vendor,active,fermob-luxembourg-kid-stuhl,Fermob,Gartenstühle
0208a812-89c8-4647-96e6-6e2a74abd083,old_only,excluded_vendor,active,fermob-bellevie-2-sitzer-eckmodul-rechts,Fermob,Gartensofas
020b0f19-a9d7-4526-b461-d9b4f5ee6c03,old_only,excluded_vendor,active,fermob-bellevie-2-sitzer-modul-links,Fermob,Gartensofas
021d9dca-fa4d-4d9e-bed5-1e42991ad1cc,old_only,excluded_vendor,active,brokis-deckenleuchte-memory-ceiling,Brokis,Deckenleuchten
022aad66-5e43-424f-b172-53b427441ef1,old_only,excluded_vendor,active,brokis-stehlampe-ballons-pc857,Brokis,Stehlampen
023595e8-51c0-449b-8a1e-ffade5a13f50,old_only,excluded_vendor,active,fermob-rolltisch-guinguette,Fermob,Servierwagen
0239c231-c6ce-44af-ab2e-79e99957f6b8,old_only,excluded_vendor,active,fermob-bellevie-zusammenstellung-1a,Fermob,Gartensofas
023c0391-194e-42be-8755-067c1eaefb22,old_only,excluded_vendor,active,armlehnstuhl-studie,Fermob,Gartenstühle
02404cf1-826f-4875-91a9-41e8d73eac79,old_only,excluded_vendor,active,fermob-bellevie-zusammenstellung-1b,Fermob,Gartensofas
024ccad9-ec8f-431d-b113-54d13d616563,old_only,excluded_product_type,active,warmflasche-calmo,Weich Alpaca,Accessoires
024dc705-d4e4-4ce2-b7eb-73603e5e04f4,old_only,excluded_vendor,active,fermob-bellevie-3-sitzer-club-sofa-mit-kissen,Fermob,Gartensofas
026b9eb9-e340-4c77-97f8-80df86d8024d,old_only,excluded_vendor,active,fermob-stuhl-surprising,Fermob,Gartenstühle
027c2cb2-c89b-414d-9e01-cfc09425d4db,old_only,excluded_vendor,active,fermob-bellevie-3-sitzer,Fermob,Gartensofas
027fdb09-3c9a-4a73-b912-34ac1607179d,old_only,excluded_vendor,active,fermob-2-3-sitzer-bank-mit-ruckenlehne-luxembourg,Fermob,Sitzbänke
028a95d3-b93f-4588-9c89-d9fdd789b1e5,old_only,excluded_product_type,active,manutti-flex-konzept-2-schutzhulle,Manutti,Abdeckungen
0297faf2-9782-48d7-98db-2c05754df900,old_only,excluded_vendor,active,wandlampe-memory-wall,Brokis,Wandleuchten
02a0b784-bcc0-486e-ad35-c737bdfa5ff4,old_only,excluded_vendor,active,fermob-bistro-tisch-75x57,Fermob,Gartentische
02af7096-bb87-4ad4-84af-7ce4b898bef1,old_only,excluded_vendor,active,fermob-tisch-luxembourg,Fermob,Gartentische
02bcca98-dc9a-4ff3-8362-62969fae1d26,old_only,excluded_vendor,active,gubi-stemlite-stehlampe,Gubi,Stehlampen
02bd497a-0102-4c71-be84-2adda9123df1,old_only,excluded_vendor,active,fermob-bellevie-sessel,Fermob,Sessel
02c9a494-aa8e-4dc1-9344-fb650359fded,old_only,excluded_vendor,active,fermob-1900-cabriolet-sessel,Fermob,Sessel
02d02d2b-5525-4955-8c67-fcfceb59413e,old_only,excluded_vendor,active,fermob-luxembourg-lounge-sessel,Fermob,Sessel
02d5be51-70cd-46da-a6a2-966b2140748e,old_only,excluded_vendor,active,umbrosa-sonnenschirm-spectra,Umbrosa,Sonnenschirme
02ddc2ef-e4db-40a7-b26d-555685278243,old_only,excluded_vendor,active,gartentisch-petale,Fermob,Gartentische
02ecd5da-de7b-4141-9e0b-4952a0b4f625,old_only,excluded_vendor,active,fermob-bellevie-1-sitzer-modul-mitte,Fermob,Gartensofas
0302358c-ac4f-4c2e-9812-a2aaa76d294a,old_only,excluded_vendor,active,fermob-tisch-bellevie,Fermob,Gartentische
030843f5-59e8-40c9-918c-21b7a1cd3201,old_only,excluded_vendor,active,fermob-luxembourg-lounge-stuhl,Fermob,Sessel
030b79d3-d367-4724-b3b8-21ef429e2194,old_only,excluded_vendor,active,ofyr-wood-storage,Ofyr,Holzlagerung
0310f6c5-9079-4580-93d5-9d5834050974,old_only,excluded_vendor,active,fermob-bank-mit-ruckenlehne-bellevie,Fermob,Sitzbänke
03138fd7-e234-4422-a86e-cf65ca67b6f2,old_only,excluded_vendor,active,fermob-bellevie-sessel,Fermob,Sessel
031d1895-6daf-4892-8910-cec75e8257a7,old_only,excluded_vendor,active,fermob-bank-mit-ruckenlehne-bellevie,Fermob,Sitzbänke
03315198-da67-4b56-85a4-40197a50e4ac,old_only,excluded_vendor,active,gubi-moon-multi-lite-pendant-small,Gubi,Hängeleuchten
03357c8d-84ca-4bbe-bc8f-ae6b920f60ef,old_only,excluded_vendor,active,fermob-bellevie-zusammenstellung-1b,Fermob,Gartensofas
034257dd-998b-469c-be60-de394e040aba,old_only,excluded_vendor,active,fermob-kleiner-niedriger-bestelltisch,Fermob,Beistelltische
034c9a55-5ea6-4bbd-b267-5d77c7d017e3,old_only,excluded_vendor,active,fermob-bellevie-2-sitzer-modul-mitte,Fermob,Gartensofas
0359ac32-b46c-4d22-b570-0a31da5a4020,old_only,excluded_vendor,active,fermob-bellevie-zusammenstellung-3a,Fermob,Gartensofas
03682745-7a5d-41d4-8a15-d50fad466f8b,old_only,excluded_vendor,active,fermob-bellevie-zusammenstellung-2b,Fermob,Gartensofas
039d85f0-cff4-498f-afb9-de5a97d587b5,old_only,excluded_vendor,active,fermob-luxembourg-tisch-80x80cm,Fermob,Gartentische
03bd93cf-0307-4aa1-bae6-479696253d8a,old_only,excluded_vendor,active,umbrosa-sonnenschirm-spectra-straight,Umbrosa,Sonnenschirme
03dba065-6290-470f-82a9-9c4ee7c8cdc7,old_only,excluded_vendor,active,fermob-bellevie-2-sitzer-eckmodul-links,Fermob,Gartensofas
03dd15b8-7d99-4fee-bd05-dd3ff272d0c2,old_only,excluded_vendor,active,fermob-bellevie-1-sitzer-modul-rechts,Fermob,Gartensofas
03e1b5f7-c69f-4ef3-bcee-66793e30e2c7,old_only,excluded_vendor,active,fermob-cadiz-bridge,Fermob,Gartenstühle
03e21da7-e0a3-4043-ba79-fa005014fc4f,old_only,excluded_product_type,active,homestorys-wohnbuch,Homestorys,Bücher
03e91a7f-2701-4da3-8cd6-8b21a17721e3,old_only,excluded_vendor,active,fermob-basics-outdoor-sitzkissen-37-x-41-cm,Fermob,Sitzkissen
03ebe26e-0086-4de7-b652-26a462b98ef7,old_only,excluded_vendor,active,thonet-s32-pv,Thonet,Stühle
03ee3bed-3c5d-4769-bf46-9347dbe6365d,old_only,excluded_vendor,active,fermob-bellevie-2-sitzer-eckmodul-links,Fermob,Gartensofas
03f0e17f-a5ba-4a82-9d36-20674e8820a6,old_only,excluded_vendor,active,fermob-gartensofa-bellevie-2-sitzer,Fermob,Gartensofas
03f57c30-8bb9-453b-9a80-3f24c3cb972b,old_only,excluded_vendor,active,gartentisch-petale,Fermob,Gartentische
03f5c58a-0589-4afe-8874-c8033d1b7dfc,old_only,excluded_vendor,active,deckenlampe-puro-contour,Brokis,Hängeleuchten
03ff513e-45ab-4189-93b1-cfc361e41209,old_only,excluded_vendor,active,fermob-bellevie-2-sitzer-modul-links,Fermob,Gartensofas
040f0c7a-ec18-4e8b-bfc1-f161b353643c,old_only,excluded_vendor,active,umbrosa-sonnenschirm-spectra-straight,Umbrosa,Sonnenschirme
0414b630-2697-4f41-9559-d7a39d6ce13f,old_only,excluded_vendor,active,umbrosa-sonnenschirm-spectra-straight,Umbrosa,Sonnenschirme
041d767e-812f-4013-8f1b-39fcf95ec281,old_only,excluded_vendor,active,fermob-bellevie-3-sitzer,Fermob,Gartensofas
04200301-03cb-4334-8594-749b641c3c05,old_only,excluded_vendor,active,fermob-bellevie-3-sitzer,Fermob,Gartensofas
04202541-fe89-4993-8f2f-a0c5ded43297,old_only,excluded_vendor,active,extremis-hopper-picnic-iroko-300cm,Extremis,Gartentische
042e4290-2cbb-4672-a8e1-cdaa880f1128,old_only,excluded_vendor,active,fermob-bellevie-3-sitzer-club-sofa-mit-kissen,Fermob,Gartensofas
0435f676-c18d-4ce8-aaff-99a2a166193e,old_only,excluded_vendor,active,fermob-bellevie-2-sitzer-modul-rechts,Fermob,Gartensofas
0438c6d5-2ff4-4b60-9543-00b0ebf44e0f,old_only,excluded_vendor,active,fermob-bellevie-zusammenstellung-1b,Fermob,Gartensofas
043f2ce7-8c75-4965-be6c-0ee889b71c92,old_only,excluded_vendor,active,umbrosa-paraflex-wall-round-270,Umbrosa,Sonnenschirme
0446c58f-b4df-47bd-85ff-d0dc26889e73,old_only,excluded_vendor,active,fermob-bellevie-zusammenstellung-2b,Fermob,Gartensofas
0468c7a9-93cd-4a62-bbd4-66fb9448eb0d,old_only,excluded_vendor,active,kerze-pillar-rustic-led-uyuni-brown-o7-8-x-10-1cm-brown-o7-8-x-15-2cm,Piffany,Kerzen
04725eb4-b05b-4f05-9e53-7b143ae11cf0,old_only,excluded_vendor,active,fermob-gartensofa-bellevie-2-sitzer,Fermob,Gartensofas
047ac6b1-1137-450e-be4e-813951f80207,old_only,excluded_vendor,active,fermob-bellevie-tisch-74x80cm,Fermob,Gartentische
047aefce-f6aa-401e-88a9-79a6bcfbfcb6,old_only,excluded_vendor,active,gartentisch-craft-kopie,Fermob,Gartentische
047ef7eb-9e3a-464e-a2cc-75a42f090d42,old_only,excluded_vendor,active,fermob-bellevie-hoher-tisch-74x80cm,Fermob,Bartische
04972501-b203-434a-9170-5b1263cbec50,old_only,excluded_vendor,active,fermob-basket-blumenkasten-lang,Fermob,Topf
04a354ed-b6ee-40da-83f4-4dcd8479a2df,old_only,excluded_vendor,active,fermob-bellevie-3-sitzer,Fermob,Gartensofas
04aeddff-3179-4f6c-87b8-aa16836bd6f6,old_only,excluded_vendor,active,fermob-luxembourg-hoher-tisch,Fermob,Gartentische
04af9f32-7ddb-48f6-9863-37ee30b50c71,old_only,excluded_vendor,active,fermob-bellevie-1-sitzer-polsterhocker,Fermob,Hocker
04c7ae61-d9ea-4b51-b101-7db416e28e96,old_only,excluded_vendor,active,fermob-alize-tiefer-sessel-tog-stereo,Fermob,Sessel
04cb1654-8021-412f-9bfe-6220020b9d22,old_only,excluded_vendor,active,gartentisch-floreal,Fermob,Gartentische
04d07790-fcef-4f7d-b123-85477d7b63c8,old_only,excluded_vendor,active,thonet-stuhl-209,Thonet,Stühle
04da313d-e895-4ba2-a52d-ff0a41cb9fca,old_only,excluded_vendor,active,fermob-bellevie-halbhoher-tisch-140x80cm,Fermob,Gartentische
04fa19c0-56e0-446f-8205-9028f57026e8,old_only,excluded_vendor,active,fermob-bebop-niedriger-tisch-120-x-70-x-29cm,Fermob,Beistelltische
051ede3f-ac6d-45ac-b5f0-2fecfe9c4d91,old_only,excluded_vendor,active,fermob-bellevie-hoher-tisch-74x80cm,Fermob,Bartische
053a0b94-2fae-4330-a8aa-98cb3157310a,old_only,excluded_vendor,active,fermob-bistro-metallstuhl,Fermob,Gartenstühle
053a8565-564c-41ef-8da7-a612c9e601d3,old_only,excluded_vendor,active,fermob-bellevie-2-sitzer-polsterhocker,Fermob,Sitzbänke
053f594a-69fb-4d33-a108-a1a1af058225,old_only,excluded_vendor,active,extremis-gartentisch-hopper-picnic-aa,Extremis,Gartentische
05621805-d0e4-46bb-9f7c-0a8823369142,old_only,excluded_vendor,active,fermob-bellevie-3-sitzer-club-sofa-mit-kissen,Fermob,Gartensofas
0569c88d-2669-42a5-89af-d2c050a5b05b,old_only,excluded_vendor,active,fermob-bellevie-1-sitzer-modul-mitte,Fermob,Gartensofas
056dc6b1-ad89-4682-a5a5-00abbdb8316a,old_only,excluded_vendor,active,fermob-kleiner-niedriger-bestelltisch,Fermob,Beistelltische
056e9a56-c265-44d1-95eb-7c43afb7832d,old_only,excluded_vendor,active,fermob-bellevie-sessel,Fermob,Sessel
056fb7b2-46a6-44cb-a94a-fe2fa3c90877,old_only,excluded_vendor,active,fermob-bellevie-2-sitzer-modul-mitte,Fermob,Gartensofas
0579cbca-5b5d-4ab4-ac04-2475bc95bdc2,old_only,excluded_product_type,active,cane-line-grow-pflanzengefass,Cane-line,Dekoration
05819e5b-f8ec-4453-bcee-c598ae325a03,old_only,excluded_vendor,active,fermob-bebop-d80,Fermob,Beistelltische
059128fb-68f4-4804-92ee-70a268d42d5b,old_only,excluded_vendor,active,fermob-bellevie-2-sitzer-modul-mitte,Fermob,Gartensofas
059cbf79-e5a0-4bad-a841-020fa316f5b5,old_only,excluded_vendor,active,fermob-bellevie-zusammenstellung-1a,Fermob,Gartensofas
05a3d2b7-b5d7-46aa-8007-739043938fd3,old_only,excluded_vendor,active,fermob-bellevie-1-sitzer-polsterhocker,Fermob,Hocker
05af4156-8f29-4da5-901f-7b1fc4fee353,old_only,excluded_vendor,active,umbrosa-paraflex-wall-square-230,Umbrosa,Sonnenschirme
05e17d73-3fcc-4497-b084-2c3b86b58c40,old_only,excluded_vendor,active,thonet-118f-holzstuhl-mit-armlehnen,Thonet,Stühle
05e90938-d9c2-4907-950b-51909a861a20,old_only,excluded_vendor,active,fermob-bellevie-zusammenstellung-3b,Fermob,Gartensofas
06078233-d12f-405e-85e2-1afc24e589be,old_only,excluded_vendor,active,gartentisch-craft,Fermob,Gartentische
061d9da7-f279-4f1b-ab83-ac4a97b7522b,old_only,excluded_vendor,active,fermob-alize-deporte,Fermob,Beistelltische
063d2811-46c7-489a-8806-1c7e699774ff,old_only,excluded_vendor,active,fermob-bellevie-tisch-74x80cm,Fermob,Gartentische
06472f13-94ad-4078-8dbc-c1e4a6e552d0,old_only,excluded_product_type,active,tribu-eclipse-quadratischer-aluminium-sonnenschirm,Tribù,Sonnenschirme
0649d016-5ab2-426d-ac0d-56f342d66bd8,old_only,excluded_vendor,active,fermob-luxembourg-bank-3-4-sitzer,Fermob,Sitzbänke
064e7fd5-e511-4df5-803f-ef43fc1567ba,old_only,excluded_product_type,active,kywie-magnum-silver-sparkle,Kywie,Tischaccessoires
064ecee2-c1c0-47d7-a452-fd632925a963,old_only,excluded_vendor,active,fermob-luxembourg-barstuhl,Fermob,Barstühle
065890f0-6d76-4929-8c9d-2c2ae94c0ee0,old_only,excluded_vendor,active,fermob-lorette-armlehnstuhl-problem-fauteuil-und-bridge,Fermob,Sitzbänke
067dad09-1dcf-40cf-84ba-ea586b1a11ed,old_only,excluded_vendor,active,fermob-bellevie-2-sitzer-modul-mitte,Fermob,Gartensofas
067e9155-a32b-4f75-b783-d695c7cb5870,old_only,excluded_vendor,active,copy-of-beistelltisch-alize-o48,Fermob,Beistelltische
0682145d-c600-4b23-b718-760ea6e39642,old_only,excluded_vendor,active,fermob-luxembourg-niedriger-tisch-mit-rollen,Fermob,Couchtische
068283e4-b668-42cc-b213-271d090e4067,old_only,excluded_vendor,active,fermob-luxembourg-tisch-143x80,Fermob,Gartentische
069f70a6-ca0c-45c1-b545-11f57960d78d,old_only,excluded_vendor,active,fermob-bellevie-zusammenstellung-2a-1,Fermob,Gartensofas
06a5ba8d-f0fc-4d64-ac05-a523fc6f98af,old_only,excluded_vendor,active,fermob-bellevie-zusammenstellung-2a-1,Fermob,Gartensofas
06b7355e-c259-4ffd-882a-59d31905a0cd,old_only,excluded_vendor,active,gartentisch-petale,Fermob,Gartentische
06c18e6b-3b82-41e8-89c4-71ee431aecb3,old_only,excluded_vendor,active,gartentisch-floreal,Fermob,Gartentische
06c25f0a-9dfb-44f5-b04b-b8076b81c737,old_only,excluded_vendor,active,fermob-bellevie-2-sitzer-eckmodul-rechts,Fermob,Gartensofas
06e7bec8-d96d-4283-b003-9d616d84ca74,old_only,excluded_vendor,active,fermob-bellevie-2-sitzer-modul-rechts,Fermob,Gartensofas
06ffd417-9a2e-4d21-83eb-3b3de122491d,old_only,excluded_vendor,active,umbrosa-paraflex-wall-round-271,Umbrosa,Sonnenschirme
07036e37-11a5-4ae4-9269-2fea8d90d218,old_only,excluded_vendor,active,fermob-bridge-luxembourg,Fermob,Gartenstühle
0704713b-b7b3-46e2-b309-d492e601b4a7,old_only,excluded_vendor,active,brokis-deckenleuchte-memory-ceiling,Brokis,Deckenleuchten
0708ee92-ce25-4858-8e39-03a868bfa60e,old_only,excluded_vendor,active,beistelltisch-alize-o48,Fermob,Beistelltische
0709a437-0d7f-4bcc-b6d5-03984f8e8690,old_only,excluded_vendor,active,fermob-bellevie-1-sitzer-modul-links,Fermob,Gartensofas
070f49b5-9d6b-4a38-9e8a-a23aa4f0b4c3,old_only,excluded_vendor,active,tischlampe-knut-clindro-table,Brokis,Stehlampen
071f8bf3-a63d-4ebd-af65-5260c76b43b6,old_only,excluded_vendor,active,fermob-bellevie-1-sitzer-modul-mitte,Fermob,Gartensofas
072322a7-6031-4f2b-a755-adc4dbc97884,old_only,excluded_product_type,active,tribu-schutzhullen,Tribù,Abdeckungen
07258adc-69cf-4708-b035-ea15832d5f2a,old_only,excluded_vendor,active,extremis-gartentisch-pantagruel-picnic,Extremis,Gartentische
072bc4c5-20bc-4700-90e5-478dd59d193f,old_only,excluded_product_type,active,ethnicraft-tablett-second-nature-rund,Ethnicraft,Accessoires
0731eaf9-19be-4eb8-b789-30a10e219405,old_only,excluded_vendor,active,gartentisch-floreal,Fermob,Gartentische
073ba16d-6c31-4c94-8c82-c0741cc5abff,old_only,excluded_vendor,active,fermob-bistro-tisch-71x71cm,Fermob,Gartentische
074172a5-d781-4935-bab3-8a56d9fe3196,old_only,excluded_vendor,active,fermob-cocotte-beistelltisch,Fermob,Beistelltische
07491763-2073-42f7-ba39-07aa810b3249,old_only,excluded_vendor,active,gartentisch-floreal,Fermob,Gartentische
07576848-e63c-480e-bfe9-d1c24e609121,old_only,excluded_vendor,active,fermob-bellevie-2-sitzer-modul-rechts,Fermob,Gartensofas
075d9c2e-30fd-4a69-9f7d-299cd1ffa3c1,old_only,excluded_vendor,active,fermob-luxembourg-barstuhl-1,Fermob,Barstühle
0763b9f9-f291-4b07-87f9-4b92203bb8f7,old_only,excluded_vendor,active,fermob-bellevie-3-sitzer-club-sofa-mit-kissen,Fermob,Gartensofas
07772086-74cd-4123-a851-7026277a35b0,old_only,excluded_vendor,active,wandlampe-memory-wall,Brokis,Wandleuchten
0787c6a3-27c8-45c1-9c62-a8a65433df3d,old_only,excluded_vendor,active,extremis-hopper-picnic-iroko-360cm,Extremis,Gartentische
078bb4c6-f073-4117-b4c4-110279adbe45,old_only,excluded_vendor,active,fermob-luxembourg-kid-bank,Fermob,Sitzbänke
07aacbd8-4865-4f79-9430-84e6a35bf719,old_only,excluded_vendor,active,fermob-bellevie-tisch-196x90cm,Fermob,Gartentische
07b3d5bb-188f-44ec-ab7c-e1363394acdb,old_only,excluded_vendor,active,gubi-stemlite-tischlampe,Gubi,Tischlampen
07d3273e-47ca-4939-ac21-d94cb0bac2ee,old_only,excluded_vendor,active,fermob-1900-cabriolet-sessel,Fermob,Sessel
07d7f0c2-1104-403e-9142-4e017c2ca669,old_only,excluded_vendor,active,fermob-bellevie-1-sitzer-modul-rechts,Fermob,Gartensofas
07df5fc4-ed1c-4821-97e3-8a99764566f7,old_only,excluded_vendor,active,fermob-bellevie-1-sitzer-modul-links,Fermob,Gartensofas
07df6c7c-6a3c-4aa1-ba1e-f567476ddfd0,old_only,excluded_vendor,active,fermob-bellevie-zusammenstellung-3b,Fermob,Gartensofas
07f263a4-f86d-443a-8a60-4ddec0e8d4f4,old_only,excluded_vendor,active,gartentisch-floreal,Fermob,Gartentische
07f706bd-2c54-4a31-acfc-158704537c0a,old_only,excluded_vendor,active,gartentisch-petale-kopie,Fermob,Gartentische
08023c92-f71d-49f4-9c8f-09e8c7ecf348,old_only,excluded_product_type,active,tasche-mini-glory-shopper,Natures Collection,Accessoires
0823d759-8c5f-4c09-8c53-6385218c51c2,old_only,excluded_vendor,active,fermob-1900-tisch-d117,Fermob,Gartentische
0845b4ec-35de-43b4-80f0-d8d17007cc37,old_only,excluded_vendor,active,fermob-fouta-strandtuch,Fermob,Decken
084b4b6f-d339-464a-9bed-48266f2b017a,old_only,excluded_vendor,active,gartentisch-floreal,Fermob,Gartentische
0852f460-7ce8-4336-b6dc-6d22cc37a2d9,old_only,excluded_vendor,active,fermob-bellevie-sessel-fur-den-essbereich,Fermob,Gartenstühle
088a6850-e0d7-4184-a74c-21e3dbf8ec6b,old_only,excluded_vendor,active,fermob-luxembourg-kid-bank,Fermob,Sitzbänke
0890d401-e6fa-4df5-a8bd-82f39b55b0f3,old_only,excluded_vendor,active,fermob-luxembourg-tisch-165x100cm,Fermob,Gartentische
089d9fc6-7be5-4a06-b43e-bade99345b28,old_only,excluded_vendor,active,brokis-stehlampe-ballons-pc858,Brokis,Stehlampen
08aa8815-211b-4e9f-8d47-b7a8af842d7e,old_only,excluded_vendor,active,fermob-luxembourg-kid-bank,Fermob,Sitzbänke
08aad27b-0254-42e1-8485-f5867f43f4d2,old_only,excluded_vendor,active,fermob-bellevie-sessel-fur-den-essbereich,Fermob,Gartenstühle
08b1e3b8-72ef-4ae3-90b4-72c299705e07,old_only,excluded_vendor,active,fermob-lorette-ovaler-tisch-160x90,Fermob,Gartentische
08c26774-c505-4228-85cf-2c8b9e56db35,old_only,excluded_vendor,active,fermob-lorette-ovaler-tisch-160x90,Fermob,Gartentische
08d86e50-ff10-4230-beaf-9bb70cb1a863,old_only,excluded_vendor,active,fermob-cadiz-bridge,Fermob,Gartenstühle
08e753ea-7edb-4e44-b7ad-2ef8255d2f1f,old_only,excluded_product_type,active,natural-collection-tibetisches-schafsfell-85x50-cm,Natures Collection,Dekoration
08ef964e-9a12-4858-89d7-bde6d98eb228,old_only,excluded_vendor,active,fermob-bank-mit-ruckenlehne-bellevie,Fermob,Sitzbänke
08f4dbb9-cd3c-480c-aca8-cd9722266cfd,old_only,excluded_vendor,active,gartentisch-opera-carronde,Fermob,Gartentische
0900dc83-b20f-4dab-a97e-77bb91d0d3de,old_only,excluded_vendor,active,fermob-bellevie-2-sitzer-eckmodul-rechts,Fermob,Gartensofas
09042b83-e138-4c0f-9c32-596de9ccc60a,old_only,excluded_vendor,active,fermob-bellevie-halbhoher-tisch-140x80cm,Fermob,Gartentische
0905f64b-f034-4ca3-bdec-1446953b546e,old_only,excluded_vendor,active,fermob-bistro-tisch-71x71cm,Fermob,Gartentische
0906d74d-b703-4d3f-ab76-68dff2cad5f0,old_only,excluded_vendor,active,extremis-hopper-picnic-iroko-300cm,Extremis,Gartentische
090bc7d0-e5fa-4b37-afe0-0e1ca2ada430,old_only,excluded_vendor,active,fermob-bellevie-2-sitzer-modul-mitte,Fermob,Gartensofas
0915a93a-dc97-4fc7-b68d-224b2894d8c4,old_only,excluded_vendor,active,fermob-bellevie-2-sitzer-eckmodul-rechts,Fermob,Gartensofas
092d40fa-900e-498b-bfcb-0c333a9e9484,old_only,excluded_product_type,active,cane-line-parasols-hyde-luxe-hanging-sonnenschirm-3x4-1,Cane-line,Sonnenschirme
09346a0c-e9a2-4b5c-af4b-04cb93ebb82e,old_only,excluded_vendor,active,ofyr-grill-classic,Ofyr,Grills
093b269a-3822-425c-8b47-be8188b81599,old_only,excluded_vendor,active,fermob-bistro-balkontisch,Fermob,Gartentische
094308cd-951b-4aa7-a185-00f3e83a1651,old_only,excluded_vendor,active,fermob-itac-zylindrische-vase-h-76-cm,Fermob,Vasen
094accb2-96cc-4d3a-91bf-920a201a703f,old_only,excluded_vendor,active,fermob-bellevie-zusammenstellung-2b,Fermob,Gartensofas
094afb1d-6d25-4135-b4ea-6245eafa4837,old_only,excluded_vendor,active,fermob-bistro-tisch-75x57,Fermob,Gartentische
0958557b-0618-42d4-96ed-10a0b6b87a9d,old_only,excluded_vendor,active,fermob-luxembourg-kid-tisch-76x55cm,Fermob,Gartentische
095dbcca-3457-4de8-bf91-c50f6ceb1e62,old_only,excluded_vendor,active,wandlampe-memory-wall,Brokis,Wandleuchten
09604bf8-be41-475e-b73b-54dd2ae3bc2d,old_only,excluded_vendor,active,fermob-bellevie-sessel,Fermob,Sessel
09701918-10ce-4ecf-87a2-4ea8aed6d489,old_only,excluded_vendor,active,fermob-bellevie-zusammenstellung-2b,Fermob,Gartensofas
097a2a76-3a63-467a-9e51-d29d3e0c1258,old_only,excluded_vendor,active,fermob-bellevie-zusammenstellung-3b,Fermob,Gartensofas
098f9493-4e96-4bf6-a8a1-75511b89e05b,old_only,excluded_vendor,active,fermob-1900-tisch-d117,Fermob,Gartentische
099064dc-d88f-416f-8124-cf04f3d61545,old_only,excluded_vendor,active,fermob-bellevie-2-sitzer-modul-mitte,Fermob,Gartensofas
099522f7-96fa-4757-a44b-245decb261fa,old_only,excluded_vendor,active,fermob-2-3-sitzer-bank-mit-ruckenlehne-luxembourg,Fermob,Sitzbänke
099f4ee4-1efd-4fdc-8bc9-37ee109edf8d,old_only,excluded_product_type,active,manutti-schutzhulle-mood-beistelltisch-60,Manutti,Abdeckungen
09c95d79-121c-4dde-860f-54c4adeeba07,old_only,excluded_vendor,active,gartentisch-floreal,Fermob,Gartentische
09d714f2-d80f-4f0e-a272-1859976cb6cd,old_only,excluded_vendor,active,fermob-bellevie-2-sitzer-polsterhocker,Fermob,Sitzbänke
09d804fc-9520-4870-9e5c-401d4abf9c3b,old_only,excluded_vendor,active,fermob-bellevie-2-sitzer-club-sofa-mit-kissen,Fermob,Gartensofas
09d8d286-50eb-4c62-9c24-3a89e3b144f8,old_only,excluded_vendor,active,fermob-bellevie-3-sitzer,Fermob,Gartensofas
09d95c46-8a5d-4432-b450-3ce4d8f637bc,old_only,excluded_vendor,active,fermob-surprising-fussablage,Fermob,Hocker
09daf0b1-ee32-485d-ada7-c18d6f78ccb6,old_only,excluded_vendor,active,fermob-bellevie-2-sitzer-club-sofa-mit-kissen,Fermob,Gartensofas
09e19e2f-9e99-4c9e-b9ca-b239e1f4c392,old_only,excluded_vendor,active,fermob-basket-blumenkasten-lang,Fermob,Topf
09e4ca51-df32-46e5-b5bd-cc6113a05e24,old_only,excluded_vendor,active,fermob-luxembourg-lounge-stuhl,Fermob,Sessel
09f60ac7-25e0-46ca-9659-2f37e7c8aa6c,old_only,excluded_product_type,active,plaid-cielo,Weich Alpaca,Decken
0a0a9ae7-dfc7-4f1c-a026-7fcc908cbeda,old_only,excluded_vendor,active,fermob-bellevie-1-sitzer-modul-mitte,Fermob,Gartensofas
0a0e1d07-9f67-4b3a-9687-81b1d73ddd79,old_only,excluded_vendor,active,fermob-luxembourg-bank-3-4-sitzer,Fermob,Sitzbänke
0a149682-21a6-49b2-8c93-b9833179c5a1,old_only,excluded_vendor,active,gartentisch-petale,Fermob,Gartentische
0a2b31db-f63d-4f3e-ab05-c7b4c6e70105,old_only,excluded_vendor,active,fermob-bellevie-sessel-fur-den-essbereich,Fermob,Gartenstühle
0a6f66ad-da8b-4d0e-b2ea-37c5f18d6545,old_only,excluded_vendor,active,gartentisch-romane-rund,Fermob,Gartentische
0a74c1f4-4447-4b66-8f54-65578c7f345d,old_only,excluded_vendor,active,gubi-bl1-tisch-lampe,Gubi,Tischlampen
0a80cf6a-3073-4536-aef0-f63086a5e657,old_only,excluded_vendor,active,fermob-bistro-tisch-75x57,Fermob,Gartentische
0a8b2f79-5302-4750-a56d-1aff29412047,old_only,excluded_vendor,active,fermob-bellevie-2-sitzer-modul-mitte,Fermob,Gartensofas
0a8df5ec-6b65-467e-a599-d1107e1fa404,old_only,excluded_vendor,active,wood-storage-dressoir,Ofyr,Holzlagerung
0a91b4fa-920a-4250-a8d6-574f29e83a84,old_only,excluded_vendor,active,fermob-alize-sonnenliege-xs,Fermob,Sonnenliegen
0aa248d1-c3ba-4f4b-a8a5-fe17bb7ff6c4,old_only,excluded_vendor,active,fermob-1900-tisch-d117,Fermob,Gartentische
0aa2b802-4492-4a18-9d54-f67919bb97ac,old_only,excluded_product_type,active,ethnicraft-bricks-wandkunst-recyceltes-holz,Ethnicraft,Dekoration
0ac3424c-a57c-4986-8986-35cef222d80b,old_only,excluded_vendor,active,gartensessel-bellevie,Fermob,Sessel
0ad42177-2bd6-488a-9f10-a9a7eb28ee24,old_only,excluded_vendor,active,gartentisch-petale-kopie,Fermob,Gartentische
0aef6b83-923c-44b2-9671-ae1af9ded93e,old_only,excluded_vendor,active,fermob-calvi-tisch-160-x-80-cm,Fermob,Gartentische
0b004b14-0c02-4aa6-ac73-23be948ebc8d,old_only,excluded_vendor,active,fermob-bellevie-1-sitzer-polsterhocker,Fermob,Hocker
0b15521d-1f9d-4a51-864e-cdfeda60a713,old_only,excluded_product_type,active,vetsek-decke-wooly-blanket,Vetsak,Decken
0b1c2eac-95e6-4f27-a25b-768223cc81cb,old_only,excluded_vendor,active,fermob-cocotte-beistelltisch,Fermob,Beistelltische
0b30900a-688b-436a-8c1e-0dfc85847a98,old_only,excluded_vendor,active,fermob-calvi-tisch-140-x-140-cm,Fermob,Gartentische
0b36d047-e923-4fb5-9bd3-35cce5431f13,old_only,excluded_vendor,active,fermob-armlehnstuhl-studie,Fermob,Stühle
0b41df0a-4cab-41ad-b2d2-26244d509b11,old_only,excluded_vendor,active,fermob-bistro-balkontisch,Fermob,Gartentische
0b5a7f64-69c0-4b09-898b-fc9edec9088b,old_only,excluded_vendor,active,fermob-bellevie-1-sitzer-modul-links,Fermob,Gartensofas
0b703aba-1763-475d-9bad-b7ddcc125254,old_only,excluded_vendor,active,fermob-bellevie-sessel,Fermob,Sessel
0b735f8a-2f5c-4902-bcb5-7b72d9ea6f57,old_only,excluded_vendor,active,fermob-luxembourg-tisch-mit-4-fusse-80x80,Fermob,Gartentische
0b74cb82-d85e-47d8-8488-da2276e99a88,old_only,excluded_vendor,active,fermob-stuhl-studie,Fermob,Stühle
0b8cd4f7-69f9-4613-ae5a-95bf23f540c0,old_only,excluded_product_type,active,tasche-mini-glory-shopper,Natures Collection,Accessoires
0bac6e80-e199-4892-ac8d-d73b8c9341ad,old_only,excluded_vendor,active,fermob-bellevie-2-sitzer-polsterhocker,Fermob,Sitzbänke
0bbc8bff-af8a-4838-b951-f45291dedfb7,old_only,excluded_vendor,active,fermob-bellevie-1-sitzer-modul-rechts,Fermob,Gartensofas
0bc88d34-e8ca-4329-b06b-71ef7726ade9,old_only,excluded_vendor,active,fermob-bellevie-1-sitzer-polsterhocker,Fermob,Hocker
0bfc68b0-5088-4ec4-9a42-cba59e183b07,old_only,excluded_vendor,active,fermob-bellevie-halbhoher-tisch-140x80cm,Fermob,Gartentische
0c132fa5-9c58-4014-8547-960dfaa4b06f,old_only,excluded_vendor,active,fermob-luxembourg-tisch-165x100cm,Fermob,Gartentische
0c207ccc-4e52-4f08-bdba-b7a998f2addd,old_only,excluded_vendor,active,fermob-bellevie-1-sitzer-modul-links,Fermob,Gartensofas
0c255fdc-d3fb-4ec8-b6e5-3665a9255199,old_only,excluded_vendor,active,fermob-bellevie-2-sitzer-modul-mitte,Fermob,Gartensofas
0c27b096-2f34-4adf-b12c-5773a6deeda9,old_only,excluded_vendor,active,fermob-bellevie-zusammenstellung-2b,Fermob,Gartensofas
0c2e6939-4c73-4b5e-b8c5-3b4512061c6b,old_only,excluded_vendor,active,fermob-kleiner-niedriger-bestelltisch,Fermob,Beistelltische
0c322c87-9a82-4147-b90b-04c2c7d1a9c9,old_only,excluded_vendor,active,fermob-bellevie-3-sitzer-club-sofa-mit-kissen,Fermob,Gartensofas
0c458bf5-654b-4d17-a101-2d18693e230e,old_only,excluded_product_type,active,cane-line-parasols-sunshade-sonnenschirm-antrazit,Cane-line,Sonnenschirme
0c50f74c-ff1e-466d-94db-de34cea97c1f,old_only,excluded_vendor,active,fermob-luxembourg-kid-tisch-76x55cm,Fermob,Gartentische
0c725a7f-6698-4b90-8d62-ca6e9706ae24,old_only,excluded_vendor,active,fermob-luxembourg-kid-stuhl,Fermob,Gartenstühle
0c87687d-7d77-4681-b61a-5e311aa34c15,old_only,excluded_vendor,active,fermob-bellevie-tisch-196x90cm,Fermob,Gartentische
0c8fa06a-ae39-417e-9679-3779f38e79e1,old_only,excluded_vendor,active,schaukelstuhl-surprising,Fermob,Sessel
0ca3e1b8-b5d2-45c9-a372-468209fd2fe3,old_only,excluded_vendor,active,fermob-gartensofa-bellevie-2-sitzer,Fermob,Gartensofas
0cafeee5-2c59-435b-aa5c-44ba9f8445f1,old_only,excluded_vendor,active,gartentisch-floreal,Fermob,Gartentische
0cb5ca81-3772-41b6-8496-6a193a5b0feb,old_only,excluded_vendor,active,brokis-deckenleuchte-memory-ceiling,Brokis,Deckenleuchten
0cc6504d-0ed3-48bd-86f7-c4eeb0a6b267,old_only,excluded_vendor,active,thonet-s32-pvh,Thonet,Stühle
0ccf62c8-fc6c-4055-b87a-47ca3ad0f660,old_only,excluded_product_type,active,warmflasche-calmo,Weich Alpaca,Accessoires
0cd16513-0209-455d-8885-31737b8945cf,old_only,excluded_vendor,active,fermob-caractere-tisch-90x190,Fermob,Gartentische
0cd35dcb-1d3b-4efb-a56e-9a16d5dde074,old_only,excluded_vendor,active,fermob-bellevie-zusammenstellung-3b,Fermob,Gartensofas
0ce73067-da0c-42f7-88e2-ec4ba708a7ae,old_only,excluded_vendor,active,fermob-bistro-tisch-117x117cm,Fermob,Gartentische
0cfeb5d4-0e78-481b-9531-7b6dac316d95,old_only,excluded_vendor,active,gartentisch-petale,Fermob,Gartentische
0d186c16-a3d5-42bd-bc3e-761c5e34bc7d,old_only,excluded_vendor,active,fermob-bebop-niedriger-tisch-120-x-70-x-29cm,Fermob,Beistelltische
0d19a3e1-4ff4-4383-bdca-acd0a4f8f96e,old_only,excluded_vendor,active,beistelltisch-cocotte-55x44,Fermob,Beistelltische
0d2051aa-aafe-42b3-a64f-44506c804d00,old_only,excluded_product_type,active,ethnicraft-bricks-wanddekoration-recyceltes-holz,Ethnicraft,Dekoration
0d2d8a6e-acf0-4afd-affc-26e74fffb71a,old_only,excluded_vendor,active,fermob-bellevie-barhocker,Fermob,Barstühle
0d321274-661f-467a-8eee-55ef1aa64675,old_only,excluded_vendor,active,fermob-bellevie-zusammenstellung-3b,Fermob,Gartensofas
0d368e4b-4e2d-41fb-9bd7-e6a1a7e672cd,old_only,excluded_vendor,active,fermob-bellevie-1-sitzer-modul-rechts,Fermob,Gartensofas
0d3f80e1-da91-4e6d-8f8b-5a145180b541,old_only,excluded_vendor,active,fermob-bellevie-sessel,Fermob,Sessel
0d4043f3-2966-4531-8b42-26b2b4e823c4,old_only,excluded_product_type,active,bordbar-pan-am-silber,Homestorys,Servierwagen
0d46521e-b00b-41cf-9af7-50fe3f02ec33,old_only,excluded_vendor,active,fermob-bellevie-2-sitzer-eckmodul-links,Fermob,Gartensofas
0d46973c-11cf-4ad1-ad14-2c3c80ea303f,old_only,excluded_vendor,active,fermob-luxembourg-niedriger-tisch-mit-rollen,Fermob,Couchtische
0d5092ec-cb38-497a-87b5-d2cc66936408,old_only,excluded_vendor,active,schaukelstuhl-surprising,Fermob,Sessel
0d50d48d-08c2-4ca0-b8ae-736fabe38d84,old_only,excluded_vendor,active,fermob-bellevie-zusammenstellung-3a,Fermob,Gartensofas
0d50ec48-60db-4f14-8f2e-da4d2128e49c,old_only,excluded_vendor,active,schaukelstuhl-surprising,Fermob,Sessel
0d55d5d6-2f48-482d-a3c9-795454bcbf0c,old_only,excluded_vendor,active,fermob-1900-cabriolet-sessel,Fermob,Sessel
0d7a8fcb-acfd-481c-a6eb-ce6b601b9fc4,old_only,excluded_vendor,active,umbrosa-sonnenschirm-spectra-straight,Umbrosa,Sonnenschirme
0d8a590b-78af-434f-ab23-54b96f61f427,old_only,excluded_vendor,active,fermob-bellevie-2-sitzer-polsterhocker,Fermob,Sitzbänke
0d927fe7-6f1e-49ba-a216-aa357bfc161f,old_only,excluded_vendor,active,ofyr-accessoires-buffado-set,Ofyr,Accessoires
0d9418c5-efad-404b-9770-55f2eb7fa018,old_only,excluded_vendor,active,fermob-luxembourg-hoher-tisch,Fermob,Gartentische
0d9dc60d-8569-45ba-866d-92efb6f064be,old_only,excluded_vendor,active,fermob-rolltisch-guinguette,Fermob,Servierwagen
0d9f5436-c592-4106-914f-f6a6faba616b,old_only,excluded_product_type,active,geschenkgutschein,Homestorys,Geschenkgutscheine
0da3a0e4-4c3f-423a-81e4-99c15600df4f,old_only,excluded_vendor,active,fermob-stuhl-surprising,Fermob,Gartenstühle
0da4174a-c348-4d86-a834-097750930cdd,old_only,excluded_vendor,active,fermob-bellevie-halbhoher-tisch-74x80cm,Fermob,Gartentische
0db16a15-aee4-43b5-a039-6860a3da3e8d,old_only,excluded_vendor,active,fermob-luxembourg-barstuhl,Fermob,Barstühle
0dbe4760-7a7f-42e1-adc7-dc89a8930039,old_only,excluded_vendor,active,fermob-bellevie-2-sitzer-eckmodul-links,Fermob,Gartensofas
0dc1a4d4-7d83-4c7c-848b-433886403648,old_only,excluded_vendor,active,fermob-bellevie-halbhoher-tisch-140x80cm,Fermob,Gartentische
0dc743aa-26b4-4564-987e-cac15801f473,old_only,excluded_vendor,active,umbrosa-sonnenschirm-spectra,Umbrosa,Sonnenschirme
0dc81ad7-ce87-4d6e-9fa6-256a2d98ed81,old_only,excluded_vendor,active,glasskerze-led-candle-rechargeable,Piffany,Kerzen
0dd01ff6-ead1-4ddb-b8ad-bd501e96d1b3,old_only,excluded_vendor,active,fermob-bistro-tisch-97x57cm,Fermob,Gartentische
0def6103-4459-44de-a117-a15b809d333a,old_only,excluded_vendor,active,fermob-bellevie-sessel-fur-den-essbereich,Fermob,Gartenstühle
0dfa3796-683b-4b67-9fcd-3cca3d4f6a0e,old_only,excluded_vendor,active,fermob-bellevie-zusammenstellung-3a,Fermob,Gartensofas
0dfb8443-0944-40e2-8773-f50a9017bcda,old_only,excluded_vendor,active,fermob-luxembourg-tisch-mit-4-fusse-80x80,Fermob,Gartentische
0dfeeff4-e2d9-4825-9f96-bcb4f903e687,old_only,excluded_vendor,active,fermob-bellevie-2-sitzer-polsterhocker,Fermob,Sitzbänke
0e12d299-3ffc-45c9-8756-b1018da44e1b,old_only,excluded_vendor,active,extremis-gartentisch-pantagruel,Extremis,Gartentische
0e186cb0-4429-45a8-a834-d824b251afd5,old_only,excluded_vendor,active,fermob-bistro-tisch-d96,Fermob,Gartentische
0e27b3e4-7efb-4fdd-90a2-0587737d15a0,old_only,excluded_vendor,active,gartentisch-costa-ausziehbar,Fermob,Gartentische
0e3096dd-3150-4207-acfc-29cc4d22c89a,old_only,excluded_vendor,active,fermob-gartensofa-bellevie-2-sitzer,Fermob,Gartensofas
0e414e1c-3add-4e1e-8529-25c21298d112,old_only,excluded_vendor,active,fermob-bistro-tisch-d77,Fermob,Gartentische
0e55a0a8-3c39-49c4-b56d-11391d17b377,old_only,excluded_vendor,active,fermob-gartensofa-bellevie-2-sitzer,Fermob,Gartensofas
0e587345-9622-43b3-a22e-a9d9ecefdcbb,old_only,excluded_vendor,active,fermob-1900-cabriolet-sessel,Fermob,Sessel
0e712339-802c-4b34-b7b1-daa5e05c355e,old_only,excluded_vendor,active,fermob-luxembourg-tisch-80x80cm,Fermob,Gartentische
0e7e0ff0-b4ec-4f80-a96e-b08ad5bd81c6,old_only,excluded_vendor,active,ofyr-mise-en-place-table-pro,Ofyr,Küchen
0e7ee0e9-42f4-4c70-9e26-f1557b431923,old_only,excluded_vendor,active,fermob-schaukelstuhl-luxembourg,Fermob,Sessel
0e8132d2-a476-4653-b6b7-a6a8cf47f1cb,old_only,excluded_vendor,active,fermob-bellevie-2-sitzer-modul-rechts,Fermob,Gartensofas
0e86f6b0-7515-4026-9fe7-676ade2a60fd,old_only,excluded_vendor,active,fermob-bellevie-zusammenstellung-2b,Fermob,Gartensofas
0e9c7470-49c9-4563-9c0b-347f3d370fcd,old_only,excluded_vendor,active,wandlampe-memory-wall,Brokis,Wandleuchten
0ed220a8-b0db-46af-b8c0-929465ec0c2d,old_only,excluded_vendor,active,fermob-bellevie-tisch-196x90cm,Fermob,Gartentische
0ee3f7db-010c-4e21-b6c7-26a7e1a45fbf,old_only,excluded_vendor,active,fermob-luxembourg-tisch-mit-4-fusse-80x80,Fermob,Gartentische
0f244ee1-80ac-4106-aff0-d2728c61ee5e,old_only,excluded_vendor,active,fermob-bellevie-zusammenstellung-1b,Fermob,Gartensofas
0f246d04-29bb-4378-903d-34f78faff960,old_only,excluded_vendor,active,fermob-bellevie-2-sitzer-modul-rechts,Fermob,Gartensofas
0f4d23f4-e5e9-48ff-b539-18fdec52a282,old_only,excluded_vendor,active,fermob-luxembourg-doppelter-sessel,Fermob,Sessel
0f5383c9-b856-435c-b209-7e12920b5645,old_only,excluded_vendor,active,fermob-1900-cabriolet-sessel,Fermob,Sessel
0f59d9a6-77f1-4333-8a89-e9330203e973,old_only,excluded_vendor,active,fermob-bellevie-stuhl-v2,Fermob,Gartenstühle
0f5cdb24-0a92-4845-9f6d-cb8b2cfc72ff,old_only,excluded_vendor,active,fermob-bellevie-2-sitzer-modul-links,Fermob,Gartensofas
0f7050ab-29fc-442e-a67a-8027b12a672f,old_only,excluded_vendor,active,fermob-schaukelstuhl-luxembourg,Fermob,Sessel
0f87790c-8b07-4a30-99ec-70050d1ae7c5,old_only,excluded_vendor,active,gubi-esstischstuhl-beetle-gepolstert,Gubi,Stühle
0f8f19fa-ad7c-414c-a1ed-7829cac37b10,old_only,excluded_vendor,active,fermob-bistrostuhl-naturel,Fermob,Gartenstühle
0fa06bad-87f6-4be3-97ec-877af1726b86,old_only,excluded_vendor,active,fermob-lorette-bridge,Fermob,Gartenstühle
0fcc5208-936f-4a50-9dd3-281021e78258,old_only,excluded_vendor,active,gartentisch-ribamelle,Fermob,Gartentische
0fcf5cee-12fe-4581-afb7-99ddda1862f1,old_only,excluded_vendor,active,sonnenschirm-versa-ux-300x300-80,Umbrosa,Sonnenschirme
0fd412d2-ca39-475d-9383-9a8dac821d26,old_only,excluded_vendor,active,fermob-bellevie-sessel-fur-den-essbereich,Fermob,Gartenstühle
1000945e-6f5a-4064-b680-7a6c7de85203,old_only,excluded_product_type,active,tasche-mini-glory-shopper,Natures Collection,Accessoires
103a2333-ef4d-4cc0-8c48-03e3cb29382a,old_only,excluded_vendor,active,fermob-kleiner-niedriger-bestelltisch,Fermob,Beistelltische
10451426-325f-4f12-bdb9-c65b3e60a321,old_only,excluded_vendor,active,brokis-stehlampe-ballons-pc857,Brokis,Stehlampen
10459f29-7ace-4072-a7f3-d28ec8c34a9f,old_only,excluded_vendor,active,fermob-bellevie-3-sitzer,Fermob,Gartensofas
104ea4d5-9e9d-4271-ac00-d82de6dc32de,old_only,excluded_vendor,active,fermob-bank-louisiana-150cm,Fermob,Sitzbänke
1062b4f5-38fa-4373-9da8-48be27798e7c,old_only,excluded_vendor,active,fermob-bistro-tisch-117x117cm,Fermob,Gartentische
1069eb8b-1feb-4413-bff1-50031ae7c63a,old_only,excluded_vendor,active,fermob-bellevie-2-sitzer-club-sofa-mit-kissen,Fermob,Gartensofas
106fb7a1-0232-41ce-a886-ef2c70832fc1,old_only,excluded_vendor,active,extremis-gartentisch-pantagruel-picnic,Extremis,Gartentische
107c8720-b37e-4d70-aa7e-03da68776d8b,old_only,excluded_vendor,active,kerze-pillar-shoulder-led-uyuni-ivory-o7-8-x-10cm,Piffany,Kerzen
1090f087-c682-4cc9-b261-46a0e97c75c1,old_only,excluded_vendor,active,fermob-gartensofa-bellevie-2-sitzer,Fermob,Gartensofas
109b0439-c36c-4477-92f5-e3d9aa4ea816,old_only,excluded_vendor,active,fermob-basket-blumenkasten-hoch,Fermob,Topf
109cab07-9086-44bf-8cdb-92227bf152fe,old_only,excluded_vendor,active,fermob-1900-tisch-d117,Fermob,Gartentische
109e24ec-16d2-4977-9d66-7808b97a4c0c,old_only,excluded_vendor,active,fermob-1900-tisch-d96,Fermob,Gartentische
10b37c67-2c35-45a3-95ed-0db6492e6422,old_only,excluded_vendor,active,kerzen-ladestation,Piffany,Accessoires
10bc1f0c-9742-4976-a6d0-8f24f16ce6f4,old_only,excluded_vendor,active,gartentisch-petale-kopie,Fermob,Gartentische
10be6b8d-f73a-46b5-b9a9-dbd451e5f651,old_only,excluded_product_type,active,scapa-handgestrickte-decke-lulu,Scapa,Dekoration
10d162f4-b5cb-4d09-94c4-4e93141798d9,old_only,excluded_vendor,active,fermob-bellevie-2-sitzer-club-sofa-mit-kissen,Fermob,Gartensofas
10de7cf4-17d9-4ecb-a2a0-274a3bf34cdf,old_only,excluded_vendor,active,fermob-luxembourg-barstuhl-1,Fermob,Barstühle
111d8561-b41b-4204-a249-9b575365e7b5,old_only,excluded_vendor,active,fermob-bellevie-sessel-fur-den-essbereich,Fermob,Gartenstühle
1126d952-9cd1-48bd-b5b9-71e9b62656cb,old_only,excluded_vendor,active,piffany-mr-wattson-original-tischlampe-chiltern-green,Piffany,Tischlampen
113da902-0cf1-4e8f-8d36-1f07e7f94921,old_only,excluded_vendor,active,gartentisch-romane-rund,Fermob,Gartentische
114084f5-8e48-4869-8fbe-0c64dfb81ec5,old_only,excluded_vendor,active,fermob-luxembourg-hoher-tisch,Fermob,Gartentische
114ebbf5-b4da-43b7-a740-6853d321d5e2,old_only,excluded_product_type,active,handytasche-gwen-phonebag,Natures Collection,Accessoires
11566912-5d4e-49c3-810d-ce5e0e9eae6d,old_only,excluded_vendor,active,fermob-luxembourg-kid-stuhl,Fermob,Gartenstühle
1158766d-76e6-45f0-a27a-5110744c057a,old_only,excluded_vendor,active,extremis-gartentisch-pantagruel,Extremis,Gartentische
117b0f6a-948d-4159-af86-ac2a6f5ceb85,old_only,excluded_vendor,active,fermob-tisch-luxembourg,Fermob,Gartentische
117c22d0-4162-444e-b62f-3cd9406b7985,old_only,excluded_vendor,active,gartentisch-romane-rund,Fermob,Gartentische
117cd385-f276-402c-90cd-fac522c50f49,old_only,excluded_vendor,active,thonet-b97-a,Thonet,Beistelltische
118089db-2e44-47d1-836c-6c985a0f2274,old_only,excluded_vendor,active,fermob-bistro-barstuhl,Fermob,Barstühle
11833e44-34c7-46cc-8715-8531270c79f0,old_only,excluded_vendor,active,fermob-bellevie-2-sitzer-modul-links,Fermob,Gartensofas
11a1e268-fc17-4797-abd2-d1b7d4f58f0b,old_only,excluded_vendor,active,fermob-cocotte-basse,Fermob,Beistelltische
11a78f92-e5a2-48c5-9ac1-aaae872c0667,old_only,excluded_vendor,active,fermob-rolltisch-guinguette,Fermob,Servierwagen
11ae3f92-5572-48a1-981e-cb7181eda783,old_only,excluded_vendor,active,fermob-luxembourg-kid-bank,Fermob,Sitzbänke
11cced1d-e29a-457e-852a-e6acf24b1a66,old_only,excluded_vendor,active,fermob-bellevie-3-sitzer,Fermob,Gartensofas
11cd08f7-d248-4943-bef1-a15ad5a637b5,old_only,excluded_vendor,active,fermob-bistrotisch-d117,Fermob,Gartentische
11e025da-b9d1-4983-bbf3-a1accfb25e1e,old_only,excluded_vendor,active,fermob-bellevie-1-sitzer-modul-links,Fermob,Gartensofas
12004c61-4e54-4a09-9e01-ba526ccc2284,old_only,excluded_vendor,active,fermob-fusshocker-surprising,Fermob,Sessel
1202551a-98bf-4acb-bea5-0a388d36ff55,old_only,excluded_vendor,active,fermob-gartensofa-bellevie-2-sitzer,Fermob,Gartensofas
120c7b34-7a1a-4143-af73-d50903d661e5,old_only,excluded_vendor,active,fermob-bellevie-2-sitzer-eckmodul-rechts,Fermob,Gartensofas
121e4caa-cf99-431a-9a1a-f42e1327d4dc,old_only,excluded_vendor,active,fermob-bellevie-barhocker,Fermob,Barstühle
122ddaa8-a65e-4474-be37-72d81f036263,old_only,excluded_vendor,active,gubi-hangelampe-1965-pendant,Gubi,Hängeleuchten
123013db-9209-44f0-8968-85a8c5cd2e38,old_only,excluded_vendor,active,fermob-bellevie-zusammenstellung-2b,Fermob,Gartensofas
125023e9-f1ee-412c-ab78-51dd50cc1181,old_only,excluded_vendor,active,fermob-bank-bellevie,Fermob,Sitzbänke
125e4a79-c872-443b-bc5a-a284a741fbe1,old_only,excluded_vendor,active,brokis-stehlampe-ballons-pc858,Brokis,Stehlampen
126299b2-5f1a-4d3d-8edb-cc36a61bbbca,old_only,excluded_vendor,active,fermob-bellevie-2-sitzer-eckmodul-links,Fermob,Gartensofas
126b9098-0013-48cb-9674-eb93de604c41,old_only,excluded_vendor,active,gubi-esstischstuhl-beetle,Gubi,Stühle
126ba655-e849-417b-9b1e-46b5c9c9cc08,old_only,excluded_vendor,active,fermob-bellevie-2-sitzer-club-sofa-mit-kissen,Fermob,Gartensofas
1275f406-9e7f-4eca-85bd-0bb4855477c9,old_only,excluded_vendor,active,fermob-bellevie-zusammenstellung-2b,Fermob,Gartensofas
1276548e-e4eb-4bfb-8e00-d10834df15fe,old_only,excluded_vendor,active,umbrosa-sonnenschirm-spectra,Umbrosa,Sonnenschirme
127827aa-260c-4d2b-96b5-17cb77bca5cc,old_only,excluded_vendor,active,fernbedienung-uyuni-oval-black,Piffany,Accessoires
12992961-be6b-4dbb-ada5-be1eb74cd173,old_only,excluded_vendor,active,fermob-bellevie-1-sitzer-modul-rechts,Fermob,Gartensofas
12a5a0ca-6095-45d2-ac96-dcbbf767da96,old_only,excluded_vendor,active,fermob-luxembourg-bank-3-4-sitzer,Fermob,Sitzbänke
12a73afd-c931-42ec-b3b2-4668a836c1fa,old_only,excluded_vendor,active,fermob-bellevie-2-sitzer-modul-rechts,Fermob,Gartensofas
12aba1d6-9fb3-4295-b98d-5dc9aa737693,old_only,excluded_vendor,active,fermob-luxembourg-gueridon-haut-80x80cm,Fermob,Bartische
12b06758-6017-4e68-8aaf-e11c76e1ad23,old_only,excluded_vendor,active,fermob-bellevie-2-sitzer-polsterhocker,Fermob,Sitzbänke
12b0bb70-ec1a-4a45-8880-fc2c36df0253,old_only,excluded_vendor,active,fermob-bistro-barstuhl,Fermob,Barstühle
12bba41f-d9cd-46de-920f-d4753096888d,old_only,excluded_vendor,active,fermob-bellevie-zusammenstellung-2a-1,Fermob,Gartensofas
12cca7cd-1cb4-4632-ab36-997887047a1a,old_only,excluded_vendor,active,fermob-bellevie-2-sitzer-club-sofa-mit-kissen,Fermob,Gartensofas
12d63b20-01e8-4c0f-b6a4-565b203ec0b5,old_only,excluded_vendor,active,extremis-gartentisch-hopper-picnic-aa,Extremis,Gartentische
1314ac64-641f-407d-b4e6-000155af3846,old_only,excluded_vendor,active,fermob-bellevie-2-sitzer-polsterhocker,Fermob,Sitzbänke
132fa958-f1f3-4440-a617-f00e04bc3c90,old_only,excluded_vendor,active,fermob-1900-bank,Fermob,Sitzbänke
1338420c-0732-4968-8213-bbd5e3b6d2c4,old_only,excluded_vendor,active,fermob-bellevie-stuhl-v2,Fermob,Gartenstühle
1344b870-38cd-4b2e-819a-84d0b21edf20,old_only,excluded_vendor,active,fermob-caractere-tisch-128x128cm,Fermob,Gartentische
135153cf-563b-4b1f-8f27-62c654fbd7b6,old_only,excluded_vendor,active,fermob-bellevie-2-sitzer-eckmodul-links,Fermob,Gartensofas
135a04dd-3573-4208-b6ee-cc6eb960735f,old_only,excluded_vendor,active,storage-insert-pro-door,Ofyr,Holzlagerung
135ae1a0-e083-4311-bbd9-ad228614f785,old_only,excluded_vendor,active,fermob-bistro-tisch-97x57cm,Fermob,Gartentische
13618edf-34a8-4af6-8d36-9f0026e4bc6b,old_only,excluded_product_type,active,manutti-schutzhulle-torsa-runder-esstisch-148,Manutti,Abdeckungen
13623078-d1dd-4b8c-a0cb-2b2c540f0f31,old_only,excluded_vendor,active,gartentisch-floreal,Fermob,Gartentische
13690e60-3679-4678-a3de-34175c80be92,old_only,excluded_vendor,active,umbrosa-spectra-straight-alu,Umbrosa,Sonnenschirme
136a697b-5145-40de-b59e-e5aeadf8b26b,old_only,excluded_vendor,active,fermob-luxembourg-gueridon-haut-80x80cm,Fermob,Bartische
136f2fe8-0ce2-477f-bf4f-e6803c7f9259,old_only,excluded_vendor,active,fermob-bellevie-1-sitzer-modul-mitte,Fermob,Gartensofas
137a0aea-8cd3-4a8e-a0d8-5787cafe3dd0,old_only,excluded_vendor,active,armlehnstuhl-studie,Fermob,Gartenstühle
13aed109-65cb-4f09-811a-a6ab5d989e79,old_only,excluded_vendor,active,fermob-bellevie-zusammenstellung-1b,Fermob,Gartensofas
13ba185b-798d-4adc-8cc9-bfb048499a76,old_only,excluded_vendor,active,fermob-bellevie-3-sitzer-club-sofa-mit-kissen,Fermob,Gartensofas
13bc2a08-08cb-418e-873d-d2ce1baad99a,old_only,excluded_vendor,active,windlicht-uyuni-led,Piffany,Kerzen
13c96e4d-0819-4c37-98c9-805d74ac18dc,old_only,excluded_vendor,active,fermob-bellevie-zusammenstellung-1b,Fermob,Gartensofas
13cd1a06-3f7f-4980-8ac5-8969611042b8,old_only,excluded_vendor,active,fermob-bellevie-2-sitzer-eckmodul-rechts,Fermob,Gartensofas
13da4bba-9da6-4332-8aab-8bcff741933c,old_only,excluded_vendor,active,fermob-bellevie-2-sitzer-eckmodul-rechts,Fermob,Gartensofas
13e67edf-a94f-4601-9206-e489a64517da,old_only,excluded_vendor,active,gartentisch-flower-kopie,Fermob,Gartentische
13ea4663-3dfd-41b3-a4dc-1a1ada4699ec,old_only,excluded_vendor,active,fermob-bellevie-zusammenstellung-2b,Fermob,Gartensofas
13eb4fbe-6593-4f32-a66e-c56c27892dc5,old_only,excluded_vendor,active,fermob-luxembourg-niedriger-tisch-mit-rollen,Fermob,Couchtische
13fe145a-a74b-4c3d-be63-6333c609633f,old_only,excluded_vendor,active,fermob-bellevie-1-sitzer-polsterhocker,Fermob,Hocker
1408c975-9dae-449e-925e-6dc3d58c59f9,old_only,excluded_vendor,active,fermob-bellevie-zusammenstellung-2b,Fermob,Gartensofas
1419d4b0-784a-47ad-a556-e9ceba11081f,old_only,excluded_vendor,active,fermob-bellevie-1-sitzer-modul-links,Fermob,Gartensofas
14238fed-08c6-4304-9e8f-2fb4ad6017df,old_only,excluded_vendor,active,fermob-bellevie-1-sitzer-polsterhocker,Fermob,Hocker
1438b6fe-2245-47f9-aca7-ea118b22d407,old_only,excluded_vendor,active,gartentisch-craft-kopie,Fermob,Gartentische
143f7654-ce97-473e-b1c5-582eee7f7831,old_only,excluded_product_type,active,scapa-kissenbezug-aberdeen,Scapa,Dekoration
1441cd18-8fa2-4e3b-9046-af9543f5129d,old_only,excluded_vendor,active,fermob-luxembourg-gueridon-haut-80x80cm,Fermob,Bartische
1442e225-7f4a-43e5-a4a1-7d7efe8aa12b,old_only,excluded_vendor,active,gartentisch-romane-rund,Fermob,Gartentische
144599ed-086f-4c9c-95c7-2e37e735d795,old_only,excluded_vendor,active,fermob-luxembourg-barstuhl,Fermob,Barstühle
1449a37f-2ff3-4c3e-aa2b-c59a04fdf938,old_only,excluded_vendor,active,fermob-bellevie-2-sitzer-club-sofa-mit-kissen,Fermob,Gartensofas
144ec75c-c21f-448d-8d61-57251e46ff89,old_only,excluded_vendor,active,fermob-gartensofa-bellevie-2-sitzer,Fermob,Gartensofas
14583283-2b9f-44a0-96b4-3eaa01df3b31,old_only,excluded_product_type,active,tribu-schutzhullen,Tribù,Abdeckungen
1465222b-7039-4c7a-87b3-10c33061d31f,old_only,excluded_vendor,active,fermob-luxembourg-gueridon-haut-80x80cm,Fermob,Bartische
1469368c-f290-4d6b-979d-88512aafab8b,old_only,excluded_vendor,active,fermob-bellevie-1-sitzer-modul-rechts,Fermob,Gartensofas
1484bc4f-10cf-4bcf-9a6a-1dfee6ccb13d,old_only,excluded_vendor,active,umbrosa-sonnenschirm-spectra-straight,Umbrosa,Sonnenschirme
14a0c3d6-6b90-48ff-9599-6359c1c01d68,old_only,excluded_vendor,active,fermob-luxembourg-barstuhl,Fermob,Barstühle
14a63a58-8c5e-490a-a831-8edc9976d010,old_only,excluded_vendor,active,fermob-stuhl-surprising,Fermob,Gartenstühle
14b4599f-904f-4af8-a1cd-eb2c3c4eb786,old_only,excluded_vendor,active,fermob-bistro-tisch-d60,Fermob,Gartentische
14bcf4e3-c262-4d45-a81a-900752fb8598,old_only,excluded_vendor,active,fermob-bellevie-2-sitzer-club-sofa-mit-kissen,Fermob,Gartensofas
14bd3b4b-826a-49f2-970a-8bb333b4170a,old_only,excluded_vendor,active,fermob-bellevie-zusammenstellung-2a-1,Fermob,Gartensofas
14c9ceda-c7e0-49c9-8819-e555fd4cb5e9,old_only,excluded_vendor,active,fermob-bellevie-zusammenstellung-2a-1,Fermob,Gartensofas
14dd1360-b85e-485d-9e49-7fc04817953c,old_only,excluded_vendor,active,fermob-tisch-bellevie,Fermob,Gartentische
14e58a9d-9611-472e-a1aa-3ec946be3a45,old_only,excluded_vendor,active,gartentisch-romane,Fermob,Gartentische
14eb86a8-104d-46d8-a7fa-5f8a38628654,old_only,excluded_vendor,active,fermob-cocotte-beistelltisch,Fermob,Beistelltische
14ebd096-c330-4f6d-a016-925d59e12ebc,old_only,excluded_product_type,active,tribu-eclipse-aluminium-sonnenschirm,Tribù,Sonnenschirme
150216ae-d4af-4d5f-9631-f1d0511115cc,old_only,excluded_vendor,active,fermob-bellevie-sessel,Fermob,Sessel
1524eec0-3209-4613-8a3d-1df99a8282c5,old_only,excluded_vendor,active,fermob-bistro-tisch-d77,Fermob,Gartentische
15254372-89b0-43bd-a6bd-ca4bdcd46ab7,old_only,excluded_vendor,active,gubi-epic-dining-table-rund-130cm,Gubi,Esstische
15268eee-cdfe-43b1-80e8-406f739af6c3,old_only,excluded_vendor,active,fermob-bellevie-zusammenstellung-3a,Fermob,Gartensofas
152e8223-4b97-43ac-a13e-46327a02d118,old_only,excluded_vendor,active,fermob-bellevie-1-sitzer-modul-mitte,Fermob,Gartensofas
15329001-1b27-48a3-b759-e51bf96d7079,old_only,excluded_vendor,active,fermob-bistro-tisch-71x71cm,Fermob,Gartentische
15382be5-a0e2-41ba-86a7-788fa2083807,old_only,excluded_vendor,active,fermob-alize-deporte,Fermob,Beistelltische
15469fc1-aba0-4ba3-bf22-afa0c17764cf,old_only,excluded_vendor,active,fermob-bellevie-2-sitzer-modul-links,Fermob,Gartensofas
155ffbf4-b258-4a1d-a321-465e8d83969f,old_only,excluded_product_type,active,tribu-schutzhullen,Tribù,Abdeckungen
156149e9-5672-4e75-833e-a5e75806a840,old_only,excluded_vendor,active,fermob-bellevie-2-sitzer-eckmodul-rechts,Fermob,Gartensofas
15652102-a77f-469d-b777-c777c28c7a0b,old_only,excluded_vendor,active,fermob-bellevie-1-sitzer-modul-mitte,Fermob,Gartensofas
156b4750-35be-476c-a852-f3dbae984634,old_only,excluded_vendor,active,fermob-luxembourg-barstuhl,Fermob,Barstühle
156f926c-7182-43fe-8518-9bf821d316b7,old_only,excluded_vendor,active,fermob-bellevie-1-sitzer-modul-mitte,Fermob,Gartensofas
158002e9-241f-4b0c-a404-53d6d3f43641,old_only,excluded_vendor,active,fermob-bellevie-hoher-tisch-140x80cm,Fermob,Bartische
159308ec-941b-4367-b6ca-c7b43694c49c,old_only,excluded_vendor,active,gubi-stemlite-stehlampe,Gubi,Stehlampen
15990143-c3d7-4f5f-898b-6e313b0f3cc1,old_only,excluded_vendor,active,fermob-bellevie-zusammenstellung-1a,Fermob,Gartensofas
15a1671f-d5de-456c-9f1f-ccfe6dcf1ff7,old_only,excluded_vendor,active,fermob-bistro-balkontisch,Fermob,Gartentische
15be429f-0459-484f-bcd9-1f22741c3ab8,old_only,excluded_vendor,active,fermob-bellevie-1-sitzer-polsterhocker,Fermob,Hocker
15c2dea2-8295-4251-952d-e81eb170b98d,old_only,excluded_vendor,active,brokis-stehlampe-balloons-pc856,Brokis,Stehlampen
15d1d02e-7bd6-4fc6-86c0-bf687c652ae5,old_only,excluded_vendor,active,fermob-tiefer-sessel-luxembourg,Fermob,Sessel
15e46433-6026-42e6-8fb8-7b92dabb3bf4,old_only,excluded_product_type,active,cane-line-laterne-lighthouse-teak,Cane-line,Laternen
15e8a5dc-e6f5-4c1d-b270-2ed9a3a28bc3,old_only,excluded_vendor,active,brokis-deckenleuchte-memory-ceiling,Brokis,Deckenleuchten
15f06168-8bca-4a77-bcfe-c5fa3a9364e4,old_only,excluded_vendor,active,fermob-basket-blumenkasten-lang,Fermob,Topf
15fb14b4-5ee5-42de-a2a0-5ea42578c0a3,old_only,excluded_vendor,active,fermob-bellevie-zusammenstellung-2a-1,Fermob,Gartensofas
161369a4-519d-493f-bd36-66bdea282ff1,old_only,excluded_vendor,active,fermob-schaukelstuhl-luxembourg,Fermob,Sessel
16273380-8da5-495e-95d6-96fb77061c2c,old_only,excluded_vendor,active,fermob-bellevie-2-sitzer-modul-links,Fermob,Gartensofas
1645e9c1-a94b-4b2d-8779-9d6f9a430258,old_only,excluded_vendor,active,fermob-luxembourg-lounge-stuhl,Fermob,Sessel
16551ec0-0afc-4fdc-a631-be45cd4f7fd0,old_only,excluded_vendor,active,fermob-bellevie-2-sitzer-modul-mitte,Fermob,Gartensofas
1660c4ff-d822-4821-a1ed-86059d3e16f0,old_only,excluded_vendor,active,fermob-bellevie-1-sitzer-modul-links,Fermob,Gartensofas
1669cedf-7bf3-48ef-a97e-95e3038988ab,old_only,excluded_vendor,active,fermob-bank-bellevie,Fermob,Sitzbänke
1673675c-d007-4bf8-8839-91cc8eb252c9,old_only,excluded_vendor,active,brokis-deckenleuchte-memory-ceiling,Brokis,Deckenleuchten
1676b718-4290-4532-89e2-9645e3a1318b,old_only,excluded_vendor,active,fermob-bellevie-2-sitzer-polsterhocker,Fermob,Sitzbänke
1691a4de-909d-410e-9e7f-eac90d385a45,old_only,excluded_product_type,active,tasche-mini-glory-shopper,Natures Collection,Accessoires
169add4e-0980-4766-8212-e1f80b91a26f,old_only,excluded_vendor,active,fermob-armlehnstuhl-studie,Fermob,Stühle
16bd8750-d3ba-4564-a1ae-ff6871f48440,old_only,excluded_vendor,active,fermob-bellevie-sessel,Fermob,Sessel
16beb572-8280-4ee3-82ac-4911de826d40,old_only,excluded_vendor,active,fermob-calvi-tisch-140-x-140-cm,Fermob,Gartentische
16ce2f36-1560-4652-9de5-7997ebfafcbd,old_only,excluded_vendor,active,fermob-stuhl-surprising,Fermob,Gartenstühle
16fb0ecf-88c0-4c21-8bcf-5320bf8823cc,old_only,excluded_vendor,active,fermob-luxembourg-tisch-mit-4-fusse-80x80,Fermob,Gartentische
170193fe-a656-4c6e-87a3-c3abd6abd518,old_only,excluded_vendor,active,fermob-bellevie-zusammenstellung-3a,Fermob,Gartensofas
1701cfee-6a0f-44f7-a039-1e738b3ad93b,old_only,excluded_vendor,active,fermob-1900-tisch-d96,Fermob,Gartentische
17077c33-e1be-47ad-9438-20c0d2b2b393,old_only,excluded_vendor,active,fermob-1900-tisch-d96,Fermob,Gartentische
17092dc8-dabc-46ff-9766-8ea4a7707542,old_only,excluded_product_type,active,natures-collection-man-slipper-double-face-sheepskin,Natures Collection,Dekoration
170da8cb-a7a1-444a-9090-8406400d5486,old_only,excluded_vendor,active,gartentisch-petale,Fermob,Gartentische
17118a33-bf02-4083-a8c0-74eac19aeccc,old_only,excluded_vendor,active,fermob-armlehnstuhl-studie,Fermob,Stühle
1717164c-93a0-4d66-9190-0d1b23f213ce,old_only,excluded_vendor,active,gartentisch-flower-kopie,Fermob,Gartentische
1719bcde-5a85-40d2-9cc7-598d8e2d22bf,old_only,excluded_vendor,active,fermob-bellevie-sessel,Fermob,Sessel
172100aa-e45b-427f-8ffa-93e02c411ed1,old_only,excluded_vendor,active,fermob-bellevie-1-sitzer-modul-links,Fermob,Gartensofas
1734aa81-95aa-4191-840d-d313840d6e89,old_only,excluded_vendor,active,fermob-luxembourg-tisch-80x80cm,Fermob,Gartentische
173b268a-fef0-4dfe-b8b3-f8dac6f4bc61,old_only,excluded_vendor,active,fermob-bellevie-zusammenstellung-3a,Fermob,Gartensofas
17489b4e-e466-4a8b-9f55-2d16b77dd9e1,old_only,excluded_product_type,active,tannenzapfen-clara,Sirius,Dekoration
177896ce-03f9-4464-a349-28d0f439a64e,old_only,excluded_vendor,active,fermob-bellevie-3-sitzer,Fermob,Gartensofas
177d15ca-c18f-43ec-a36b-166c6f5f85bb,old_only,excluded_vendor,active,fermob-niedriger-tisch-bellevie,Fermob,Couchtische
1797bbe1-da51-41e5-803e-eeee36cf679c,old_only,excluded_vendor,active,fermob-bistrostuhl-naturel,Fermob,Gartenstühle
17a25c81-e7e4-456b-aee9-da7a418f1896,old_only,excluded_vendor,active,fermob-bellevie-sessel,Fermob,Sessel
17ad9dd2-c398-4155-8908-70b57d67fc9e,old_only,excluded_vendor,active,wandlampe-memory-wall,Brokis,Wandleuchten
17b856e3-1212-4918-a96a-3ea79c01bbbb,old_only,excluded_vendor,active,fermob-alize-beistelltisch,Fermob,Beistelltische
17ba7b08-aed1-491b-8367-8a6441f06007,old_only,excluded_vendor,active,fermob-bellevie-zusammenstellung-2a-1,Fermob,Gartensofas
17d23258-5171-43ee-961e-d30513f33729,old_only,excluded_vendor,active,kerze-christmas-string-w1-3-x-h11-x-l83-cm,Piffany,Kerzen
17e4618c-a2a6-43ac-a484-b0b44dccc251,old_only,excluded_vendor,active,extremis-gartentisch-hopper-picnic-aa,Extremis,Gartentische
17e7b509-6526-49df-90ce-6a41be5a1a2f,old_only,excluded_vendor,active,fermob-luxembourg-bank-3-4-sitzer,Fermob,Sitzbänke
17eb7c08-3639-4208-8b1e-3c622ac18776,old_only,excluded_vendor,active,fermob-lorette-armlehnstuhl-problem-fauteuil-und-bridge,Fermob,Sitzbänke
17fd7952-2de3-4ea4-af75-ad580663691d,old_only,excluded_vendor,active,gartentisch-floreal,Fermob,Gartentische
180b1de5-6813-4b7a-9706-eccd85cd5fc6,old_only,excluded_vendor,active,piffany-mr-wattson-original-tischlampe-chiltern-green,Piffany,Tischlampen
1812478c-ceea-4320-b9e2-78e61c62441f,old_only,excluded_vendor,active,fermob-cocotte-basse,Fermob,Beistelltische
181299c2-6123-4055-afd0-cd769b692346,old_only,excluded_vendor,active,fermob-stuhl-studie,Fermob,Stühle
1812ca44-30db-4d2b-b04b-e61a83fb16da,old_only,excluded_vendor,active,lampe-bonbori-outdoor,Brokis,Stehlampen
183605dd-c979-42e3-95d3-c5e9dbe48cdc,old_only,excluded_vendor,active,fermob-bellevie-sessel,Fermob,Sessel
183d7be1-c083-401d-baf7-05fb33041653,old_only,excluded_product_type,active,ethnicraft-outdoor-schutzhuelle-rechteck-essgruppen,Ethnicraft,Abdeckungen
183e70c9-6f23-4c59-b50c-10db9d330dbc,old_only,excluded_vendor,active,fermob-bellevie-zusammenstellung-2a-1,Fermob,Gartensofas
184dfadf-3c17-44d6-a0aa-369506d7eb0d,old_only,excluded_product_type,active,tribu-eclipse-quadratischer-aluminium-sonnenschirm,Tribù,Sonnenschirme
185f01ac-4b87-4a99-b482-6406a461230d,old_only,excluded_vendor,active,thonet-s32-pv,Thonet,Stühle
187a6559-9fbf-4d02-bdf0-5f7aff2779d8,old_only,excluded_vendor,active,fermob-schaukelstuhl-luxembourg,Fermob,Sessel
188ba8d4-f977-479d-9d89-f6f947aff62f,old_only,excluded_vendor,active,umbrosa-sonnenschirm-spectra-straight,Umbrosa,Sonnenschirme
1892c7a3-5c68-4efc-b5f9-fec9883b82af,old_only,excluded_vendor,active,fermob-luxembourg-bank-3-4-sitzer,Fermob,Sitzbänke
189c928e-9688-413b-9483-5fa7abd0adfa,old_only,excluded_vendor,active,umbrosa-spectra-straight-alu,Umbrosa,Sonnenschirme
18ba64a6-998f-402c-bd4d-0191ceefd408,old_only,excluded_vendor,active,fermob-balad-lampe-h25,Fermob,Tischlampen
18ce6d86-42ff-4ac8-847f-7e5e08ae7fbb,old_only,excluded_vendor,active,fermob-alto-tablett-klein,Fermob,Tabletts
18def76e-d7bd-490c-a063-85dc5df79cd6,old_only,excluded_vendor,active,fermob-cocotte-beistelltisch,Fermob,Beistelltische
18dfcd86-4e7f-491a-9eee-6d3d7a789b8a,old_only,excluded_vendor,active,fermob-luxembourg-doppelter-sessel,Fermob,Sessel
18fd8d27-2937-45e7-b7d8-0c89eacabbfc,old_only,excluded_product_type,active,scapa-taita-mini-baskets-3er-set,Scapa,Dekoration
18fed04a-f1aa-47f7-9a40-1b479e1005cd,old_only,excluded_vendor,active,fermob-bistro-tisch-d96,Fermob,Gartentische
190346ee-629d-4721-bb90-62c735f94769,old_only,excluded_vendor,active,fermob-bellevie-sessel,Fermob,Sessel
190363e2-6af1-49f7-9345-8321909abd11,old_only,excluded_vendor,active,fermob-bellevie-zusammenstellung-3b,Fermob,Gartensofas
190cea2a-6e56-48be-ba1b-37e596c86a1c,old_only,excluded_product_type,active,manutti-schutzhulle-mood-lounge-table-100,Manutti,Abdeckungen
190e7432-de37-4aad-a257-7e5f4525d58c,old_only,excluded_vendor,active,fermob-bistro-tisch-d60,Fermob,Gartentische
190e7afe-da14-4cd2-a285-94cadb231d20,old_only,excluded_vendor,active,fermob-luxembourg-doppelter-sessel,Fermob,Sessel
19186dab-8e67-4947-ae76-3eba1022d3bc,old_only,excluded_vendor,active,fermob-bellevie-1-sitzer-modul-links,Fermob,Gartensofas
191f0ec5-3077-4cbb-978d-96fea5c89f49,old_only,excluded_vendor,active,kerze-pillar-rustic-led-uyuni-curry-yellow-o7-8-x-10-1cm,Piffany,Kerzen
1934b7c3-823a-4a39-bcc1-dedf9dd60ee2,old_only,excluded_vendor,active,fermob-bridge-luxembourg,Fermob,Gartenstühle
193cfbc9-c751-4ff1-b55c-b528e02a8a67,old_only,excluded_vendor,active,fermob-luxembourg-bridge-barstuhl,Fermob,Barstühle
1940ffdd-a84d-4081-8b4f-df8bc33d0ce6,old_only,excluded_product_type,active,cane-line-parasols-harbour-sonnenschirm,Cane-line,Sonnenschirme
19449aeb-3d85-4282-ba65-3d3c77c93d7d,old_only,excluded_vendor,active,gubi-esstischstuhl-beetle,Gubi,Stühle
194ec4e6-5810-4704-8d76-e3c158b0f615,old_only,excluded_vendor,active,gubi-bl1-tisch-lampe,Gubi,Tischlampen
194f6580-b454-4651-9ebe-3ad9dd40bdfb,old_only,excluded_vendor,active,fermob-calvi-tisch-160-x-80-cm,Fermob,Gartentische
19588c6e-d382-4048-944e-f2f9db900c3d,old_only,excluded_vendor,active,fermob-luxembourg-bank-3-4-sitzer,Fermob,Sitzbänke
19634062-7977-441e-88cf-5878b0c5bef7,old_only,excluded_vendor,active,fermob-lighting-mooon-lampe-h134cm,Fermob,Stehlampen
19634b3c-7355-4d5b-8608-11539aa261ef,old_only,excluded_vendor,active,gartentisch-ribamelle,Fermob,Gartentische
1963ad89-1a62-4d00-9d74-ec91736076f6,old_only,excluded_vendor,active,extremis-hopper-picnic-hellwood-300cm,Extremis,Gartentische
19690636-7d41-4aa2-bffd-79c0a6d4e461,old_only,excluded_vendor,active,fermob-bellevie-hoher-tisch-74x80cm,Fermob,Bartische
197c598f-09f3-4f9f-b874-a747477008e6,old_only,excluded_vendor,active,fermob-basket-blumenkasten-lang,Fermob,Topf
197f6ffa-a01a-4a6c-b32d-bfe554883664,old_only,excluded_vendor,active,fermob-bellevie-1-sitzer-modul-rechts,Fermob,Gartensofas
19807525-1589-41c9-b975-7803cc13ff51,old_only,excluded_vendor,active,fermob-bellevie-1-sitzer-modul-links,Fermob,Gartensofas
1982eead-3e4f-42ef-b81e-a1c689aa55d8,old_only,excluded_vendor,active,brokis-stehlampe-ballons-pc858,Brokis,Stehlampen
1986ea94-29ee-4016-ac4f-9cfce76e7ea3,old_only,excluded_vendor,active,fermob-bellevie-1-sitzer-modul-rechts,Fermob,Gartensofas
1987647f-2b60-4991-b880-75c936fe43b1,old_only,excluded_vendor,active,fermob-bellevie-2-sitzer-polsterhocker,Fermob,Sitzbänke
198e99d5-7119-498a-912e-7d91af55f865,old_only,excluded_product_type,active,scapa-pott-raja-walnut,Scapa,Dekoration
1994d01b-4ff5-4202-941c-acecfed9ef71,old_only,excluded_product_type,active,tribu-eclipse-quadratischer-aluminium-sonnenschirm,Tribù,Sonnenschirme
199ca0b6-5b29-4ce7-9454-2e04b5e08ab5,old_only,excluded_vendor,active,fermob-bellevie-3-sitzer,Fermob,Gartensofas
19b66039-81a1-4a8c-8b63-ee0622dfa15a,old_only,excluded_product_type,active,warmflasche-calmo,Weich Alpaca,Accessoires
19bf8fd2-54c1-447c-8778-bd953ebcfd12,old_only,excluded_vendor,active,fermob-calvi-tisch-140-x-140-cm,Fermob,Gartentische
19ccfd5d-ef38-406c-8cd8-b29bd3140200,old_only,excluded_vendor,active,fermob-bellevie-3-sitzer,Fermob,Gartensofas
19d2978b-be43-4394-8833-f396586d273d,old_only,excluded_vendor,active,fermob-bellevie-2-sitzer-modul-mitte,Fermob,Gartensofas
19ee77c3-1799-4cbf-a53b-78ad48e1c933,old_only,excluded_vendor,active,fermob-bellevie-zusammenstellung-2a-1,Fermob,Gartensofas
19ffcb1b-29f5-41a9-8259-29658603e820,old_only,excluded_vendor,active,fermob-bellevie-1-sitzer-modul-rechts,Fermob,Gartensofas
1a00ec06-8473-4cb3-9f30-54b69e6b308d,old_only,excluded_vendor,active,fermob-1900-tisch-d117,Fermob,Gartentische
1a0965d8-f9c8-4663-9ce4-04513d871617,old_only,excluded_vendor,active,fermob-1900-cabriolet-sessel,Fermob,Sessel
1a1b5560-3327-41b8-b3e1-9b50d60ca409,old_only,excluded_vendor,active,ofyr-tablo-gusseisen-topf-set,Ofyr,Grillzubehör
1a2fe46c-de02-4702-a2d3-bf9bd6b6fde7,old_only,excluded_vendor,active,fermob-balad-lampe-h38cm-bambus,Fermob,Tischlampen
1a391ff2-ab6a-48e3-a915-1e9200e3bb7f,old_only,excluded_vendor,active,ofyr-grill-classic,Ofyr,Grills
1a456139-648e-4d22-8b07-fbe16c4508c0,old_only,excluded_vendor,active,gartentisch-petale,Fermob,Gartentische
1a643d0b-84c2-439f-a49f-b1067ed3105d,old_only,excluded_vendor,active,gartentisch-romane,Fermob,Gartentische
1a6b3d72-70f9-40b6-b1c9-71f8be4c1fa0,old_only,excluded_vendor,active,fermob-bellevie-1-sitzer-modul-rechts,Fermob,Gartensofas
1a726f51-52a2-48f8-b7a6-5783362ce7a7,old_only,excluded_vendor,active,fermob-bellevie-2-sitzer-modul-links,Fermob,Gartensofas
1ab30f7a-90f5-4286-ad62-61776665b3d7,old_only,excluded_vendor,active,fermob-bellevie-1-sitzer-modul-mitte,Fermob,Gartensofas
1ab39123-6149-49ed-96ff-d456f22dc43a,old_only,excluded_vendor,active,fermob-bellevie-zusammenstellung-1a,Fermob,Gartensofas
1ade5da1-c76d-45df-bc28-96b733418591,old_only,excluded_vendor,active,fermob-bellevie-3-sitzer-club-sofa-mit-kissen,Fermob,Gartensofas
1aeadc1c-f97b-4891-a22a-1547db13582a,old_only,excluded_vendor,active,umbrosa-paraflex-wall-round-271,Umbrosa,Sonnenschirme
1afd3cae-bd63-4b46-bc0d-4c14756a1a79,old_only,excluded_vendor,active,fermob-1900-cabriolet-sessel,Fermob,Sessel
1afd77f1-7871-4860-a02e-df95f6ee63e6,old_only,excluded_vendor,active,fermob-week-lampe-balad,Fermob,Tischlampen
1b002cc9-6acd-4856-a0d9-f0306b74549d,old_only,excluded_vendor,active,fermob-luxembourg-lounge-stuhl,Fermob,Sessel
1b131486-11eb-47f7-b763-2f7d76308a23,old_only,excluded_vendor,active,fermob-luxembourg-hoher-tisch,Fermob,Gartentische
1b26aaeb-621f-4195-9af0-b0437f296067,old_only,excluded_vendor,active,fermob-bellevie-2-sitzer-modul-links,Fermob,Gartensofas
1b2f8147-a63e-475b-8270-012531ed9de9,old_only,excluded_product_type,active,ethnicraft-xl-schale-holz-handgefertigt,Ethnicraft,Dekoration
1b3036bb-6e38-4756-b50e-8846188ffc13,old_only,excluded_vendor,active,fermob-tablett-alto,Fermob,Tabletts
1b33ed9b-096d-4d9f-8be3-141245ac77cb,old_only,excluded_vendor,active,fermob-stuhl-luxembourg,Fermob,Gartenstühle
1b3d8716-36eb-4017-8af4-639b33be48e1,old_only,excluded_vendor,active,fermob-bellevie-1-sitzer-polsterhocker,Fermob,Hocker
1b4c3fdf-57f1-4117-b44a-726e8ce56fa1,old_only,excluded_vendor,active,brokis-stehlampe-balloons-pc856,Brokis,Stehlampen
1b51d7e4-c5b0-4caf-a8a3-9605be302a0c,old_only,excluded_vendor,active,gartentisch-romane,Fermob,Gartentische
1b53a674-7ac5-4c23-9aef-61353ab2693e,old_only,excluded_vendor,active,fermob-bellevie-zusammenstellung-1a,Fermob,Gartensofas
1b66a760-2867-4549-93c3-95d198b57c53,old_only,excluded_vendor,active,fermob-tisch-bellevie,Fermob,Gartentische
1ba07de4-e486-49ef-9a97-6e44083728b9,old_only,excluded_vendor,active,fermob-luxembourg-doppelter-sessel,Fermob,Sessel
1bad134e-f021-423e-a1fb-ff0a7d7e005d,old_only,excluded_vendor,active,brokis-deckenleuchte-memory-ceiling,Brokis,Deckenleuchten
1bb69d97-8c8d-4eab-a427-5cd0ba076450,old_only,excluded_product_type,active,cane-line-grow-pflanzengefass,Cane-line,Dekoration
1bbea3f7-0cf7-4be5-ac0a-08e2ebeec61a,old_only,excluded_vendor,active,fermob-bellevie-2-sitzer-modul-rechts,Fermob,Gartensofas
1bc2837b-7bd8-454b-ada5-bdbcc9f64fc0,old_only,excluded_vendor,active,fermob-bellevie-tisch-196x90cm,Fermob,Gartentische
1bc7620f-137a-4e7c-b8bd-dc23274297d7,old_only,excluded_vendor,active,gubi-grashoppa-stehleuchte,Gubi,Stehlampen
1bd0e5a9-e6a0-4d25-9a18-f8d31f9969ef,old_only,excluded_vendor,active,fermob-color-mix-kissen-44x30cm,Fermob,Sitzkissen
1bd5ac61-c612-4c7d-b619-806ff9c61219,old_only,excluded_vendor,active,fermob-luxembourg-kid-tisch-76x55cm,Fermob,Gartentische
1be4068e-1846-46ad-812d-07dcf463264a,old_only,excluded_vendor,active,fermob-luxembourg-bridge-barstuhl,Fermob,Barstühle
1be95b13-ab83-4642-a599-f469a3552d98,old_only,excluded_vendor,active,fermob-bellevie-zusammenstellung-1b,Fermob,Gartensofas
1beb4414-47b7-48a4-a3f1-dd41586323b8,old_only,excluded_vendor,active,fermob-bellevie-2-sitzer-eckmodul-links,Fermob,Gartensofas
1bee2999-08f6-4a11-8600-5f37950fce2b,old_only,excluded_vendor,active,gartentisch-ribamelle,Fermob,Gartentische
1bf44b9b-1b71-4cdf-acb6-5e2e1fae5e98,old_only,excluded_vendor,active,fermob-bellevie-3-sitzer-club-sofa-mit-kissen,Fermob,Gartensofas
1bfdf547-a1d4-460c-81c9-e33901a639d3,old_only,excluded_vendor,active,fermob-bellevie-zusammenstellung-1b,Fermob,Gartensofas
1bffa189-af60-478d-8562-4a4cdd50e1eb,old_only,excluded_vendor,active,fermob-alize-tiefer-sessel-tog-stereo,Fermob,Sessel
1c0b97e5-4ccd-4b0e-a4d4-81d9fa137d21,old_only,excluded_vendor,active,fermob-bistro-tisch-d96,Fermob,Gartentische
1c19e372-1cb4-430d-aa42-1e895cef187e,old_only,excluded_vendor,active,fermob-bellevie-2-sitzer-club-sofa-mit-kissen,Fermob,Gartensofas
1c1cdf45-4dae-4a00-8749-780f74c502b9,old_only,excluded_vendor,active,fermob-luxembourg-barstuhl,Fermob,Barstühle
1c2f7af8-22bc-4e38-b981-ce77d5d586a1,old_only,excluded_vendor,active,fermob-bellevie-1-sitzer-modul-links,Fermob,Gartensofas
1c4d72e9-550c-4fc7-a64c-5b0f44e2a2a1,old_only,excluded_vendor,active,fermob-bellevie-zusammenstellung-1b,Fermob,Gartensofas
1c59bbed-12b3-4bea-89ef-54626729cbd2,old_only,excluded_vendor,active,fermob-bellevie-1-sitzer-modul-rechts,Fermob,Gartensofas
1c7451e8-10f2-426d-8112-1f2be44322fc,old_only,excluded_vendor,active,fermob-bellevie-2-sitzer-polsterhocker,Fermob,Sitzbänke
1cc218de-bb3c-480e-899b-371584c01510,old_only,excluded_vendor,active,fermob-bellevie-zusammenstellung-2a-1,Fermob,Gartensofas
1cc50595-0e8d-47ad-94e0-160533aa9fe7,old_only,excluded_vendor,active,fermob-bellevie-1-sitzer-polsterhocker,Fermob,Hocker
1cd3277c-c789-4c78-808a-e1e4a3746606,old_only,excluded_vendor,active,fermob-stuhl-studie,Fermob,Stühle
1cdd5462-7702-434b-96e9-8caa18c30e56,old_only,excluded_vendor,active,fermob-bellevie-1-sitzer-polsterhocker,Fermob,Hocker
1ce3d51f-8b17-4313-b189-63763160e680,old_only,excluded_vendor,active,fermob-bellevie-3-sitzer-club-sofa-mit-kissen,Fermob,Gartensofas
1d0f4f27-34ab-47d5-906a-a70eda2fe047,old_only,excluded_product_type,active,usm-haller-schubladenkasten-inos-k1,USM Haller,Accessoires
1d1802ac-dc79-4c14-9286-e4dbe3183d22,old_only,excluded_vendor,active,fermob-2-3-sitzer-bank-mit-ruckenlehne-luxembourg,Fermob,Sitzbänke
1d1f1045-0046-4d93-9651-e0260cb30f48,old_only,excluded_vendor,active,fermob-bellevie-2-sitzer-eckmodul-links,Fermob,Gartensofas
1d34ed51-0a52-413f-8544-5c0f3b63803f,old_only,excluded_vendor,active,fermob-bellevie-2-sitzer-club-sofa-mit-kissen,Fermob,Gartensofas
1d4137ad-b31c-442c-b403-f88beea2c40b,old_only,excluded_vendor,active,fermob-bellevie-3-sitzer-club-sofa-mit-kissen,Fermob,Gartensofas
1d44b28d-69d1-4a74-a356-9510a9ad3422,old_only,excluded_vendor,active,m-wattson-snowboard-stand-ash-wood,Piffany,Tischlampen
1d5f450b-787f-4de6-accd-6d9ec273b4b0,old_only,excluded_product_type,active,ethnicraft-tablett-outdoor-teakholz,Ethnicraft,Accessoires
1d753e84-2e5d-419f-87ab-977b7a09bec2,old_only,excluded_vendor,active,fermob-bellevie-2-sitzer-eckmodul-links,Fermob,Gartensofas
1d80f62c-8360-4126-aba0-bb003213b1a4,old_only,excluded_vendor,active,umbrosa-sonnenschirm-spectra,Umbrosa,Sonnenschirme
1d83dacf-ccc3-423a-a814-df2f121e1d70,old_only,excluded_product_type,active,usm-haller-schubladenkasten-inos-k1,USM Haller,Accessoires
1d8a91a9-de07-451c-b3c9-dde9aad4f68b,old_only,excluded_vendor,active,umbrosa-spectra-straight-alu,Umbrosa,Sonnenschirme
1d94fe3f-6ab3-43f8-a15a-0462a3689ee1,old_only,excluded_vendor,active,fermob-1900-stuhl,Fermob,Gartenstühle
1da000ff-2e29-4a3c-8bb3-edb69e7287e5,old_only,excluded_vendor,active,fermob-bellevie-2-sitzer-club-sofa-mit-kissen,Fermob,Gartensofas
1db7cf4e-926b-4a71-afd0-0dc2cce17a3f,old_only,excluded_vendor,active,fermob-luxembourg-barstuhl,Fermob,Barstühle
1db87341-f57f-41f3-906a-ff9d68bc7929,old_only,excluded_vendor,active,fermob-bellevie-zusammenstellung-3b,Fermob,Gartensofas
1de44dc8-39b1-434b-a1bd-4958b91b4ae8,old_only,excluded_vendor,active,fermob-bistro-barstuhl,Fermob,Barstühle
1df8ea7d-3e56-4c54-90f9-89496099c282,old_only,excluded_vendor,active,fermob-luxembourg-lounge-sessel,Fermob,Sessel
1e0d324c-24f4-4abf-95e9-89877d2508a3,old_only,excluded_vendor,active,kerze-pillar-rustic-led-uyuni-sandstone-o7-8-x-15-2cm,Piffany,Kerzen
1e11e806-5b9d-4feb-b68a-8e8f22feec4e,old_only,excluded_vendor,active,fermob-bellevie-zusammenstellung-3b,Fermob,Gartensofas
1e3ad4c3-bca4-4bf4-933c-04ba37cd5fae,old_only,excluded_vendor,active,fermob-1900-kaffeetisch,Fermob,Beistelltische
1e432121-ce12-4638-b375-2a063072bc7e,old_only,excluded_vendor,active,fermob-bellevie-2-sitzer-modul-mitte,Fermob,Gartensofas
1e468f8c-2843-40d9-9193-1c4387b10132,old_only,excluded_vendor,active,fermob-bellevie-2-sitzer-club-sofa-mit-kissen,Fermob,Gartensofas
1e4d4a3e-a9fc-4750-aa7f-ffb4f9a67c07,old_only,excluded_vendor,active,fermob-bellevie-zusammenstellung-3b,Fermob,Gartensofas
1e509e31-6b7a-4970-884f-931fa92ccb23,old_only,excluded_vendor,active,fermob-bank-louisiana-150cm,Fermob,Sitzbänke
1e557761-f355-42fa-ba6e-9a88f38e7a64,old_only,excluded_vendor,active,fermob-luxembourg-lounge-stuhl,Fermob,Sessel
1e6e4011-60f3-4c20-a57a-08c4b3cc1f28,old_only,excluded_product_type,active,scapa-decke-angus,Scapa,Dekoration
1e744427-e6ab-4c47-84c2-b2f1310ad5d0,old_only,excluded_vendor,active,fermob-bistro-tisch-117x117cm,Fermob,Gartentische
1e7fd138-0791-4b76-aa93-7dc4c9df0c82,old_only,excluded_vendor,active,fermob-bellevie-stuhl-v2,Fermob,Gartenstühle
1e8675db-4815-4e48-94c0-edc466ad7fa0,old_only,excluded_vendor,active,fermob-bellevie-3-sitzer,Fermob,Gartensofas
1e9d60f3-b290-4d0b-803b-301f61894448,old_only,excluded_vendor,active,fermob-bellevie-hoher-tisch-140x80cm,Fermob,Bartische
1e9e5bd3-07b7-4895-9fe8-29bc3aad0261,old_only,excluded_vendor,active,gartentisch-craft-kopie,Fermob,Gartentische
1ea535f6-8577-44ef-b4b7-91f6a5834807,old_only,excluded_product_type,active,tribu-schutzhullen,Tribù,Abdeckungen
1eade9b4-95a7-44fa-a0bc-87ff55821749,old_only,excluded_vendor,active,fermob-1900-cabriolet-sessel,Fermob,Sessel
1ebacd71-8c1f-476c-af1b-f683be266136,old_only,excluded_vendor,active,fermob-luxembourg-kid-bank,Fermob,Sitzbänke
1ebc9fc8-3a5d-4765-abf8-7d21f1bc5a16,old_only,excluded_vendor,active,fermob-bellevie-tisch-74x80cm,Fermob,Gartentische
1ec75a63-9ebd-4fbb-b1ab-43571390d721,old_only,excluded_vendor,active,fermob-1900-cabriolet-sessel,Fermob,Sessel
1ed55408-5461-4606-8ce8-ce5663fc5fa1,old_only,excluded_vendor,active,extremis-gartentisch-hopper-picnic-aa,Extremis,Gartentische
1edab720-60b4-4823-baa8-5a190a658575,old_only,excluded_vendor,active,thonet-stuhl-209-m,Thonet,Stühle
1ede7ae5-0aad-40e1-b7ab-05c371801653,old_only,excluded_product_type,active,cane-line-parasols-hyde-luxe-hanging-sonnenschirm-3x4-1,Cane-line,Sonnenschirme
1eec1429-f47a-40d2-92b1-b52a90e7d63c,old_only,excluded_vendor,active,schaukelstuhl-surprising,Fermob,Sessel
1ef0eab7-ec38-46d5-9440-fe2eeae19f89,old_only,excluded_vendor,active,fermob-bellevie-2-sitzer-eckmodul-links,Fermob,Gartensofas
1ef576a0-f92c-4c93-94c0-70304b652b5b,old_only,excluded_vendor,active,fermob-bellevie-1-sitzer-modul-mitte,Fermob,Gartensofas
1efd0cb3-564d-4c3a-b4ae-e5d122674ed0,old_only,excluded_vendor,active,fermob-kleiner-niedriger-bestelltisch,Fermob,Beistelltische
1f1283d5-0b60-4637-af96-742f73f43d16,old_only,excluded_product_type,active,natures-collection-schaffell-kissen-leaf,Natures Collection,Dekoration
1f2ef1c9-00c9-40e7-9be6-1bd378f7bb4f,old_only,excluded_vendor,active,fermob-bellevie-zusammenstellung-3a,Fermob,Gartensofas
1f4ab9d3-89b0-4d0f-bb01-f25138040a28,old_only,excluded_vendor,active,fermob-bellevie-1-sitzer-modul-rechts,Fermob,Gartensofas
1f4b41ce-002c-4a9b-a998-a045617a82be,old_only,excluded_vendor,active,fermob-bellevie-2-sitzer-modul-rechts,Fermob,Gartensofas
1f6d26f0-ca00-409c-9267-32b28b59c210,old_only,excluded_vendor,active,fermob-bank-mit-ruckenlehne-bellevie,Fermob,Sitzbänke
1f7a5403-f1eb-4a31-8f22-923ac1a72ff4,old_only,excluded_vendor,active,fermob-bellevie-zusammenstellung-2b,Fermob,Gartensofas
1f812de8-f23b-4510-84b5-5a45ce7cf4d0,old_only,excluded_product_type,active,scapa-kissenbezug-aberdeen,Scapa,Dekoration
1f9dc0d1-bb40-4ad3-8b15-7f523c406bc0,old_only,excluded_vendor,active,fermob-bellevie-hoher-tisch-140x80cm,Fermob,Bartische
1f9ec9ab-dea5-4eff-ae1b-ded0b0ded9c5,old_only,excluded_product_type,active,weich-alpaca-plaid-cielo,Weich Alpaca,Decken
1faadbda-209e-414c-8635-ce24f24b5c1b,old_only,excluded_vendor,active,fermob-bellevie-2-sitzer-eckmodul-links,Fermob,Gartensofas
1fba62a8-9f8d-4cf4-971b-765379399be6,old_only,excluded_vendor,active,fermob-calvi-tisch-140-x-140-cm,Fermob,Gartentische
1fce3b05-f80f-423b-8944-8203dee9c616,old_only,excluded_vendor,active,fermob-2-3-sitzer-bank-mit-ruckenlehne-luxembourg,Fermob,Sitzbänke
1fd05f1b-e2f9-4e67-a446-bc238552f9aa,old_only,excluded_vendor,active,fermob-bellevie-2-sitzer-modul-mitte,Fermob,Gartensofas
1fd4f309-1445-473f-82d3-5d2d58f1b707,old_only,excluded_vendor,active,fermob-aplo-lampe-h24cm,Fermob,Tischlampen
1fedc097-ec51-4b95-b2cd-9c33d8843012,old_only,excluded_vendor,active,fermob-bellevie-3-sitzer,Fermob,Gartensofas
1ff4df5b-0588-42f1-bc3b-9436979596ad,old_only,excluded_vendor,active,fermob-bellevie-2-sitzer-eckmodul-rechts,Fermob,Gartensofas
200c5b46-0802-44cb-a097-c1cc998537af,old_only,excluded_vendor,active,fermob-1900-cabriolet-sessel,Fermob,Sessel
200e0c32-d9b8-4700-aa07-89a03f93916f,old_only,excluded_vendor,active,fermob-bellevie-2-sitzer-modul-links,Fermob,Gartensofas
203cb131-94bf-429d-8819-549a1186fb55,old_only,excluded_vendor,active,fermob-bellevie-sessel,Fermob,Sessel
204c6ae5-5c89-4c9e-9a88-8f8ab510165f,old_only,excluded_vendor,active,fermob-gartensofa-bellevie-2-sitzer,Fermob,Gartensofas
204ccfd5-c0fa-4dc2-b533-8ebb35a42987,old_only,excluded_vendor,active,fermob-bank-bellevie,Fermob,Sitzbänke
20506b6f-56fe-43c3-8b5a-b9f963d3c6ec,old_only,excluded_vendor,active,fermob-bellevie-1-sitzer-modul-links,Fermob,Gartensofas
205c5d33-01a4-499d-8cd6-2afd71dca9a3,old_only,excluded_vendor,active,fermob-itac-zylindrische-vase-h-76-cm,Fermob,Vasen
2068c5f8-e207-4e67-97de-407f68291157,old_only,excluded_vendor,active,fermob-bellevie-halbhoher-tisch-140x80cm,Fermob,Gartentische
206fdc0d-a564-43e8-8866-281561f36687,old_only,excluded_vendor,active,armlehnstuhl-studie,Fermob,Gartenstühle
20730e2a-2e70-4b4b-96c3-35f1ef0c113b,old_only,excluded_vendor,active,fermob-bistro-metallstuhl,Fermob,Gartenstühle
20872462-321a-4b4c-b443-9c1b779c8fed,old_only,excluded_vendor,active,fermob-bellevie-2-sitzer-modul-mitte,Fermob,Gartensofas
208973b8-0292-41f0-9c1e-69270a0d92c2,old_only,excluded_vendor,active,fermob-bellevie-2-sitzer-polsterhocker,Fermob,Sitzbänke
208df42c-3dcf-4bd0-af0c-cf4628a29267,old_only,excluded_product_type,active,natures-collection-man-slipper-double-face-sheepskin,Natures Collection,Dekoration
209829de-0972-451e-a15d-740fe0b136a5,old_only,excluded_vendor,active,gubi-grashoppa-tisch-lampe,Gubi,Tischlampen
20984c0b-153a-4f5a-a19a-33c981101f55,old_only,excluded_vendor,active,fermob-bellevie-sessel-fur-den-essbereich,Fermob,Gartenstühle
20b93e9f-cf4d-4094-82d7-8e1080f2793c,old_only,excluded_vendor,active,gartentisch-ribamelle,Fermob,Gartentische
20c9b372-62cc-49aa-a35b-062a7dd28c49,old_only,excluded_vendor,active,fermob-luxembourg-niedriger-tisch-mit-rollen,Fermob,Couchtische
20d28a5f-a147-4e6e-b40c-b2e3d61d3e16,old_only,excluded_vendor,active,fermob-bellevie-2-sitzer-modul-links,Fermob,Gartensofas
20ee3aea-b266-4755-915d-9de7b8ad4958,old_only,excluded_vendor,active,fermob-bistro-tisch-117x117cm,Fermob,Gartentische
2106e9ea-7695-4582-a21a-e191bf177947,old_only,excluded_vendor,active,fermob-1900-stuhl,Fermob,Gartenstühle
210794f9-06fb-4f1b-8e7d-b99625c439af,old_only,excluded_vendor,active,gubi-loungesessel-mr01,Gubi,Sessel
210d3514-6d89-4c22-91e1-97e1158f684a,old_only,excluded_vendor,active,gubi-moon-multi-lite-pendant-large,Gubi,Hängeleuchten
211406c7-3676-4a24-a078-a6e4393d69af,old_only,excluded_vendor,active,fermob-stuhl-luxembourg,Fermob,Gartenstühle
211a15d0-f52b-41fb-8c2e-1ab632b6e96f,old_only,excluded_vendor,active,fermob-bellevie-2-sitzer-modul-links,Fermob,Gartensofas
211a7c59-f946-4256-952d-162f0656eabc,old_only,excluded_vendor,active,fermob-bellevie-zusammenstellung-1b,Fermob,Gartensofas
2128b0fb-5804-4c8f-82fa-310fb8cbec49,old_only,excluded_vendor,active,fermob-bistro-tisch-117x117cm,Fermob,Gartentische
21342d44-abf2-4f6e-9b4a-9fcdf8df926e,old_only,excluded_vendor,active,fermob-cocotte-basse,Fermob,Beistelltische
214526a8-051c-4090-8a8d-5875985b1bf6,old_only,excluded_vendor,active,fermob-bellevie-2-sitzer-eckmodul-links,Fermob,Gartensofas
2146a49e-8cae-493c-8b91-21e4c85f0df9,old_only,excluded_vendor,active,fermob-surprising-fussablage,Fermob,Hocker
214a9ec1-5fec-47eb-a5fb-97e7a1f153b6,old_only,excluded_vendor,active,fermob-lorette-runder-tisch-d110,Fermob,Beistelltische
214ac2a3-eb32-4f67-b965-8235d423620d,old_only,excluded_vendor,active,fermob-bellevie-1-sitzer-modul-rechts,Fermob,Gartensofas
2152164d-c3a4-4686-bb52-35a0da59d9be,old_only,excluded_vendor,active,fermob-bellevie-hoher-tisch-140x80cm,Fermob,Bartische
21740ff1-5c22-4c36-944a-a122d01d1894,old_only,excluded_vendor,active,fermob-luxembourg-tisch-mit-4-fusse-80x80,Fermob,Gartentische
2180386b-1e89-4603-97c3-b04adc209687,old_only,excluded_vendor,active,fermob-1900-tisch-d96,Fermob,Gartentische
21850abd-a9c5-466f-9015-5e23aeac6f56,old_only,excluded_vendor,active,gartentisch-craft-kopie,Fermob,Gartentische
218e1935-7b34-4c16-9266-86ffa20d4dc0,old_only,excluded_vendor,active,umbrosa-sonnenschirm-spectra,Umbrosa,Sonnenschirme
21915b42-0945-4394-8178-baa256470852,old_only,excluded_vendor,active,fermob-bellevie-2-sitzer-modul-links,Fermob,Gartensofas
21956e82-cb91-4984-a281-88c223b1c368,old_only,excluded_vendor,active,fermob-bellevie-zusammenstellung-2a-1,Fermob,Gartensofas
21a3d0bc-722a-4dc5-bc6a-84dd64889df2,old_only,excluded_vendor,active,fermob-bellevie-zusammenstellung-3a,Fermob,Gartensofas
21b2a226-5328-460c-882e-b76460aa0004,old_only,excluded_vendor,active,fermob-basket-blumenkasten-hoch,Fermob,Topf
21e4227b-84bf-472f-8b5c-cdb9c3ea78bb,old_only,excluded_vendor,active,fermob-bellevie-2-sitzer-eckmodul-links,Fermob,Gartensofas
220951c7-6047-4cb9-8fc0-cde2358caaac,old_only,excluded_vendor,active,fermob-bistro-tisch-d96,Fermob,Gartentische
220f9d55-6f96-4659-9e08-c992d899ae9f,old_only,excluded_vendor,active,fermob-bellevie-halbhoher-tisch-140x80cm,Fermob,Gartentische
2213fb2c-b081-4448-9a2b-77f38e88e86c,old_only,excluded_vendor,active,fermob-tiefer-sessel-luxembourg,Fermob,Sessel
222a8cc6-cfb2-4b05-9831-a44e8791a934,old_only,excluded_vendor,active,fermob-bellevie-2-sitzer-modul-rechts,Fermob,Gartensofas
222a9d10-8e80-4b94-baff-12c52100e0ba,old_only,excluded_vendor,active,fermob-luxembourg-lounge-sessel,Fermob,Sessel
222b46e0-26d0-486b-85ed-d43cfe2ae2b5,old_only,excluded_vendor,active,kerze-melted-pillar-smooth-led-uyuni-nordic-white-o7-8x15-2cm,Piffany,Kerzen
22341ec5-ae6d-410e-bf32-b157f6df5327,old_only,excluded_vendor,active,gartentisch-floreal,Fermob,Gartentische
224569a5-fe10-413a-b9e3-c0c3ab659911,old_only,excluded_vendor,active,fermob-bellevie-2-sitzer-modul-rechts,Fermob,Gartensofas
22473a44-7a5a-40cd-801b-1af7e86460b7,old_only,excluded_vendor,active,umbrosa-sonnenschirm-spectra-straight,Umbrosa,Sonnenschirme
2249af57-ad89-4c58-87ed-b991a7e9ce33,old_only,excluded_vendor,active,fermob-bellevie-1-sitzer-modul-links,Fermob,Gartensofas
22545cea-45b2-477b-91eb-dc545a6de3b0,old_only,excluded_vendor,active,brokis-deckenleuchte-memory-ceiling,Brokis,Deckenleuchten
226c2b70-0e9d-4ee9-a8c1-04e7aea5897c,old_only,excluded_vendor,active,fermob-bellevie-1-sitzer-polsterhocker,Fermob,Hocker
227db6b7-46e4-46cd-8f09-53c7b058b007,old_only,excluded_vendor,active,gartentisch-petale-kopie,Fermob,Gartentische
229b60b1-a64a-4f8a-9c2d-11d64f267ede,old_only,excluded_vendor,active,brokis-stehlampe-ballons-pc857,Brokis,Stehlampen
22a3c7b2-244e-4350-985c-a934b465de8a,old_only,excluded_vendor,active,gartentisch-romane-rund,Fermob,Gartentische
22c20d20-9471-4dc9-b08c-f3a4fe082798,old_only,excluded_vendor,active,fermob-set-h12-balad,Fermob,Tischlampen
22c5ec9d-b740-4fdf-9beb-6d247b25c43a,old_only,excluded_vendor,active,fermob-bellevie-2-sitzer-eckmodul-links,Fermob,Gartensofas
22c7e695-436a-4246-8661-6f23b30c653a,old_only,excluded_vendor,active,fermob-bellevie-1-sitzer-polsterhocker,Fermob,Hocker
22dc9f52-6b8e-40ba-bf6e-37b4d561010c,old_only,excluded_product_type,active,ethnicraft-jack-2-sitzer-sofa-abdeckung,Ethnicraft,Abdeckungen
22dedd1c-3c56-4328-9178-0003783a1727,old_only,excluded_vendor,active,fermob-bank-mit-ruckenlehne-bellevie,Fermob,Sitzbänke
22e359a7-9372-4227-a41a-4daf9a90e0f1,old_only,excluded_vendor,active,gartentisch-romane,Fermob,Gartentische
22e818ff-94bb-40ec-8c6b-3ff8935812e1,old_only,excluded_product_type,active,tribu-schutzhullen,Tribù,Abdeckungen
22f0b169-084f-4b00-a78e-906f62cb92d7,old_only,excluded_product_type,active,cane-line-laterne-lighthouse,Cane-line,Laternen
22fb9960-ac26-49c6-9715-315be12826e9,old_only,excluded_vendor,active,brokis-stehlampe-balloons-pc856,Brokis,Stehlampen
22ffc85b-82c8-48ee-9f86-dd37b2081625,old_only,excluded_vendor,active,gubi-esstischstuhl-beetle-gepolstert,Gubi,Stühle
23023817-1070-4cd5-ba1f-f5037fcdf8a3,old_only,excluded_vendor,active,fermob-lampe-mooon-h41,Fermob,Tischlampen
230ade25-f860-4884-ba8e-d698954e0448,old_only,excluded_vendor,active,armlehnstuhl-studie,Fermob,Gartenstühle
2312878f-f3be-498a-ab05-54766f8063d6,old_only,excluded_vendor,active,fermob-luxembourg-bank-3-4-sitzer,Fermob,Sitzbänke
23200016-a0fa-4ba8-9dea-bf59d5f8a335,old_only,excluded_vendor,active,fermob-bellevie-3-sitzer-club-sofa-mit-kissen,Fermob,Gartensofas
23282221-6743-4d17-828f-d8c19fecce4c,old_only,excluded_vendor,active,fermob-bellevie-1-sitzer-polsterhocker,Fermob,Hocker
232a40f5-8bd6-48fa-9f8e-e6984e3eb9c6,old_only,excluded_vendor,active,fermob-caractere-tisch-90x190,Fermob,Gartentische
233746c5-d995-44f8-a7b8-a379bd817e21,old_only,excluded_vendor,active,fermob-gartensofa-bellevie-2-sitzer,Fermob,Gartensofas
233b86a2-b807-41d9-bac9-b66b1e014059,old_only,excluded_vendor,active,fermob-luxembourg-gueridon-haut-80x80cm,Fermob,Bartische
235dba01-aa0f-4a38-95b1-4ad6a493f65b,old_only,excluded_vendor,active,fermob-bellevie-tisch-196x90cm,Fermob,Gartentische
23727cc6-a2ca-49fc-adc8-c5990c63dc67,old_only,excluded_vendor,active,fermob-rolltisch-guinguette,Fermob,Servierwagen
2374c5ee-f274-4249-8332-c9cbdb45fa17,old_only,excluded_vendor,active,fermob-bellevie-3-sitzer,Fermob,Gartensofas
2376f238-913e-4454-84d5-3497bf080992,old_only,excluded_vendor,active,fermob-bellevie-2-sitzer-polsterhocker,Fermob,Sitzbänke
237b8432-006e-46e5-849f-7cc9a797dea6,old_only,excluded_product_type,active,tribu-eclipse-quadratischer-aluminium-sonnenschirm,Tribù,Sonnenschirme
237baf7b-92e2-4534-b909-bb4f5d93f606,old_only,excluded_vendor,active,fermob-bellevie-zusammenstellung-2b,Fermob,Gartensofas
2381cc25-887d-444d-a1a1-ffcf438c509a,old_only,excluded_vendor,active,fermob-bellevie-1-sitzer-polsterhocker,Fermob,Hocker
2385476a-fdef-4857-a7eb-02756b1f3405,old_only,excluded_vendor,active,fermob-bellevie-1-sitzer-modul-links,Fermob,Gartensofas
238ab035-68a4-4674-8d81-5fe70d7baa67,old_only,excluded_vendor,active,fermob-bellevie-tisch-74x80cm,Fermob,Gartentische
239407e0-d259-4ed2-a77b-c443b9a11415,old_only,excluded_vendor,active,gartentisch-romane-rund,Fermob,Gartentische
23a75276-5702-40aa-ab3f-22a4278ea433,old_only,excluded_vendor,active,gartentisch-opera-oval,Fermob,Gartentische
23bc1acf-e681-4d70-9a5f-6b8fc817448d,old_only,excluded_vendor,active,fermob-bellevie-1-sitzer-modul-rechts,Fermob,Gartensofas
23d45dcf-d63d-4229-8839-b2fec28d781d,old_only,excluded_vendor,active,fermob-bellevie-zusammenstellung-3b,Fermob,Gartensofas
23debbb1-9e2d-4b4a-9813-02f85a84f10f,old_only,excluded_vendor,active,fermob-bellevie-2-sitzer-modul-mitte,Fermob,Gartensofas
23e0d7ce-5d2b-4d25-8387-363e39ef9bf7,old_only,excluded_vendor,active,teelicht-uyuni-led-weiss,Piffany,Kerzen
23ec9fd6-410c-4333-bd3b-bc446dbba44e,old_only,excluded_vendor,active,fermob-lorette-armlehnstuhl-problem-fauteuil-und-bridge,Fermob,Sitzbänke
23fa10df-d5c4-4671-afe0-9d81533a3230,old_only,excluded_vendor,active,fermob-luxembourg-lounge-stuhl,Fermob,Sessel
23fac268-f115-475f-b89e-3b3ee078f64f,old_only,excluded_vendor,active,extremis-hopper-picnic-iroko-300cm,Extremis,Gartentische
240054ca-8a30-407b-98b3-897a565a7102,old_only,excluded_vendor,active,fermob-tisch-bellevie,Fermob,Gartentische
24091352-12ac-4d3c-a891-f37ca768c616,old_only,excluded_product_type,active,usm-haller-schubladenkasten-inos-k1,USM Haller,Accessoires
240dba40-de50-4f1e-9e1c-d069c689bb0b,old_only,excluded_vendor,active,fermob-bellevie-3-sitzer-club-sofa-mit-kissen,Fermob,Gartensofas
24241fcf-1ff7-41e6-9e1b-8c1cbd3a27d8,old_only,excluded_vendor,active,fermob-bistro-tisch-117x117cm,Fermob,Gartentische
2427eddb-89eb-4d5c-a84c-47d327f27d2e,old_only,excluded_vendor,active,fermob-bellevie-zusammenstellung-1b,Fermob,Gartensofas
244c31e2-320d-4b77-9b42-61fb25ecc937,old_only,excluded_vendor,active,fermob-luxembourg-bridge-barstuhl,Fermob,Barstühle
2455e83d-6d5d-46f0-bf80-1678c4abf184,old_only,excluded_vendor,active,gubi-moon-multi-lite-pendant-large,Gubi,Hängeleuchten
246bf0f5-cc59-4b2d-895a-8631007f745b,old_only,excluded_vendor,active,gartentisch-opera-oval,Fermob,Gartentische
246d9bf6-4c0c-4150-a15d-85adcaaf2e31,old_only,excluded_vendor,active,kerze-pillar-smooth-led-uyuni-ivory-o7-8-x-20-cm,Piffany,Kerzen
2478714d-9521-4473-ab51-d976a8af387d,old_only,excluded_vendor,active,schaukelstuhl-surprising,Fermob,Sessel
247eabf7-511f-459e-8e67-71e2e46ec2d2,old_only,excluded_vendor,active,fermob-bellevie-halbhoher-tisch-140x80cm,Fermob,Gartentische
249111ff-4d75-4252-902a-2003ccf241d6,old_only,excluded_vendor,active,fermob-bellevie-2-sitzer-eckmodul-rechts,Fermob,Gartensofas
2499462d-7e19-4354-a1a0-5ed657d651bf,old_only,excluded_product_type,active,scapa-honey-vase-20x30,Scapa,Vasen
249eac7e-7197-433a-91f0-33cdad76db21,old_only,excluded_vendor,active,fermob-tiefer-sessel-luxembourg,Fermob,Sessel
24b85e4b-1481-407b-aaac-eafc7c07515d,old_only,excluded_vendor,active,fermob-bellevie-zusammenstellung-3b,Fermob,Gartensofas
24bbb44f-5113-484d-b420-2af000276694,old_only,excluded_vendor,active,brokis-deckenleuchte-memory-ceiling,Brokis,Deckenleuchten
24de8d4e-613a-47f0-81ee-1e41e8a0e64f,old_only,excluded_product_type,active,scapa-cortina-decke-mosterd,Scapa,Decken
2501c6fe-cc20-47c1-b5cb-90722785c35a,old_only,excluded_vendor,active,fermob-stuhl-surprising,Fermob,Gartenstühle
250c8190-8f6b-4447-8200-44935c4910d3,old_only,excluded_vendor,active,kerze-pillar-smooth-led-uyuni-ivory-o10-1-x-25-cm,Piffany,Kerzen
2515c3fd-33af-48dd-8c55-4c21f23f16d6,old_only,excluded_vendor,active,gartentisch-opera-oval,Fermob,Gartentische
251f37d0-ae64-4720-999e-207cab1fe6a9,old_only,excluded_vendor,active,fermob-bellevie-1-sitzer-modul-rechts,Fermob,Gartensofas
25281fd3-a82a-4e3f-931d-75463d5fd6fe,old_only,excluded_vendor,active,fermob-luxembourg-bank-3-4-sitzer,Fermob,Sitzbänke
252c38d1-196e-470b-b339-0a7aafd9bc84,old_only,excluded_vendor,active,fermob-1900-kaffeetisch,Fermob,Beistelltische
25408a54-8f06-463d-8b09-799544a18ad0,old_only,excluded_vendor,active,fermob-bellevie-1-sitzer-polsterhocker,Fermob,Hocker
254699ec-56fe-4d56-a51f-ebf60e9a4d76,old_only,excluded_vendor,active,fermob-bellevie-stuhl-v2,Fermob,Gartenstühle
254bca0b-7e0d-4398-8fb6-72aed8f17505,old_only,excluded_vendor,active,fermob-bellevie-1-sitzer-modul-mitte,Fermob,Gartensofas
2550e86a-0c1f-4ebb-9db9-72760aec2e82,old_only,excluded_vendor,active,fermob-bistro-tisch-97x57cm,Fermob,Gartentische
2557ac66-24f0-4674-a0d7-6363cf5e320f,old_only,excluded_vendor,active,umbrosa-sonnenschirm-spectra,Umbrosa,Sonnenschirme
2569769e-cf51-4865-aca8-4e4c4a9ad6a6,old_only,excluded_vendor,active,fermob-bellevie-2-sitzer-polsterhocker,Fermob,Sitzbänke
256b85d2-9419-49e2-85c7-67aca8d6f431,old_only,excluded_vendor,active,fermob-1900-cabriolet-sessel,Fermob,Sessel
256d4734-3c59-40f3-ab2d-fb87a2df22a5,old_only,excluded_vendor,active,fermob-bistro-tisch-71x71cm,Fermob,Gartentische
257c2028-f22f-4dd2-911b-b9eb7dcf129f,old_only,excluded_vendor,active,extremis-gartentisch-hopper-picnic-aa,Extremis,Gartentische
258a4698-2ac0-4cf2-bcf8-2cb4467b2306,old_only,excluded_product_type,active,scapa-decke-aberdeen,Scapa,Dekoration
25a1295a-cdc0-458e-b9b0-4deffbbf8dfe,old_only,excluded_vendor,active,fermob-luxembourg-doppelter-sessel,Fermob,Sessel
25b1c289-27ea-4433-b538-f29ad6b3f5b4,old_only,excluded_vendor,active,fermob-cadiz-tiefer-sessel,Fermob,Sessel
25bf108e-78fc-4296-91e9-fabcc5e13781,old_only,excluded_vendor,active,gartentisch-petale-kopie,Fermob,Gartentische
25cc3ad4-599b-4932-add7-975dcef6fdae,old_only,excluded_vendor,active,wandlampe-memory-wall,Brokis,Wandleuchten
25d44d65-1bff-4f35-887b-05b9de61659c,old_only,excluded_vendor,active,fermob-luxembourg-tisch-80x80cm,Fermob,Gartentische
25d92594-980d-4875-99d1-cdadae0cc781,old_only,excluded_vendor,active,ofyr-mise-en-place-table-pro,Ofyr,Küchen
25e9b0e7-6971-44a2-a733-b73a1703b4b1,old_only,excluded_vendor,active,fermob-bellevie-2-sitzer-modul-rechts,Fermob,Gartensofas
25ef15a4-1d79-496a-a094-f74005388279,old_only,excluded_vendor,active,fermob-bellevie-zusammenstellung-3b,Fermob,Gartensofas
25f45b44-90c1-48f6-8736-8653e6c055bd,old_only,excluded_vendor,active,umbrosa-sonnenschirm-spectra-straight,Umbrosa,Sonnenschirme
260adafe-ceda-4edf-b2b1-01fb46d69637,old_only,excluded_vendor,active,fermob-bistro-balkontisch,Fermob,Gartentische
261dc005-6056-40ff-a8db-5ff07e9b2030,old_only,excluded_vendor,active,fermob-luxembourg-bridge-barstuhl,Fermob,Barstühle
26269461-f857-478c-8365-39d8dc8fcd93,old_only,excluded_vendor,active,fermob-aplo-wandhalterung,Fermob,Accessoires
26284ed8-101c-49dd-8908-f8a3af008ff4,old_only,excluded_vendor,active,fermob-tisch-luxembourg,Fermob,Gartentische
262a11fd-eced-48a3-9ea2-e55588bcafb9,old_only,excluded_vendor,active,brokis-stehlampe-balloons-pc856,Brokis,Stehlampen
264e9d0c-8a8a-47a5-95eb-ff32a8df73a6,old_only,excluded_vendor,active,fermob-bellevie-2-sitzer-polsterhocker,Fermob,Sitzbänke
26526352-94f5-4123-9e83-21d3090eadbe,old_only,excluded_vendor,active,fermob-luxembourg-tisch-80x80cm,Fermob,Gartentische
26527536-1c58-495e-bf69-f07780e93d9f,old_only,excluded_vendor,active,fermob-bridge-luxembourg,Fermob,Gartenstühle
265ccb3d-4b42-48af-bb65-ebc51f376ae4,old_only,excluded_vendor,active,fermob-tiefer-sessel-luxembourg,Fermob,Sessel
267fffef-c4ff-45be-8449-c2ab1b9f9b78,old_only,excluded_vendor,active,armlehnstuhl-studie,Fermob,Gartenstühle
2691284a-79e9-4268-88de-54d1ead9e745,old_only,excluded_vendor,active,fermob-bellevie-zusammenstellung-3a,Fermob,Gartensofas
26c13178-a356-4081-9e9a-43652868baf1,old_only,excluded_vendor,active,fermob-calvi-tisch-140-x-140-cm,Fermob,Gartentische
26d31766-dcfe-41d0-917e-b65196cc065f,old_only,excluded_vendor,active,fermob-bellevie-2-sitzer-eckmodul-links,Fermob,Gartensofas
26d822c2-177d-4b2f-b751-cf285ec16b59,old_only,excluded_vendor,active,gartenstuhl-studie-1,Fermob,Gartenstühle
26de1666-5e32-4306-8e95-dd202f1f8930,old_only,excluded_vendor,active,fermob-bellevie-zusammenstellung-2a-1,Fermob,Gartensofas
2717337e-2890-498f-8707-ff1b61f05498,old_only,excluded_product_type,active,tribu-schutzhullen,Tribù,Abdeckungen
2731de08-958b-4b14-9e55-a7f12a1f1e2e,old_only,excluded_vendor,active,fermob-bellevie-tisch-196x90cm,Fermob,Gartentische
2742e238-6f8c-4afd-82c4-033c2b5f81cd,old_only,excluded_vendor,active,fermob-lorette-ovaler-tisch-160x90,Fermob,Gartentische
274463a9-2445-4581-911c-801325fc830e,old_only,excluded_vendor,active,brokis-deckenleuchte-memory-ceiling,Brokis,Deckenleuchten
27510707-7cca-4d86-9aa6-858f12649d74,old_only,excluded_vendor,active,fermob-surprising-fussablage,Fermob,Hocker
2751faa2-5751-416b-a4c8-5bba5277058a,old_only,excluded_vendor,active,fermob-luxembourg-lounge-stuhl,Fermob,Sessel
275235e1-52c1-4d98-8343-6a17c64e2041,old_only,excluded_vendor,active,fermob-bellevie-zusammenstellung-3b,Fermob,Gartensofas
275e5a50-e8f0-4a8b-94f5-c0f8709d3d1f,old_only,excluded_vendor,active,fermob-bellevie-sessel,Fermob,Sessel
276da988-a056-46a5-ac30-accc4cec5366,old_only,excluded_vendor,active,gartentisch-opera-oval,Fermob,Gartentische
27848995-a0ce-453d-a861-cb35d6234f16,old_only,excluded_vendor,active,fermob-bellevie-zusammenstellung-1a,Fermob,Gartensofas
2790d815-650f-45aa-bf30-cd0c5a16dc00,old_only,excluded_product_type,active,manutti-flex-konzept-9-schutzhulle,Manutti,Abdeckungen
27a9fc2e-7f31-4232-a80d-2a0175286c99,old_only,excluded_vendor,active,gartentisch-petale,Fermob,Gartentische
27c2faf9-f30d-4c74-952c-7d5d088a9535,old_only,excluded_vendor,active,fermob-bellevie-zusammenstellung-3b,Fermob,Gartensofas
27c5bc80-5bca-47e7-b23d-03196933550a,old_only,excluded_vendor,active,fermob-bellevie-sessel-fur-den-essbereich,Fermob,Gartenstühle
27c8fc79-d3e0-4a68-bffb-90b8a6ec3d1e,old_only,excluded_vendor,active,kerze-light-standard-taper-2er-pack,Piffany,Kerzen
27e9fcc2-5c3f-4caf-b6a9-cc80110ce378,old_only,excluded_vendor,active,fermob-bank-bellevie,Fermob,Sitzbänke
2803ccac-9162-428d-a4c3-55e4335fe610,old_only,excluded_vendor,active,fermob-bellevie-1-sitzer-polsterhocker,Fermob,Hocker
28088481-eb62-4d4d-a30f-e5c3ad0e6394,old_only,excluded_vendor,active,fermob-bellevie-1-sitzer-modul-links,Fermob,Gartensofas
2814e708-de09-4ab4-8b70-ce0a90775b2f,old_only,excluded_vendor,active,fermob-bellevie-tisch-74x80cm,Fermob,Gartentische
281f7e8d-4012-44ac-808c-7e81643bfef9,old_only,excluded_vendor,active,gartentisch-floreal,Fermob,Gartentische
282cb7a8-dd25-402c-93b3-986886bcdc59,old_only,excluded_vendor,active,fermob-bellevie-1-sitzer-polsterhocker,Fermob,Hocker
284c634d-d016-4a6c-a1d6-20b2a3564e03,old_only,excluded_vendor,active,fermob-bistro-tisch-117x117cm,Fermob,Gartentische
285883e5-349c-414f-a74f-52b869f347d4,old_only,excluded_vendor,active,fermob-bellevie-2-sitzer-eckmodul-rechts,Fermob,Gartensofas
28725ccf-f5b4-4795-a5ce-b2d48cddf617,old_only,excluded_vendor,active,fermob-bistro-tisch-d96,Fermob,Gartentische
2876c170-a604-40bc-9557-ebd26bc93962,old_only,excluded_vendor,active,fermob-bistro-tisch-97x57cm,Fermob,Gartentische
2877acba-3fc6-4063-9439-437586ee278c,old_only,excluded_vendor,active,fermob-aplo-hangegurt,Fermob,Hängeleuchten
288a6b91-02e5-445b-9eae-6dff4db4f81d,old_only,excluded_vendor,active,fermob-bellevie-zusammenstellung-1b,Fermob,Gartensofas
288cb7ba-5ab4-457e-af89-62cd12444a8f,old_only,excluded_vendor,active,fermob-bebop-d80,Fermob,Beistelltische
28a255cd-bf4c-4dfd-b94b-75807b2602ce,old_only,excluded_vendor,active,gartentisch-romane,Fermob,Gartentische
28af33f8-a983-4f9a-9a3c-33ddf026f87b,old_only,excluded_vendor,active,fermob-bellevie-zusammenstellung-3a,Fermob,Gartensofas
28bdc0f8-c3ff-46fa-91c9-51d5c6f0599e,old_only,excluded_product_type,active,usm-haller-schubladenkasten-inos-k1,USM Haller,Accessoires
28c7d1e9-817c-4e84-9770-7c59fae2518e,old_only,excluded_product_type,active,warmflasche-calmo,Weich Alpaca,Accessoires
28ed9f9d-8b27-4c2b-a441-992a8dd98f8f,old_only,excluded_vendor,active,umbrosa-sonnenschirm-spectra,Umbrosa,Sonnenschirme
29088488-26d9-4de6-94b6-320f59386bce,old_only,excluded_vendor,active,fermob-bellevie-sessel-fur-den-essbereich,Fermob,Gartenstühle
29204bee-eb60-4832-a7f5-0001d99db543,old_only,excluded_vendor,active,fermob-bellevie-1-sitzer-modul-rechts,Fermob,Gartensofas
2920d7dc-590c-4464-a2f2-a972ce630f9c,old_only,excluded_vendor,active,fermob-bellevie-2-sitzer-modul-links,Fermob,Gartensofas
2927b74e-b87d-405f-b880-cc45e1ed3a93,old_only,excluded_vendor,active,fermob-gartensofa-bellevie-2-sitzer,Fermob,Gartensofas
29288ed6-f209-4084-886b-7044c06e5c09,old_only,excluded_vendor,active,fermob-bellevie-sessel-fur-den-essbereich,Fermob,Gartenstühle
292b067f-11d2-4a45-a862-d70e909c8764,old_only,excluded_vendor,active,fermob-luxembourg-tisch-143x80,Fermob,Gartentische
293192ca-afb8-4fd2-bc48-ea4695b584c5,old_only,excluded_vendor,active,fermob-bellevie-zusammenstellung-1a,Fermob,Gartensofas
294b0d2a-5cb0-4a66-a891-bb834a7fd663,old_only,excluded_vendor,active,gartentisch-petale,Fermob,Gartentische
295d856c-efd5-4c4d-a611-8c8c33caa5ab,old_only,excluded_vendor,active,fermob-bellevie-2-sitzer-modul-links,Fermob,Gartensofas
297508ce-475e-41e9-9402-dc017792fc3d,old_only,excluded_vendor,active,fermob-luxembourg-bank-3-4-sitzer,Fermob,Sitzbänke
297b2f68-62ed-4bdf-86e2-2cc6638a1d3e,old_only,excluded_vendor,active,gartentisch-flower-kopie,Fermob,Gartentische
297da1a3-d052-4d20-869f-02c7ff9d20ff,old_only,excluded_vendor,active,fermob-bellevie-2-sitzer-polsterhocker,Fermob,Sitzbänke
297dbe8f-69c1-4bf4-8ed6-f9a544a91ef6,old_only,excluded_vendor,active,fermob-bellevie-sessel,Fermob,Sessel
297e3d6f-9928-4495-a1a7-84826589b34f,old_only,excluded_vendor,active,fermob-bellevie-zusammenstellung-1b,Fermob,Gartensofas
298422a3-ffc7-44ee-bd69-a5e3cca56091,old_only,excluded_vendor,active,fermob-bellevie-sessel,Fermob,Sessel
29949e32-1b0e-403d-9f68-66529240be3d,old_only,excluded_vendor,active,extremis-gartentisch-pantagruel-picnic,Extremis,Gartentische
29a34c6f-49d5-45dc-a5bb-8c11045e0dda,old_only,excluded_vendor,active,fermob-bellevie-2-sitzer-modul-mitte,Fermob,Gartensofas
29a63e6e-b8ed-4304-bb8e-589c2acd808d,old_only,excluded_vendor,active,fermob-bellevie-zusammenstellung-3b,Fermob,Gartensofas
29ab2dc9-f884-4ae6-b4e3-b14d65f38c4d,old_only,excluded_vendor,active,armlehnstuhl-studie,Fermob,Gartenstühle
29ad78ed-4aea-4460-b492-3cd4d9317172,old_only,excluded_vendor,active,fermob-bellevie-1-sitzer-modul-mitte,Fermob,Gartensofas
29afc7e1-156a-4030-a2ec-b8328b1e1126,old_only,excluded_vendor,active,fermob-bellevie-2-sitzer-polsterhocker,Fermob,Sitzbänke
29b414c8-c315-4a6c-bf5e-32a8cdd5781e,old_only,excluded_vendor,active,gartentisch-craft-kopie,Fermob,Gartentische
29c6e625-cc16-41f0-9fc4-b96f0fbe5ae6,old_only,excluded_vendor,active,fermob-luxembourg-lounge-stuhl,Fermob,Sessel
29d4c8c7-e9e4-45c9-8a4f-e8ddc2725faf,old_only,excluded_product_type,active,gommaire-teak-protektor,Gommaire,Pflegeprodukte
29f27167-0c46-4beb-8a1f-ee083f35f215,old_only,excluded_vendor,active,umbrosa-paraflex-wall-square-230,Umbrosa,Sonnenschirme
29fbb460-dbd3-40af-b6be-c93e3faf02e0,old_only,excluded_vendor,active,fermob-luxembourg-kid-stuhl,Fermob,Gartenstühle
2a02dbf5-e07f-41dd-858e-9ca52d110750,old_only,excluded_vendor,active,fermob-luxembourg-tisch-143x80,Fermob,Gartentische
2a06a708-6eb4-48dc-8ece-688853a1add5,old_only,excluded_product_type,active,ethnicraft-objects-chopped-schalen-3er-set,Ethnicraft,Accessoires
2a11f006-1e5f-4891-9c83-3f570ceefee7,old_only,excluded_vendor,active,fermob-calvi-tisch-160-x-80-cm,Fermob,Gartentische
2a12c50d-1769-48be-bd3a-3cc3106681ea,old_only,excluded_vendor,active,fermob-bellevie-zusammenstellung-1b,Fermob,Gartensofas
2a1b35a8-8439-42af-951c-92abf2b6b7db,old_only,excluded_vendor,active,gartentisch-opera-oval,Fermob,Gartentische
2a248711-bac5-4390-94d6-da741979ce11,old_only,excluded_vendor,active,umbrosa-sonnenschirm-spectra,Umbrosa,Sonnenschirme
2a25ca50-1155-4704-8207-2f8399591808,old_only,excluded_vendor,active,gartentisch-flower-kopie,Fermob,Gartentische
2a56825c-aae9-45b8-8c80-507afbe13565,old_only,excluded_vendor,active,fermob-bellevie-3-sitzer-club-sofa-mit-kissen,Fermob,Gartensofas
2a56f9b8-8791-4375-a4b1-53246f083fab,old_only,excluded_vendor,active,fermob-bellevie-2-sitzer-eckmodul-rechts,Fermob,Gartensofas
2a59f750-d899-4f64-96da-90d6ae118031,old_only,excluded_vendor,active,umbrosa-spectra-straight-alu,Umbrosa,Sonnenschirme
2a5ec2f3-4054-4a35-87c2-6094166886e4,old_only,excluded_vendor,active,fermob-bellevie-zusammenstellung-1a,Fermob,Gartensofas
2a65a370-2b26-451c-ae5f-e77057494aec,old_only,excluded_vendor,active,fermob-bellevie-3-sitzer,Fermob,Gartensofas
2a6c83b9-59a2-4fc7-b02d-800153ddc97b,old_only,excluded_vendor,active,fermob-bellevie-sessel-fur-den-essbereich,Fermob,Gartenstühle
2a9a30cf-f2f4-4a8e-976c-63dd323d4c3d,old_only,excluded_vendor,active,brokis-deckenleuchte-memory-ceiling,Brokis,Deckenleuchten
2aa2bcc6-0183-414e-a774-375b9cad8d3f,old_only,excluded_vendor,active,fermob-bellevie-2-sitzer-polsterhocker,Fermob,Sitzbänke
2aa51df0-6c39-4ec2-a00e-bec45921dc2e,old_only,excluded_vendor,active,fermob-bistro-barstuhl,Fermob,Barstühle
2abec47b-70f1-4e66-8f91-e15f5ae2b656,old_only,excluded_product_type,active,tribu-schutzhullen,Tribù,Abdeckungen
2accf9e2-b2b9-45e6-80d8-8ffebc6c1584,old_only,excluded_vendor,active,fermob-bellevie-2-sitzer-eckmodul-links,Fermob,Gartensofas
2ad6029d-1cbb-4373-a672-4be9a165dbd1,old_only,excluded_vendor,active,fermob-bellevie-zusammenstellung-3b,Fermob,Gartensofas
2ae7a281-9e04-4f72-972f-d24aced29fe4,old_only,excluded_vendor,active,fermob-bellevie-zusammenstellung-3b,Fermob,Gartensofas
2af61f84-03a6-4f0e-a075-010a04b135c9,old_only,excluded_vendor,active,fermob-alize-beistelltisch,Fermob,Beistelltische
2af63d7d-7897-4d18-87f8-c9e1359658be,old_only,excluded_vendor,active,fermob-stuhl-surprising,Fermob,Gartenstühle
2b167cdd-06bf-4ca3-8ad2-01980967660c,old_only,excluded_product_type,active,cane-line-parasols-hyde-luxe-hanging-sonnenschirm-3x4-1,Cane-line,Sonnenschirme
2b1f32b9-1e52-4355-bceb-b629f43ab5b0,old_only,excluded_vendor,active,fermob-bellevie-barhocker,Fermob,Barstühle
2b338beb-9dc7-4f72-a116-3442e88cc412,old_only,excluded_vendor,active,gartenstuhl-studie,Fermob,Gartenstühle
2b388076-64ea-4684-8209-8e22241dad00,old_only,excluded_vendor,active,fermob-1900-cabriolet-sessel,Fermob,Sessel
2b3d250b-5d17-454f-886f-5f32c86c784d,old_only,excluded_vendor,active,fermob-bellevie-2-sitzer-eckmodul-rechts,Fermob,Gartensofas
2b4019d9-0d20-4321-b968-39a149ea72b1,old_only,excluded_vendor,active,fermob-ios-stielvase,Fermob,Vasen
2b5cf561-86f3-4902-9e4b-6a95195e6c4c,old_only,excluded_product_type,active,scapa-durant-vase-sky-black-l,Scapa,Vasen
2b618892-3401-48e9-995c-77633d3d9922,old_only,excluded_vendor,active,ofyr-grill-corten-75,Ofyr,Grills
2b7d2850-1f43-4d55-884b-999697d8f0ce,old_only,excluded_vendor,active,fermob-bellevie-zusammenstellung-1a,Fermob,Gartensofas
2b95f009-e9bb-4a20-ba1d-80bc6871adff,old_only,excluded_product_type,active,libeco-decke-montana,Libeco,Decken
2ba469a5-fe54-4866-a08d-b6f076df7131,old_only,excluded_product_type,active,cane-line-laterne-lighthouse,Cane-line,Laternen
2ba74910-33fd-435b-874a-73084562fa6a,old_only,excluded_vendor,active,gartentisch-floreal,Fermob,Gartentische
2bbb6598-bbbc-4b9c-8917-f7c27b91711f,old_only,excluded_vendor,active,gubi-multi-lite-stehleuchte,Gubi,Stehlampen
2bc0752c-9b56-412b-a526-f8834d60e4f7,old_only,excluded_vendor,active,gubi-moon-multi-lite-pendant-large,Gubi,Hängeleuchten
2bc20a8d-341e-4bc4-b8ff-8630f77a2d27,old_only,excluded_vendor,active,fermob-bellevie-1-sitzer-modul-mitte,Fermob,Gartensofas
2bc8d45c-30e9-43e7-ba0e-9209c5e04df9,old_only,excluded_vendor,active,fermob-bellevie-1-sitzer-polsterhocker,Fermob,Hocker
2bcd753e-0f36-41c5-8b02-ff425ec9a8ce,old_only,excluded_product_type,active,usm-haller-schubladenkasten-inos-k1,USM Haller,Accessoires
2bd2975d-34ea-45fd-a46b-a555e1bf663d,old_only,excluded_vendor,active,fermob-lighting-mooon-lampe-h63cm,Fermob,Tischlampen
2bd7ad7c-bf96-42a0-a0d1-17c93641d65e,old_only,excluded_vendor,active,thonet-b97-b,Thonet,Beistelltische
2be5d47c-3526-46f0-9b3e-3962ab032715,old_only,excluded_vendor,active,fermob-bellevie-2-sitzer-modul-rechts,Fermob,Gartensofas
2be70598-e4e0-413f-add5-9cfba5d12d2e,old_only,excluded_vendor,active,brokis-deckenleuchte-memory-ceiling,Brokis,Deckenleuchten
2bf2ac18-41b0-42d0-9d34-60415e0efeef,old_only,excluded_vendor,active,umbrosa-paraflex-wall-round-271,Umbrosa,Sonnenschirme
2bfe43ae-1b50-4129-ab58-d5eb0f230c44,old_only,excluded_vendor,active,fermob-alize-deporte,Fermob,Beistelltische
2c0fc553-a07a-4949-be0a-c6857bdd8ee5,old_only,excluded_vendor,active,fermob-bistro-tisch-d77,Fermob,Gartentische
2c102c17-7665-43a2-8227-ec56c1730b3f,old_only,excluded_vendor,active,fermob-bellevie-2-sitzer-polsterhocker,Fermob,Sitzbänke
2c157326-a531-48bd-bb28-ba5b97153d8f,old_only,excluded_vendor,active,umbrosa-paraflex-wall-round-271,Umbrosa,Sonnenschirme
2c1a4344-110b-4269-88da-eb46d90df3eb,old_only,excluded_vendor,active,fermob-luxembourg-niedriger-tisch-mit-rollen,Fermob,Couchtische
2c23046a-1951-4390-ad52-60ea156c5ff7,old_only,excluded_vendor,active,wandlampe-memory-wall,Brokis,Wandleuchten
2c3c0565-05e4-4c11-a31b-385580184986,old_only,excluded_vendor,active,extremis-hopper-picnic-hellwood-180cm,Extremis,Gartentische
2c4ee707-d7aa-4008-bb9a-910eb35249ef,old_only,excluded_vendor,active,fermob-bellevie-tisch-74x80cm,Fermob,Gartentische
2c5a6437-38b7-49a0-a843-329294c58c8a,old_only,excluded_vendor,active,schaukelstuhl-surprising,Fermob,Sessel
2c5b6979-538b-4333-9789-da2bc6e4a4bb,old_only,excluded_vendor,active,fermob-bellevie-2-sitzer-eckmodul-links,Fermob,Gartensofas
2c6841ce-f358-4226-b697-1aded6b8874d,old_only,excluded_vendor,active,kerze-pillar-rustic-led-uyuni-brown-o7-8-x-10-1cm,Piffany,Kerzen
2c6fdb86-45b5-42f3-9525-940b1575d4e6,old_only,excluded_vendor,active,fermob-bistrostuhl-naturel,Fermob,Gartenstühle
2c7a1f31-4f0d-47d5-9efd-ae0c497cd38d,old_only,excluded_vendor,active,fermob-stuhl-studie,Fermob,Stühle
2c7c340b-2277-403d-b543-a7f86338b39e,old_only,excluded_product_type,active,warmflasche-calmo,Weich Alpaca,Accessoires
2c7c903b-d12c-42da-8f6d-c717d070b8e2,old_only,excluded_vendor,active,fermob-luxembourg-bank-3-4-sitzer,Fermob,Sitzbänke
2c7d61f4-6f89-4819-a2de-68cb5e3336aa,old_only,excluded_vendor,active,fermob-bellevie-zusammenstellung-2b,Fermob,Gartensofas
2c810b7e-1bd8-413f-bda6-17f1c240ae41,old_only,excluded_vendor,active,fermob-bank-mit-ruckenlehne-bellevie,Fermob,Sitzbänke
2ca05e5c-75e2-4bf3-a434-09d4744a79ee,old_only,excluded_vendor,active,fermob-bellevie-2-sitzer-modul-links,Fermob,Gartensofas
2caa7ef3-519a-4688-bb60-b5a0337203cf,old_only,excluded_product_type,active,scapa-fabio-decke-140x200,Scapa,Decken
2cb48da7-3f2c-4f6d-9942-d24975ae7ff2,old_only,excluded_vendor,active,fermob-cocotte-basse,Fermob,Beistelltische
2cc0d36f-7912-47c7-91d6-50a68c650f89,old_only,excluded_vendor,active,extremis-hopper-picnic-iroko-180cm,Extremis,Gartentische
2cceb5f4-8688-43e2-9164-10c00318da9c,old_only,excluded_vendor,active,extremis-bistroo-tisch-stuhl-kombination,Extremis,Gartentische
2ccef202-909b-4994-9923-4abe173a0596,old_only,excluded_product_type,active,handytasche-gwen-phonebag,Natures Collection,Accessoires
2cdd8bb9-b62f-4624-ac62-019dd1586661,old_only,excluded_vendor,active,fermob-bellevie-2-sitzer-club-sofa-mit-kissen,Fermob,Gartensofas
2cf31683-a862-47a7-a450-b36bd726ba17,old_only,excluded_vendor,active,umbrosa-sonnenschirm-spectra-straight,Umbrosa,Sonnenschirme
2d03f0ec-e29c-4194-be21-4fefae9c6508,old_only,excluded_vendor,active,fermob-bellevie-1-sitzer-modul-mitte,Fermob,Gartensofas
2d04a38b-d87c-49a7-8a08-84563bd8bdd7,old_only,excluded_vendor,active,fermob-bellevie-2-sitzer-modul-links,Fermob,Gartensofas
2d109606-eabb-499c-b1d9-1b59b3f3b44e,old_only,excluded_vendor,active,fermob-bellevie-2-sitzer-eckmodul-rechts,Fermob,Gartensofas
2d1a1d75-d2b6-49f7-aaf1-b51e5f572e57,old_only,excluded_vendor,active,fermob-bellevie-1-sitzer-modul-mitte,Fermob,Gartensofas
2d26e3bf-f7dd-40d8-8356-b74c517271bb,old_only,excluded_product_type,active,vincent-sheppard-tika-laterne-auf-holzgestell,Vincent Sheppard,Laternen
2d29b156-e60f-4bb2-9a00-604179cf5478,old_only,excluded_vendor,active,fermob-bellevie-tisch-196x90cm,Fermob,Gartentische
2d3a0835-a6e1-489f-9e2a-b5c6237ddb9d,old_only,excluded_vendor,active,stabkerzen-uyuni-led-ivory,Piffany,Kerzen
2d3ef1d5-2045-4074-9ab4-7482efecaf5e,old_only,excluded_vendor,active,fermob-bellevie-2-sitzer-club-sofa-mit-kissen,Fermob,Gartensofas
2d3f545e-2523-4ec0-a7f2-b64df99f8726,old_only,excluded_vendor,active,fermob-bistro-tisch-d60,Fermob,Gartentische
2d443d4f-363b-422f-905c-4a7c4c2a3968,old_only,excluded_vendor,active,fermob-nevada-holzhalter,Fermob,Holzlagerung
2d4ff2d0-dbf6-441e-b9e1-5a5c45fdf161,old_only,excluded_vendor,active,fermob-schaukelstuhl-luxembourg,Fermob,Sessel
2d74f041-e1c2-4dfd-b32f-a2aa6136fa41,old_only,excluded_product_type,active,tribu-schutzhullen,Tribù,Abdeckungen
2d7ecd40-a66b-424c-ab22-80d2ffb4ace3,old_only,excluded_product_type,active,libeco-decke-montana,Libeco,Decken
2d9b94eb-951f-4669-9d12-74d624dec2bd,old_only,excluded_product_type,active,tribu-schutzhullen,Tribù,Abdeckungen
2dbd4af2-a9e1-496b-9256-5d40c486f765,old_only,excluded_vendor,active,fermob-2-3-sitzer-bank-mit-ruckenlehne-luxembourg,Fermob,Sitzbänke
2dbdfd4f-f3f1-437b-9ead-ebc68677ff1d,old_only,excluded_vendor,active,fermob-bellevie-zusammenstellung-3b,Fermob,Gartensofas
2dd458dd-2be8-4f74-878a-aa04b32289fd,old_only,excluded_vendor,active,fermob-nevada-holzhalter,Fermob,Holzlagerung
2dd5bded-b4e6-461b-800c-2e1efcc3672a,old_only,excluded_vendor,active,fermob-lorette-armlehnstuhl-problem-fauteuil-und-bridge,Fermob,Sitzbänke
2de291cb-f305-4389-bc92-a11c27511925,old_only,excluded_product_type,active,natures-collection-schaffell-handtasche-maxi-glory,Natures Collection,Accessoires
2debd1c4-a3e5-4b86-bed9-bd87c051d149,old_only,excluded_vendor,active,fermob-bistro-tisch-117x117cm,Fermob,Gartentische
2e0c77b5-cee8-4a4b-9a46-2b7d906485a9,old_only,excluded_vendor,active,fermob-bellevie-2-sitzer-polsterhocker,Fermob,Sitzbänke
2e14be6d-b719-44d1-8616-b560d00e0732,old_only,excluded_vendor,active,gartentisch-opera-oval,Fermob,Gartentische
2e178750-8d7f-4267-a9aa-b8e11cf06327,old_only,excluded_product_type,active,natures-collection-hot-water-bottle,Natures Collection,Accessoires
2e1933c1-442d-4286-a443-7eccdc83c28c,old_only,excluded_vendor,active,gartentisch-craft-kopie,Fermob,Gartentische
2e1fc852-3c1a-4832-a7a1-529bc3644732,old_only,excluded_vendor,active,gartentisch-petale-kopie,Fermob,Gartentische
2e229be2-9d48-4739-b3c7-e958bc9ca2a4,old_only,excluded_vendor,active,brokis-stehlampe-ballons-pc858,Brokis,Stehlampen
2e246954-3cb8-4132-b6a8-96c3751b8ae4,old_only,excluded_vendor,active,fermob-gartensofa-bellevie-2-sitzer,Fermob,Gartensofas
2e3058c4-4927-4af5-bb6c-244906036e1a,old_only,excluded_vendor,active,fermob-stuhl-luxembourg,Fermob,Gartenstühle
2e3931c1-656c-488f-96cb-a4a7e907323b,old_only,excluded_vendor,active,fermob-bellevie-1-sitzer-modul-rechts,Fermob,Gartensofas
2e590878-a334-489f-92ce-279bda47e690,old_only,excluded_vendor,active,gartentisch-ribamelle,Fermob,Gartentische
2e5aa32f-6aa5-438b-bfb7-bcb44e669bef,old_only,excluded_vendor,active,fermob-gartensofa-bellevie-2-sitzer,Fermob,Gartensofas
2e65ae52-222f-4d5c-9a38-562e092108d0,old_only,excluded_vendor,active,fermob-bellevie-zusammenstellung-3b,Fermob,Gartensofas
2e6ea620-10fd-4bbb-8676-f343eb70f3fd,old_only,excluded_vendor,active,fermob-bellevie-2-sitzer-eckmodul-links,Fermob,Gartensofas
2e7579d7-8fd4-4353-9f75-fb1df6d2ee49,old_only,excluded_vendor,active,fermob-bellevie-tisch-140x80cm,Fermob,Gartentische
2e7d60e3-b082-4b88-b9f4-7ebee33732e8,old_only,excluded_vendor,active,fermob-gartensofa-bellevie-2-sitzer,Fermob,Gartensofas
2e8d530b-69de-4c9d-80ed-a11a97477c3c,old_only,excluded_vendor,active,brokis-deckenleuchte-memory-ceiling,Brokis,Deckenleuchten
2e96ec4a-462f-4a03-ae9c-17e0afa980f9,old_only,excluded_vendor,active,fermob-bellevie-3-sitzer-club-sofa-mit-kissen,Fermob,Gartensofas
2eb60710-f9a4-40c3-9673-a4f704f0a411,old_only,excluded_vendor,active,ofyr-wood-storage,Ofyr,Holzlagerung
2ed39ce3-258b-4e7b-91b5-b65b5401bf0a,old_only,excluded_vendor,active,fermob-bistro-tisch-75x57,Fermob,Gartentische
2ee045f8-8eb3-4fcf-98a1-54c53641b14d,old_only,excluded_vendor,active,gartentisch-craft,Fermob,Gartentische
2ee1e171-db37-42ab-8047-64ba04616c97,old_only,excluded_vendor,active,umbrosa-spectra-straight-alu,Umbrosa,Sonnenschirme
2ee27395-2f14-4089-8594-697f56df20e5,old_only,excluded_vendor,active,fermob-basket-blumenkasten-lang,Fermob,Topf
2efd0187-31c2-462b-919c-9a816d1d75ce,old_only,excluded_vendor,active,fermob-bellevie-2-sitzer-modul-links,Fermob,Gartensofas
2f131268-537a-476b-870e-62eec0790b58,old_only,excluded_vendor,active,fermob-alize-beistelltisch,Fermob,Beistelltische
2f167e7d-7d10-409b-aec2-66471fa61e2f,old_only,excluded_vendor,active,fermob-bellevie-3-sitzer-club-sofa-mit-kissen,Fermob,Gartensofas
2f1bdd24-1117-47a1-a93c-4a9053435144,old_only,excluded_vendor,active,fermob-1900-cabriolet-sessel,Fermob,Sessel
2f2569b3-d83b-4a60-b324-12afadf2113f,old_only,excluded_vendor,active,brokis-stehlampe-ballons-pc857,Brokis,Stehlampen
2f2c5ef5-8f3c-4cfc-9402-8816fbbe1c2e,old_only,excluded_product_type,active,tasche-mini-glory-shopper,Natures Collection,Accessoires
2f32f3aa-f9eb-4a08-9f45-a92e118d4d49,old_only,excluded_vendor,active,fermob-surprising-fussablage,Fermob,Hocker
2f37957b-6937-4f60-a9fa-76b3cad457fc,old_only,excluded_vendor,active,gartentisch-floreal,Fermob,Gartentische
2f42c053-4f11-4705-834a-798b413c3b07,old_only,excluded_vendor,active,fermob-bellevie-2-sitzer-club-sofa-mit-kissen,Fermob,Gartensofas
2f5d6276-f610-43e3-9e67-d365b319cfc5,old_only,excluded_vendor,active,thonet-s32-spv,Thonet,Stühle
2f5f50f1-4b3c-4959-9283-31feb344f4aa,old_only,excluded_product_type,active,natures-collection-hockerbezug-aus-neuseelandischesm-schaffell,Natures Collection,Accessoires
2f68f8fc-c66f-4c0a-a39b-f156bfef82d6,old_only,excluded_vendor,active,gartentisch-petale,Fermob,Gartentische
2f776625-4138-4983-88ef-d0ef18b470a3,old_only,excluded_vendor,active,fermob-calvi-tisch-160-x-80-cm,Fermob,Gartentische
2f7cad27-bcea-458a-99a5-3980d0e396f6,old_only,excluded_vendor,active,fermob-bistro-tisch-d77,Fermob,Gartentische
2f8c64b2-fbc4-40eb-9a7b-5c80df73dbc1,old_only,excluded_vendor,active,fermob-luxembourg-lounge-stuhl,Fermob,Sessel
2f8f02eb-ddff-486f-9a68-764336e01769,old_only,excluded_vendor,active,gartenstuhl-studie,Fermob,Gartenstühle
2f978452-aeac-49b6-b61d-bc7fd6e2d44c,old_only,excluded_vendor,active,fermob-bistro-balkontisch,Fermob,Gartentische
2f9c12e3-0e25-41e3-b6ab-384d78e2f5eb,old_only,excluded_vendor,active,brokis-deckenleuchte-memory-ceiling,Brokis,Deckenleuchten
2f9f37d5-9ce0-46c1-8818-e9ddf256a73e,old_only,excluded_vendor,active,fermob-bistro-barstuhl,Fermob,Barstühle
2fb79d9a-1a9b-4542-872f-ae258ea0f206,old_only,excluded_vendor,active,piffany-mr-wattson-original-tischlampe-chiltern-green,Piffany,Tischlampen
2fc68fc8-95c1-4d2f-abd6-5f788ba18b3a,old_only,excluded_vendor,active,fermob-bistrostuhl-naturel,Fermob,Gartenstühle
2fda8ba6-cdc1-49f4-b39c-9172e9bc65e9,old_only,excluded_vendor,active,fermob-bellevie-2-sitzer-eckmodul-links,Fermob,Gartensofas
2fdb6ba4-557d-4173-a37b-8f56b3407cad,old_only,excluded_vendor,active,fermob-bellevie-zusammenstellung-1b,Fermob,Gartensofas
2ff1d3a7-212d-4119-ab3a-b393eaea1f9d,old_only,excluded_product_type,active,kleiderhaken-pi,Ethnicraft,Kleiderhaken
2ffccbea-9e8c-4efe-811d-240d3be67d8d,old_only,excluded_product_type,active,ethnicraft-refined-layers-urban-decke,Ethnicraft,Decken
300e3cfc-58e8-4205-b992-9744500b5aa8,old_only,excluded_product_type,active,manutti-kumo-konzept-5-schutzhulle,Manutti,Abdeckungen
301b2f69-f649-4fe6-86db-ac1f688020d2,old_only,excluded_vendor,active,ofyr-grill-set,Ofyr,Grillzubehör
302c1c46-287b-4836-9305-27378f71953d,old_only,excluded_vendor,active,gartentisch-craft-kopie,Fermob,Gartentische
30346ee9-28b7-482d-a160-8d9b3bfce9e7,old_only,excluded_vendor,active,fermob-bellevie-2-sitzer-club-sofa-mit-kissen,Fermob,Gartensofas
30443d7f-4371-4bea-85f9-2678b71f9fbc,old_only,excluded_vendor,active,fermob-bellevie-3-sitzer,Fermob,Gartensofas
304a91a6-32a2-48e6-a1ad-e433fe020c08,old_only,excluded_vendor,active,fermob-cocotte-basse,Fermob,Beistelltische
304f5246-141e-4be4-8ae3-0c950eb2da12,old_only,excluded_vendor,active,fermob-bellevie-zusammenstellung-1b,Fermob,Gartensofas
305c3a0b-e3cc-4f6b-ac94-3e1c64931f9a,old_only,excluded_vendor,active,fermob-luxembourg-barstuhl-1,Fermob,Barstühle
305de736-b3e9-4dd9-9c25-a82c39e921e5,old_only,excluded_vendor,active,fermob-bellevie-zusammenstellung-2b,Fermob,Gartensofas
3065f027-5640-44c2-afc9-6f4bf4832dff,old_only,excluded_vendor,active,fermob-bellevie-sessel-fur-den-essbereich,Fermob,Gartenstühle
3068913c-48ae-4a59-8551-2972c7edb2e7,old_only,excluded_vendor,active,gubi-seine-tragbare-lampe,Gubi,Dekoration
3084e0f4-e344-4e4e-a432-e16f13a7090a,old_only,excluded_vendor,active,gartentisch-craft-kopie,Fermob,Gartentische
3086b060-0ac0-4f4a-a617-f340c9b45387,old_only,excluded_vendor,active,fermob-stuhl-studie,Fermob,Stühle
308bc8c1-718d-4259-82d3-40d16111bbd5,old_only,excluded_vendor,active,fermob-bellevie-zusammenstellung-1a,Fermob,Gartensofas
3093c692-462c-490b-a3f1-6b5531d51283,old_only,excluded_vendor,active,fermob-bellevie-zusammenstellung-1a,Fermob,Gartensofas
3094ff71-c1d0-403c-812c-cbb661299151,old_only,excluded_vendor,active,fermob-1900-tisch-d117,Fermob,Gartentische
309c93ff-98a5-44d5-82b3-3dafffabf84b,old_only,excluded_vendor,active,fermob-bellevie-3-sitzer,Fermob,Gartensofas
309f31b4-907f-48fd-ac80-4bf2e3b5703b,old_only,excluded_vendor,active,fermob-bellevie-1-sitzer-modul-rechts,Fermob,Gartensofas
30af2d55-fa05-41c1-920d-58bc8fa097bf,old_only,excluded_vendor,active,fermob-stuhl-surprising,Fermob,Gartenstühle
30b32c91-a0a0-4df3-8cd2-268619525a85,old_only,excluded_vendor,active,fermob-bistro-tisch-75x57,Fermob,Gartentische
30b55536-b044-4808-9327-f67d7b227163,old_only,excluded_vendor,active,fermob-1900-cabriolet-sessel,Fermob,Sessel
30e7f12a-c00d-4a79-86ad-4a2e50a6677b,old_only,excluded_vendor,active,fermob-bellevie-1-sitzer-modul-mitte,Fermob,Gartensofas
30ef3690-81ba-417e-9be7-41351418376d,old_only,excluded_vendor,active,fermob-bellevie-1-sitzer-modul-mitte,Fermob,Gartensofas
30f3aa03-3727-4141-92e5-d590ce9e50d1,old_only,excluded_vendor,active,fermob-bellevie-zusammenstellung-1a,Fermob,Gartensofas
31109608-8d64-42f4-aeab-0a5b23b611ae,old_only,excluded_vendor,active,fermob-stuhl-luxembourg,Fermob,Gartenstühle
31121d66-8a96-410c-8a9a-b21f9027e5f7,old_only,excluded_vendor,active,fermob-bellevie-2-sitzer-club-sofa-mit-kissen,Fermob,Gartensofas
312c1ee8-b98a-42a1-88e6-3a59cee9ebfe,old_only,excluded_vendor,active,fermob-tiefer-sessel-luxembourg,Fermob,Sessel
313a201a-54db-421f-b980-45d849176555,old_only,excluded_vendor,active,fermob-luxembourg-lounge-stuhl,Fermob,Sessel
313f2033-ebad-4e0b-9575-dbe23cca8723,old_only,excluded_vendor,active,fermob-bistro-kissen-38-x-30-cm,Fermob,Sitzkissen
316dcbe5-5b3d-4200-a043-48799e048276,old_only,excluded_vendor,active,fermob-cocotte-basse,Fermob,Beistelltische
3170f77a-5068-401a-bcaa-740f5fee7649,old_only,excluded_product_type,active,tribu-schutzhullen,Tribù,Abdeckungen
31864855-4cba-40f3-af38-da398c657c34,old_only,excluded_vendor,active,gartentisch-costa-ausziehbar,Fermob,Gartentische
3189b4d1-d03d-4bef-8356-54896cc4e288,old_only,excluded_vendor,active,fermob-bellevie-1-sitzer-polsterhocker,Fermob,Hocker
31970401-a1ee-46ca-a41d-9889fc3b7fd5,old_only,excluded_vendor,active,gartentisch-romane,Fermob,Gartentische
31a2b757-90a8-4a0f-879d-240af757edcd,old_only,excluded_vendor,active,fermob-bellevie-2-sitzer-modul-mitte,Fermob,Gartensofas
31a59284-2350-4b28-8b0b-320e7e1f7c94,old_only,excluded_vendor,active,fermob-bellevie-zusammenstellung-1a,Fermob,Gartensofas
31aa672b-54b0-4ecb-9603-e5bf5231480e,old_only,excluded_product_type,active,usm-haller-schubladenkasten-inos-k1,USM Haller,Accessoires
31b87560-f7a7-4729-8998-cacd6278a21a,old_only,excluded_vendor,active,fermob-itac-zylindrische-vase-h76,Fermob,Vasen
31bd2b4c-cd92-480d-9a11-5f6864e07b92,old_only,excluded_vendor,active,fermob-2-3-sitzer-bank-mit-ruckenlehne-luxembourg,Fermob,Sitzbänke
31c097c1-87d6-4eac-ba8f-da78ecfb69d9,old_only,excluded_vendor,active,gartentisch-romane,Fermob,Gartentische
31c9bfe6-034e-41a2-998e-f6042310b2e6,old_only,excluded_vendor,active,gartensessel-bellevie,Fermob,Sessel
31d550c7-56ef-4157-866f-d1f057099fea,old_only,excluded_vendor,active,fermob-bellevie-3-sitzer,Fermob,Gartensofas
31e2f2c0-b40b-446f-b8e1-e9b24ff142f0,old_only,excluded_vendor,active,fermob-luxembourg-barstuhl,Fermob,Barstühle
31eb6eb7-4416-4758-9dc4-69b4ef815d78,old_only,excluded_vendor,active,wandlampe-memory-wall,Brokis,Wandleuchten
31ec2d09-4691-4ad7-97e3-26eade708cb2,old_only,excluded_vendor,active,fermob-bellevie-3-sitzer-club-sofa-mit-kissen,Fermob,Gartensofas
31efedff-d70d-4d6b-848d-5b715e46782f,old_only,excluded_vendor,active,fermob-bistrotisch-d117,Fermob,Gartentische
31f16b07-d6fc-49dd-9b9b-5a9fbcdee37d,old_only,excluded_vendor,active,fermob-bistro-metallstuhl,Fermob,Gartenstühle
31f4ccdf-df40-431e-84d5-7495891dcbf8,old_only,excluded_vendor,active,fermob-gartensofa-bellevie-2-sitzer,Fermob,Gartensofas
31fea750-3a6c-42be-a763-df5540ebcf5f,old_only,excluded_vendor,active,fermob-bank-mit-ruckenlehne-bellevie,Fermob,Sitzbänke
32097f6c-37af-44af-9a70-daa2161b3ad2,old_only,excluded_vendor,active,fermob-bellevie-zusammenstellung-2a-1,Fermob,Gartensofas
320c602f-0e0a-459a-9560-bd909b6d247d,old_only,excluded_vendor,active,fermob-bellevie-1-sitzer-modul-mitte,Fermob,Gartensofas
321693d7-2ebf-4a32-97b1-6f02974c8f86,old_only,excluded_product_type,active,natures-collection-man-slipper-double-face-sheepskin,Natures Collection,Dekoration
3216f80c-f126-4f09-9276-10dc57155a54,old_only,excluded_vendor,active,fermob-bellevie-2-sitzer-club-sofa-mit-kissen,Fermob,Gartensofas
321e3caa-13eb-4b7c-bd4f-7edf6c8c75b7,old_only,excluded_vendor,active,gubi-stemlite-tischlampe,Gubi,Tischlampen
321e7a14-bc85-4630-93b6-106c468ed121,old_only,excluded_vendor,active,fermob-luxembourg-tisch-165x100cm,Fermob,Gartentische
322c09db-6b7f-4bf7-a6b4-6742e4b31086,old_only,excluded_vendor,active,fermob-basket-blumenkasten-lang,Fermob,Topf
32450165-b86e-47de-a9ab-e531a7f602e6,old_only,excluded_vendor,active,kerze-pillar-candle-smooth-led-uyuni-outdoor-b8-4-x-h10cm,Piffany,Kerzen
324efec9-f5f9-484b-b699-4759150b9424,old_only,excluded_vendor,active,umbrosa-sonnenschirm-spectra-straight,Umbrosa,Sonnenschirme
3269cf1f-d6aa-4971-8a59-45a9f426e42e,old_only,excluded_vendor,active,ofyr-gartenbank,Ofyr,Sitzbänke
327456b2-da58-4c0b-a129-ce0c302bfecd,old_only,excluded_vendor,active,fermob-bellevie-sessel-fur-den-essbereich,Fermob,Gartenstühle
3276cfd5-142e-4c93-a65f-94c58702cd0d,old_only,excluded_vendor,active,wandlampe-memory-wall,Brokis,Wandleuchten
327b5328-e6ff-4b1f-a97e-4a4a9056d3f9,old_only,excluded_product_type,active,warmflasche-calmo,Weich Alpaca,Accessoires
3281ee31-dc45-48e7-a4dd-3a3308c052dc,old_only,excluded_vendor,active,fermob-bistro-tisch-97x57cm,Fermob,Gartentische
3288f2d9-6f2a-4f76-a32c-85f3a64821aa,old_only,excluded_vendor,active,gartentisch-opera-carronde,Fermob,Gartentische
32ae42f8-3288-463b-a8b8-fdc5ef0ddfbc,old_only,excluded_vendor,active,fermob-bellevie-2-sitzer-polsterhocker,Fermob,Sitzbänke
32b2c507-444a-4a50-bc45-50a1e8aa732e,old_only,excluded_vendor,active,fermob-alize-fussteil-tiefer-sessel,Fermob,Hocker
32bb5a28-127d-4841-aee3-1b4532a025aa,old_only,excluded_vendor,active,fermob-caractere-tisch-128x128cm,Fermob,Gartentische
32bb83dc-728a-4d0a-926d-08cd44103fd9,old_only,excluded_vendor,active,fermob-bellevie-zusammenstellung-1a,Fermob,Gartensofas
32be3009-29c3-49f0-83dd-9e4b8afd0f17,old_only,excluded_vendor,active,gartentisch-opera-oval,Fermob,Gartentische
32c50939-1320-4f92-8822-ea6a51f8fd7e,old_only,excluded_vendor,active,fermob-bellevie-2-sitzer-club-sofa-mit-kissen,Fermob,Gartensofas
32cafd70-8ea9-4ff5-bd83-6c5209ecc030,old_only,excluded_vendor,active,extremis-hopper-picnic-hellwood-240cm,Extremis,Gartentische
32cb6e9b-3b31-486f-983c-7b7262ef3a51,old_only,excluded_vendor,active,fermob-caractere-tisch-90x190,Fermob,Gartentische
32cecfab-be3d-4581-abd7-399d3ce6dcab,old_only,excluded_vendor,active,umbrosa-sonnenschirm-spectra-straight,Umbrosa,Sonnenschirme
32d53e5f-5d1b-4bbf-814d-34980ecd09e0,old_only,excluded_vendor,active,fermob-bellevie-2-sitzer-polsterhocker,Fermob,Sitzbänke
32f6aa22-ba16-480f-bc72-035d49efb876,old_only,excluded_vendor,active,fermob-bellevie-2-sitzer-modul-rechts,Fermob,Gartensofas
32fe29f7-4633-4ee7-864d-d128d14db380,old_only,excluded_vendor,active,kerze-pillar-shoulder-led-uyuni-ivory-o7-8-x-20cm,Piffany,Kerzen
33067fbe-7e7e-4f79-833e-859f39a65761,old_only,excluded_vendor,active,fermob-gartensofa-bellevie-2-sitzer,Fermob,Gartensofas
33097e47-f760-47a3-bbd1-12f128d069df,old_only,excluded_vendor,active,fermob-bellevie-2-sitzer-eckmodul-links,Fermob,Gartensofas
330cf737-76ea-4c18-a001-d45da2cd1816,old_only,excluded_vendor,active,brokis-stehlampe-ballons-pc858,Brokis,Stehlampen
330d0a0a-1aa8-4082-a95a-2da850b3d167,old_only,excluded_vendor,active,fermob-bellevie-2-sitzer-modul-mitte,Fermob,Gartensofas
330e5256-f842-466d-814a-2ec56d31bd63,old_only,excluded_vendor,active,umbrosa-paraflex-wall-square-230,Umbrosa,Sonnenschirme
3321a5e6-85ef-44c5-bd7a-126ec886726f,old_only,excluded_vendor,active,fermob-luxembourg-kid-stuhl,Fermob,Gartenstühle
33228d5d-106f-4151-a6b1-48476b27a341,old_only,excluded_product_type,active,handytasche-gwen-phonebag,Natures Collection,Accessoires
33350fa5-7f0b-4cab-af8d-d2369e0d4bfe,old_only,excluded_vendor,active,fermob-gartensofa-bellevie-2-sitzer,Fermob,Gartensofas
3335310b-ef1c-4236-a94f-dfec579fe220,old_only,excluded_vendor,active,ofyr-loschdeckel,Ofyr,Grillzubehör
333c9c05-cee0-4f80-8aed-9f828c6cf780,old_only,excluded_vendor,active,gartentisch-petale-kopie,Fermob,Gartentische
334afda4-537c-43e3-b509-3f560622ff23,old_only,excluded_vendor,active,fermob-calvi-tisch-160-x-80-cm,Fermob,Gartentische
3364c33f-ef5c-4a6a-90df-f918e4150871,old_only,excluded_vendor,active,fermob-bellevie-2-sitzer-modul-rechts,Fermob,Gartensofas
33798594-9d6c-488c-b185-5cad536d4bc4,old_only,excluded_vendor,active,gartentisch-petale,Fermob,Gartentische
3388c511-949a-4fda-bb82-919b301cdc46,old_only,excluded_vendor,active,fermob-bellevie-3-sitzer-club-sofa-mit-kissen,Fermob,Gartensofas
338c80e9-bb58-4a6d-ba4b-535a368f796f,old_only,excluded_vendor,active,fermob-bellevie-zusammenstellung-2a-1,Fermob,Gartensofas
338ce608-ec01-4ba3-9ab8-6e25825fc0dd,old_only,excluded_vendor,active,fermob-bellevie-2-sitzer-modul-mitte,Fermob,Gartensofas
33925daf-cae5-4064-9f81-d59ec3b3a06c,old_only,excluded_vendor,active,fermob-bellevie-1-sitzer-polsterhocker,Fermob,Hocker
339a3890-3651-45e7-a89a-f89107e5ba5a,old_only,excluded_vendor,active,fermob-bellevie-1-sitzer-modul-links,Fermob,Gartensofas
339e3e68-9e02-498c-9b79-d60bd058b54d,old_only,excluded_vendor,active,fermob-bellevie-1-sitzer-modul-rechts,Fermob,Gartensofas
33ad8395-975d-4b64-96f0-91db558c0f2d,old_only,excluded_vendor,active,fermob-bellevie-2-sitzer-modul-mitte,Fermob,Gartensofas
33c3ed9d-e4b1-4f77-bb08-87a3a5e4f622,old_only,excluded_vendor,active,fermob-bellevie-sessel,Fermob,Sessel
33d25bd0-027f-42d7-adb7-c8ade3d23898,old_only,excluded_product_type,active,manutti-kumo-konzept-1-schutzhulle,Manutti,Abdeckungen
33d87beb-51ed-4332-b807-aa2ea5eefbbf,old_only,excluded_vendor,active,fermob-luxembourg-niedriger-tisch-mit-rollen,Fermob,Couchtische
33de6e9c-96da-4980-ada3-a5ad6b654ccd,old_only,excluded_vendor,active,fermob-bellevie-2-sitzer-club-sofa-mit-kissen,Fermob,Gartensofas
33e96a4b-fc99-44a5-b94d-af1d00a1a236,old_only,excluded_vendor,active,umbrosa-sonnenschirm-spectra-straight,Umbrosa,Sonnenschirme
33f196aa-e503-4c67-8904-732b62063dc7,old_only,excluded_vendor,active,fermob-bellevie-2-sitzer-modul-mitte,Fermob,Gartensofas
33f3660d-5f50-4824-aea2-c85602185871,old_only,excluded_vendor,active,fermob-bellevie-2-sitzer-polsterhocker,Fermob,Sitzbänke
33fe60c4-8b42-4150-af1a-6e119d84c54d,old_only,excluded_vendor,active,fermob-luxembourg-bank-3-4-sitzer,Fermob,Sitzbänke
3402c311-2b15-49b5-a9ab-7e17996f2e92,old_only,excluded_vendor,active,fermob-rollende-bar-luxembourg,Fermob,Servierwagen
34095fea-a615-4c75-91ec-abd5af5c6e03,old_only,excluded_vendor,active,fermob-2-3-sitzer-bank-mit-ruckenlehne-luxembourg,Fermob,Sitzbänke
34132c3b-8785-4810-b150-e054d906a149,old_only,excluded_vendor,active,fermob-cadiz-tiefer-sessel,Fermob,Sessel
34172512-c602-4856-9e9a-c5d1ad13a3ac,old_only,excluded_vendor,active,piffany-mr-wattson-original-tischlampe-chiltern-green,Piffany,Tischlampen
341b796d-9e21-45ee-a065-5ad80dea4054,old_only,excluded_vendor,active,fermob-airloop-tisch-o-60cm,Fermob,Gartentische
341d3cc5-1d35-4b53-bc77-3402ffde6efc,old_only,excluded_vendor,active,fermob-bistro-tisch-d77,Fermob,Gartentische
34281c72-3798-4fe3-8a12-1701550f1c8d,old_only,excluded_vendor,active,fermob-bellevie-sessel,Fermob,Sessel
342f6784-f428-4686-8140-4f4173d9155b,old_only,excluded_vendor,active,gubi-bl1-tisch-lampe,Gubi,Tischlampen
3439dc1b-ea25-4a1f-ba96-9e6ee0b5dde3,old_only,excluded_vendor,active,fermob-luxembourg-tisch-143x80,Fermob,Gartentische
343dfe6e-f1ea-4d55-9ea2-ac851bb232d7,old_only,excluded_vendor,active,fermob-1900-tisch-d96,Fermob,Gartentische
344cd9f2-ed1f-4a74-aabd-5beb715ae86f,old_only,excluded_vendor,active,fermob-bellevie-1-sitzer-polsterhocker,Fermob,Hocker
344eb132-9969-4dd3-8741-3753c40ead74,old_only,excluded_vendor,active,fermob-bellevie-stuhl-v2,Fermob,Gartenstühle
3455a609-ad95-475e-b8d0-eefe3c5266dc,old_only,excluded_vendor,active,fermob-bellevie-1-sitzer-modul-mitte,Fermob,Gartensofas
3455aa32-6371-418e-a353-8490c094de11,old_only,excluded_vendor,active,extremis-hopper-picnic-hellwood-240cm,Extremis,Gartentische
34710700-5daa-4086-9ca7-06020b105704,old_only,excluded_vendor,active,fermob-lorette-ovaler-tisch-160x90,Fermob,Gartentische
347c3f1b-f84e-4f54-8a66-1c7ecbaca56b,old_only,excluded_vendor,active,fermob-bellevie-2-sitzer-eckmodul-rechts,Fermob,Gartensofas
3483515c-1825-4824-b0b4-ba8cfd6ac8ae,old_only,excluded_vendor,active,fermob-bellevie-sessel,Fermob,Sessel
348a1a5f-1e2b-4483-ade1-6612e4e4bed5,old_only,excluded_vendor,active,fermob-lorette-runder-tisch-d110,Fermob,Beistelltische
348ba650-4e71-4d43-b038-8f8764c18f9d,old_only,excluded_product_type,active,tribu-schutzhullen,Tribù,Abdeckungen
3494307d-c346-425b-bdfc-04cc29e41408,old_only,excluded_vendor,active,umbrosa-sonnenschirm-spectra-straight,Umbrosa,Sonnenschirme
3495403d-5963-4506-8392-18c8b7cda905,old_only,excluded_vendor,active,fermob-1900-stuhl,Fermob,Gartenstühle
34c5e4a8-8084-427c-8f9c-d1a0f6566a09,old_only,excluded_product_type,active,geschenkgutschein,Homestorys,Geschenkgutscheine
34c86834-6a95-4b1b-94e5-c980052eb7ca,old_only,excluded_vendor,active,fermob-bellevie-3-sitzer-club-sofa-mit-kissen,Fermob,Gartensofas
34cfa6bb-4fc3-4f63-9d80-ef2ab38f0376,old_only,excluded_product_type,active,scapa-durant-vase-sky-black-l,Scapa,Vasen
34dcdbb1-ba2a-4e24-b556-8c3a20f818c4,old_only,excluded_vendor,active,fermob-1900-kaffeetisch,Fermob,Beistelltische
34e9557e-f15c-4ca8-82f1-072a14247adc,old_only,excluded_vendor,active,mini-wattson-original-table-lamp,Piffany,Tischlampen
34ecc1b4-8928-4fa8-9b55-e1b78487b3f3,old_only,excluded_vendor,active,gartentisch-petale,Fermob,Gartentische
34f05d72-0c34-497e-98ee-1ba24cabfeae,old_only,excluded_vendor,active,fermob-luxembourg-tisch-143x80,Fermob,Gartentische
350a9f55-19b7-4008-8458-09d53d7675ac,old_only,excluded_vendor,active,gubi-stemlite-pendant,Gubi,Hängeleuchten
350c4a8a-8c9d-4fa6-9401-b5c74d94fa75,old_only,excluded_vendor,active,fermob-bistro-tisch-117x117cm,Fermob,Gartentische
352fd9fa-fa5d-408c-aa81-a64d42a9e809,old_only,excluded_vendor,active,fermob-bellevie-1-sitzer-modul-mitte,Fermob,Gartensofas
35336708-35be-4020-a709-45ae4a57c223,old_only,excluded_vendor,active,kerze-light-standard-taper-2er-pack,Piffany,Kerzen
3539a481-d9cd-4492-aa34-766626162664,old_only,excluded_vendor,active,fermob-bellevie-tisch-140x80cm,Fermob,Gartentische
35473635-1a5e-4215-a602-25882cd45dc1,old_only,excluded_vendor,active,fermob-bellevie-2-sitzer-club-sofa-mit-kissen,Fermob,Gartensofas
3580cee3-770c-4e7a-b46d-5f849e53f19e,old_only,excluded_vendor,active,gartentisch-petale,Fermob,Gartentische
3586dad6-6446-494c-b265-5f2970579a84,old_only,excluded_vendor,active,fermob-bistro-tisch-d60,Fermob,Gartentische
358a199a-706b-4053-950c-d8483978f283,old_only,excluded_vendor,active,fermob-bistro-tisch-97x57cm,Fermob,Gartentische
3591bb2d-3653-47ae-8369-03267a9b9eed,old_only,excluded_vendor,active,gartentisch-ribamelle,Fermob,Gartentische
35996967-a6c1-4b13-963c-2db38e0d9cf5,old_only,excluded_vendor,active,fermob-bellevie-2-sitzer-modul-links,Fermob,Gartensofas
35b7ba35-47b6-4109-856f-3277a4eee352,old_only,excluded_product_type,active,tribu-schutzhullen,Tribù,Abdeckungen
35c0b8f1-ae3a-48c1-bc65-24c6e0bb3187,old_only,excluded_vendor,active,fermob-bellevie-2-sitzer-polsterhocker,Fermob,Sitzbänke
35db8f37-4f49-4672-970b-a444e12c6a27,old_only,excluded_vendor,active,fermob-luxembourg-niedriger-doppelter-tisch,Fermob,Couchtische
35e6bc30-3f67-465e-a594-b0819ec49895,old_only,excluded_vendor,active,fermob-bellevie-hoher-tisch-140x80cm,Fermob,Bartische
35eeb61b-9ab8-41ae-a5a3-5d06c09e487d,old_only,excluded_vendor,active,gartentisch-costa-ausziehbar,Fermob,Gartentische
3610ed53-0649-48d2-b30d-988d264413d8,old_only,excluded_vendor,active,fermob-bellevie-1-sitzer-modul-mitte,Fermob,Gartensofas
361a2b49-bb4e-49b0-a211-f3040354b56a,old_only,excluded_vendor,active,fermob-bellevie-zusammenstellung-1a,Fermob,Gartensofas
361b3bf5-2473-4059-9e16-e0c1ec4901a0,old_only,excluded_vendor,active,fermob-tiefer-sessel-luxembourg,Fermob,Sessel
362c2997-0914-44b2-804b-36856868d7cb,old_only,excluded_vendor,active,extremis-hopper-picnic-iroko-360cm,Extremis,Gartentische
363060db-de3d-4733-a4ab-3efb10ade7dd,old_only,excluded_vendor,active,gartentisch-costa-ausziehbar,Fermob,Gartentische
36389a32-aab5-48f9-8c44-d263e51175ad,old_only,excluded_vendor,active,fermob-lorette-ovaler-tisch-160x90,Fermob,Gartentische
363c655f-0736-4b66-8bc1-37d773e27c9e,old_only,excluded_product_type,active,ethnicraft-tablett-second-nature-rund,Ethnicraft,Accessoires
365c2573-9115-434f-aa1c-ea38eff1225a,old_only,excluded_vendor,active,fermob-bellevie-hoher-tisch-140x80cm,Fermob,Bartische
36662ec9-6db7-42d9-b43c-84de0ad87548,old_only,excluded_product_type,active,ethnicraft-pi-wandhaken,Ethnicraft,Kleiderhaken
368256eb-b66b-4794-819a-0cf92c90b5fd,old_only,excluded_vendor,active,ofyr-accessoires-brazilian-grill-ring-100,Ofyr,Grillzubehör
368c0c0b-7ea5-4c8a-9064-bc07aa4b180a,old_only,excluded_vendor,active,fermob-bellevie-2-sitzer-modul-mitte,Fermob,Gartensofas
368c2f84-77dc-499a-aec9-5ca557e47ead,old_only,excluded_vendor,active,fermob-cadiz-hoher-armlehnstuhl-stereo,Fermob,Gartenstühle
368d0b7a-14fe-4f4c-96a9-b4efbe18d337,old_only,excluded_vendor,active,fermob-calvi-tisch-140-x-140-cm,Fermob,Gartentische
3695ac6b-7e1c-402a-b55c-26835366c251,old_only,excluded_vendor,active,fermob-luxembourg-barstuhl-1,Fermob,Barstühle
369b2ed4-dcd4-454a-87c8-36db4cc5ec10,old_only,excluded_vendor,active,fermob-bellevie-zusammenstellung-2a-1,Fermob,Gartensofas
36a2c8f3-55c1-4f8b-95fb-cbb07d135f8d,old_only,excluded_vendor,active,extremis-gartentisch-pantagruel,Extremis,Gartentische
36a3429d-5a68-4a5b-bb45-2a9817f68f79,old_only,excluded_vendor,active,piffany-uyuni-lighting-outdoor-lantern,Piffany,Kerzen
36a92e44-f8d3-4d93-9426-572171937234,old_only,excluded_vendor,active,extremis-gartentisch-pantagruel-picnic,Extremis,Gartentische
36a93651-e0e4-43b2-aea9-0b4f752dd155,old_only,excluded_vendor,active,fermob-bank-mit-ruckenlehne-bellevie,Fermob,Sitzbänke
36c4d5d2-3c78-4e63-890e-d5ab7939d09e,old_only,excluded_vendor,active,fermob-bellevie-2-sitzer-eckmodul-rechts,Fermob,Gartensofas
36cba980-81fa-4a5d-bf37-5aa2e21a9a45,old_only,excluded_vendor,active,fermob-bellevie-sessel-fur-den-essbereich,Fermob,Gartenstühle
36d09fdc-2185-4fd4-8f21-0ac6c0c68e47,old_only,excluded_product_type,active,libeco-kissenbezug-the-moroccan-stripe,Libeco,Dekoration
36d6a46e-7246-448d-9eb0-5d7b35b42e78,old_only,excluded_vendor,active,fermob-bellevie-1-sitzer-modul-rechts,Fermob,Gartensofas
36f6f4fa-3f2c-4091-8d21-5c97c4b6ac67,old_only,excluded_vendor,active,fermob-stuhl-luxembourg,Fermob,Gartenstühle
36fa3ab8-5c40-4dc1-9b6e-868d7d3c65d1,old_only,excluded_vendor,active,gartentisch-petale,Fermob,Gartentische
370c55f5-03d5-4fcf-83cb-848d4b4e9adc,old_only,excluded_vendor,active,wandlampe-memory-wall,Brokis,Wandleuchten
3712d942-1738-49b5-8c12-aca5248595b7,old_only,excluded_vendor,active,fermob-bellevie-1-sitzer-modul-rechts,Fermob,Gartensofas
37184329-cf90-4ac9-88a3-73aa86a6e401,old_only,excluded_vendor,active,wandlampe-memory-wall,Brokis,Wandleuchten
372f2446-1882-4fda-baf1-022b8d343552,old_only,excluded_vendor,active,fermob-bellevie-2-sitzer-modul-links,Fermob,Gartensofas
37391e59-3473-4988-a303-00ae58e691f2,old_only,excluded_vendor,active,fermob-bank-louisiana-150cm,Fermob,Sitzbänke
3742ef6e-13e7-4e54-a838-46c04522efa8,old_only,excluded_vendor,active,gartentisch-romane-rund,Fermob,Gartentische
375f0814-d071-4bf9-b9fc-ca36e7172d41,old_only,excluded_vendor,active,gartentisch-floreal,Fermob,Gartentische
376e3191-275e-4c4f-8a86-7bbfbe44c1d4,old_only,excluded_vendor,active,fermob-bellevie-1-sitzer-modul-mitte,Fermob,Gartensofas
37797d45-cb50-45af-942a-c6b7b9db8868,old_only,excluded_vendor,active,fermob-bellevie-zusammenstellung-3b,Fermob,Gartensofas
377c0973-991c-4e1e-9b72-3f42eff46886,old_only,excluded_vendor,active,fermob-bellevie-1-sitzer-modul-links,Fermob,Gartensofas
377e95d7-a6ce-4b70-9ba7-ea1c0f119813,old_only,excluded_vendor,active,fermob-bellevie-2-sitzer-polsterhocker,Fermob,Sitzbänke
37850046-9444-4fd1-b071-0768015a2234,old_only,excluded_product_type,active,tribu-schutzhullen,Tribù,Abdeckungen
378ac653-6236-4af6-b29a-3f384e7e7801,old_only,excluded_vendor,active,fermob-tiefer-sessel-luxembourg,Fermob,Sessel
379484ca-fb71-48a5-9482-0617d186ec89,old_only,excluded_vendor,active,fermob-bellevie-2-sitzer-modul-links,Fermob,Gartensofas
37a3fc69-5fca-4ea1-9f75-653a8bb51873,old_only,excluded_vendor,active,fermob-lorette-runder-tisch-d110,Fermob,Beistelltische
37b4ec33-33f8-45f8-87fc-cf1d7e3a5e72,old_only,excluded_vendor,active,schaukelstuhl-surprising,Fermob,Sessel
37c1a74e-05af-4651-800b-c6465f25604a,old_only,excluded_vendor,active,fermob-1900-cabriolet-sessel,Fermob,Sessel
37cf73d5-da12-4702-97c4-7615cd214933,old_only,excluded_vendor,active,fermob-calvi-tisch-160-x-80-cm,Fermob,Gartentische
37d27c26-1250-49eb-9bfa-dad6a84e7a45,old_only,excluded_product_type,active,cane-line-grow-pflanzengefass,Cane-line,Dekoration
37f58e39-4ded-4367-935b-c23fa4026c2f,old_only,excluded_vendor,active,extremis-hopper-picnic-hellwood-360cm,Extremis,Gartentische
380a2d79-88b1-499e-b15c-d1c7b4f1be78,old_only,excluded_vendor,active,fermob-bellevie-2-sitzer-eckmodul-links,Fermob,Gartensofas
3817ca20-dfb9-4d3d-aa44-18a688c91eff,old_only,excluded_vendor,active,gubi-esstischstuhl-beetle,Gubi,Stühle
382ea223-f2d9-46a5-b286-5eb095e5f4ea,old_only,excluded_vendor,active,brokis-deckenleuchte-memory-ceiling,Brokis,Deckenleuchten
3830efbd-fa84-450e-b34b-57dbd0c5ed3e,old_only,excluded_vendor,active,fermob-bellevie-2-sitzer-modul-links,Fermob,Gartensofas
384f9f9a-c872-4371-b24b-686b2e3dfb45,old_only,excluded_product_type,active,warmflasche-calmo,Weich Alpaca,Accessoires
3862f87d-698a-4065-b8b0-be334122ecce,old_only,excluded_vendor,active,fermob-gartensofa-bellevie-2-sitzer,Fermob,Gartensofas
386a5175-829c-4281-a2c4-66094a0dbcc9,old_only,excluded_vendor,active,fermob-bellevie-zusammenstellung-3a,Fermob,Gartensofas
386dc3db-17fd-4cd8-8884-c579622ae1da,old_only,excluded_vendor,active,fermob-bellevie-zusammenstellung-3a,Fermob,Gartensofas
3880b207-0870-4edd-a390-74465a117d77,old_only,excluded_product_type,active,ethnicraft-tablett-outdoor-teakholz,Ethnicraft,Accessoires
38902142-2869-4a07-87d4-fbcb4298a961,old_only,excluded_vendor,active,gubi-multi-lite-tischlampe,Gubi,Tischlampen
389c0e56-6485-4f6a-bcd6-4fa05a6e192f,old_only,excluded_vendor,active,fermob-bellevie-1-sitzer-modul-rechts,Fermob,Gartensofas
38a638ce-58ff-40de-bf8c-6ed695ff2017,old_only,excluded_vendor,active,tischlampe-spectra,Brokis,Tischlampen
38b0602c-82b6-4e9e-a55f-718e8f36f2a1,old_only,excluded_vendor,active,fermob-calvi-tisch-140-x-140-cm,Fermob,Gartentische
38b7fbfb-cd22-4d09-8e02-778683af0a56,old_only,excluded_vendor,active,fermob-bellevie-3-sitzer,Fermob,Gartensofas
38c34d58-4716-4c39-ab07-8d4e749349b8,old_only,excluded_product_type,active,natures-collection-decke-aus-mohairwolle-doppelseitige,Natures Collection,Decken
38c6b3ba-4bc2-4163-9662-78cc40bcca88,old_only,excluded_vendor,active,fermob-bellevie-3-sitzer-club-sofa-mit-kissen,Fermob,Gartensofas
38cb8a45-9e47-462e-b9f3-e03007f94f51,old_only,excluded_vendor,active,fermob-bistro-tisch-97x57cm,Fermob,Gartentische
38db2aa2-4007-45c4-9011-7efae19361ab,old_only,excluded_vendor,active,thonet-stuhl-209,Thonet,Stühle
38e81d20-5838-426f-a5ee-cabfcaed60a6,old_only,excluded_vendor,active,fermob-gartensofa-bellevie-2-sitzer,Fermob,Gartensofas
38e9b46c-20b8-4eec-9982-1f96d6b668a1,old_only,excluded_vendor,active,fermob-bellevie-2-sitzer-modul-rechts,Fermob,Gartensofas
38f1bbf6-2126-4203-8cf3-4c860d66bf56,old_only,excluded_vendor,active,fermob-bellevie-2-sitzer-club-sofa-mit-kissen,Fermob,Gartensofas
39164d0d-8e9b-4c06-bc2f-6b95673c926a,old_only,excluded_vendor,active,fermob-1900-cabriolet-sessel,Fermob,Sessel
392b6808-65f0-4fb4-b806-cf2b086e9d65,old_only,excluded_vendor,active,fermob-bellevie-hoher-tisch-74x80cm,Fermob,Bartische
3956b76f-c873-4c7f-b0a7-04e6566cd8fa,old_only,excluded_vendor,active,fermob-1900-tisch-d96,Fermob,Gartentische
39738ad0-4adf-496f-8286-07b46b97f237,old_only,excluded_vendor,active,umbrosa-sonnenschirm-spectra,Umbrosa,Sonnenschirme
397c2cb7-53ab-437c-b8dd-078dc14f9ebd,old_only,excluded_vendor,active,fermob-bellevie-1-sitzer-modul-mitte,Fermob,Gartensofas
397c7c85-d270-4a39-97fb-50c6cf63d1fa,old_only,excluded_vendor,active,fermob-bellevie-2-sitzer-modul-mitte,Fermob,Gartensofas
397f52fa-abc6-4705-870a-ef27b6b6dc11,old_only,excluded_vendor,active,fermob-bellevie-1-sitzer-modul-links,Fermob,Gartensofas
3992add2-5fa4-41e2-96ea-a31c26e6ef5a,old_only,excluded_vendor,active,thonet-s32-nh,Thonet,Stühle
39b05892-d59b-46e1-9261-b9d8635e17b9,old_only,excluded_vendor,active,gubi-moon-multi-lite-pendant-small,Gubi,Hängeleuchten
39b0e137-e9de-4272-bd94-1ba22ae16e6d,old_only,excluded_vendor,active,fermob-bellevie-sessel,Fermob,Sessel
39b14982-b16c-4c53-aa2d-7ef734bf3c6d,old_only,excluded_vendor,active,fermob-luxembourg-niedriger-tisch-mit-rollen,Fermob,Couchtische
39b36c18-a9b9-4f09-a31c-7f99667d44a5,old_only,excluded_vendor,active,fermob-lorette-bridge,Fermob,Gartenstühle
39ba4745-8309-41cd-ba73-496fc3f32298,old_only,excluded_vendor,active,fermob-bellevie-3-sitzer,Fermob,Gartensofas
39c8b750-42bb-4bd7-966b-8e3e31f57184,old_only,excluded_product_type,active,natures-collection-schaffell-handtasche-maxi-glory,Natures Collection,Accessoires
39d35e34-10cb-4363-9105-55a9fd3c6637,old_only,excluded_vendor,active,fermob-luxembourg-kid-tisch-76x55cm,Fermob,Gartentische
39ef0613-2d96-4239-b22a-3e9fd5dc15c8,old_only,excluded_vendor,active,fermob-tiefer-sessel-luxembourg,Fermob,Sessel
39efc10e-0d45-40bf-b35f-9a3516363289,old_only,excluded_vendor,active,extremis-gartentisch-pantagruel-picnic,Extremis,Gartentische
39f84dcc-f7fc-49e9-a739-c79f6ead3110,old_only,excluded_product_type,active,tribu-schutzhullen,Tribù,Abdeckungen
3a042d73-5624-47fa-b0b3-9e41ea58e9a3,old_only,excluded_vendor,active,fermob-bebop-niedriger-tisch-120-x-70-x-29cm,Fermob,Beistelltische
3a1cfd38-714b-4333-ae05-5a9c82aeb046,old_only,excluded_vendor,active,fermob-schaukelstuhl-luxembourg,Fermob,Sessel
3a1e3d61-3b88-4ced-9561-c446802900d2,old_only,excluded_vendor,active,gubi-tragbare-lampe-obello,Gubi,Tischlampen
3a492abc-98ca-4564-90d4-be4eb5877927,old_only,excluded_vendor,active,gubi-esstischstuhl-beetle-3d-furnier,Gubi,Stühle
3a5daec3-912c-4716-8411-034bf9ea42ab,old_only,excluded_vendor,active,fermob-bellevie-2-sitzer-modul-rechts,Fermob,Gartensofas
3a6641c9-be96-486e-bb39-b183ca857071,old_only,excluded_vendor,active,fermob-bellevie-1-sitzer-modul-mitte,Fermob,Gartensofas
3a6d670a-e7a9-4559-b40f-4ef038478282,old_only,excluded_vendor,active,fermob-bellevie-1-sitzer-modul-links,Fermob,Gartensofas
3a78afab-c383-48d5-9898-f6433aeb0474,old_only,excluded_vendor,active,gartentisch-craft-kopie,Fermob,Gartentische
3a835565-9d91-4d7a-912a-65bdc30087c6,old_only,excluded_vendor,active,gubi-bl1-tisch-lampe,Gubi,Tischlampen
3a9b0844-2710-4083-bb1b-781e56e00697,old_only,excluded_product_type,active,ethnicraft-papierkorb-holz-handgefertigt,Ethnicraft,Dekoration
3a9c88bd-981d-40f9-8cde-f7ca1f527362,old_only,excluded_vendor,active,fermob-luxembourg-niedriger-doppelter-tisch,Fermob,Couchtische
3aa4cd7f-97e5-4ed8-8e8f-8d44b65a3676,old_only,excluded_vendor,active,fermob-bellevie-1-sitzer-modul-mitte,Fermob,Gartensofas
3ab287fa-c80b-4393-a47d-8636180d1d71,old_only,excluded_product_type,active,tribu-schutzhullen,Tribù,Abdeckungen
3ab60197-8030-4462-a623-0b8e026da390,old_only,excluded_vendor,active,ofyr-grill-island,Ofyr,Grills
3ad38bba-6668-454e-8f00-61c47b805769,old_only,excluded_vendor,active,fermob-bellevie-2-sitzer-modul-mitte,Fermob,Gartensofas
3ad9db05-2ef3-4cac-ac45-8c213df09b6a,old_only,excluded_vendor,active,fermob-surprising-tiefer-sessel,Fermob,Sessel
3ae68f83-fec2-417d-b534-74ce2084c3ec,old_only,excluded_vendor,active,fermob-bistro-tisch-97x57cm,Fermob,Gartentische
3afaa513-7d62-4829-91c2-829e8cbe4b55,old_only,excluded_vendor,active,fermob-basket-blumenkasten-hoch,Fermob,Topf
3b048df6-bdc9-4dbf-aa3d-d6e3cf86f3a8,old_only,excluded_vendor,active,fermob-bellevie-2-sitzer-modul-links,Fermob,Gartensofas
3b0e1de2-0e66-4f0d-a0a6-44df260aab81,old_only,excluded_vendor,active,fermob-bellevie-1-sitzer-polsterhocker,Fermob,Hocker
3b3b4b9f-9b57-4442-b48f-74661275caa7,old_only,excluded_vendor,active,fermob-tisch-luxembourg,Fermob,Gartentische
3b3ca41d-5c72-4908-87d7-9efadd1eb3b7,old_only,excluded_vendor,active,fermob-1900-cabriolet-sessel,Fermob,Sessel
3b489c7d-c708-41fd-8502-4c1c49fe9dd3,old_only,excluded_vendor,active,fermob-bellevie-tisch-74x80cm,Fermob,Gartentische
3b535da1-5f5c-49c1-a895-975993de98d0,old_only,excluded_vendor,active,gartentisch-petale-kopie,Fermob,Gartentische
3b551a0d-6506-41a3-9a7d-04ad0d2c4286,old_only,excluded_vendor,active,fermob-bellevie-zusammenstellung-3b,Fermob,Gartensofas
3b624e88-842f-405a-a854-93c0ac674c2a,old_only,excluded_vendor,active,kerze-pillar-smooth-led-uyuni-ivory-o10-1-x-20-cm,Piffany,Kerzen
3b6a8fab-ab49-4374-afde-41163a8b2680,old_only,excluded_vendor,active,gartentisch-petale-kopie,Fermob,Gartentische
3b799cde-20d7-4233-8bac-cadac227a9d6,old_only,excluded_vendor,active,fermob-bellevie-2-sitzer-eckmodul-rechts,Fermob,Gartensofas
3b8e8ee2-d37e-4ced-990f-e04fa5a7407f,old_only,excluded_vendor,active,fermob-1900-kaffeetisch,Fermob,Beistelltische
3b9d714b-ec4a-4683-814e-b17b24e7f9a8,old_only,excluded_vendor,active,ofyr-grill-set,Ofyr,Grillzubehör
3bb0e5d3-c488-443a-9db8-f10dca181e49,old_only,excluded_vendor,active,fermob-bellevie-2-sitzer-eckmodul-rechts,Fermob,Gartensofas
3bbae8e8-e9cd-4a42-804c-f447d172be7a,old_only,excluded_vendor,active,fermob-alto-tablett-klein,Fermob,Tabletts
3bbc01da-1fcd-4eae-ad15-5d7aab44a19f,old_only,excluded_vendor,active,fermob-bellevie-zusammenstellung-3a,Fermob,Gartensofas
3bc65b76-33d9-4bf7-8a09-065f23d56883,old_only,excluded_vendor,active,fermob-alize-sonnenliege-stereo,Fermob,Sonnenliegen
3bcce68f-912b-4073-8a58-4adfabe5256c,old_only,excluded_vendor,active,fermob-bellevie-2-sitzer-modul-mitte,Fermob,Gartensofas
3bce0f25-c79e-46c7-9e39-1b7b8d2ff6fa,old_only,excluded_vendor,active,fermob-bellevie-1-sitzer-polsterhocker,Fermob,Hocker
3be260a1-4259-4a23-a1a9-947a31b4f610,old_only,excluded_vendor,active,fermob-bistro-tisch-117x117cm,Fermob,Gartentische
3c00d6a0-7b2c-4121-8930-9161dc0ce1b3,old_only,excluded_vendor,active,thonet-stuhl-209,Thonet,Stühle
3c3aacce-06d1-4d22-b28f-56ce31b3691d,old_only,excluded_product_type,active,geschenkgutschein,Homestorys,Geschenkgutscheine
3c49b8eb-5c6b-4501-9d51-dae78afc32c2,old_only,excluded_vendor,active,fermob-bellevie-2-sitzer-eckmodul-links,Fermob,Gartensofas
3c55806d-169a-4c46-96df-769b5e74e935,old_only,excluded_vendor,active,fermob-bellevie-zusammenstellung-3b,Fermob,Gartensofas
3c5753ee-05f2-4214-ae90-7cd1ddf9e5dd,old_only,excluded_vendor,active,fermob-rollende-bar-luxembourg,Fermob,Servierwagen
3c9d1c8e-9e67-431a-8e53-c76a062d169f,old_only,excluded_vendor,active,fermob-bellevie-2-sitzer-modul-links,Fermob,Gartensofas
3c9d4242-73ad-47d0-9930-cc4f1dfd60d9,old_only,excluded_vendor,active,gartentisch-petale,Fermob,Gartentische
3cb9d63c-141e-4523-959f-024efbbefcbc,old_only,excluded_vendor,active,fermob-gartensofa-bellevie-2-sitzer,Fermob,Gartensofas
3cd04706-de63-4969-a466-252260d2a235,old_only,excluded_vendor,active,fermob-bistro-metallstuhl,Fermob,Gartenstühle
3cdbe92d-639d-49e3-bd6f-319e03a518b8,old_only,excluded_vendor,active,umbrosa-spectra-straight-alu,Umbrosa,Sonnenschirme
3ce3339f-8749-482e-a92f-1250657b4e6c,old_only,excluded_vendor,active,fermob-bank-bellevie,Fermob,Sitzbänke
3cee51b3-e6d0-44ba-8248-ed0f7416b24e,old_only,excluded_vendor,active,fermob-bellevie-1-sitzer-modul-rechts,Fermob,Gartensofas
3d0f6269-fc75-4963-91ec-2379050f440c,old_only,excluded_vendor,active,fermob-bellevie-zusammenstellung-1b,Fermob,Gartensofas
3d10e8ce-0c75-4920-afe9-7c4f5e8f1c77,old_only,excluded_vendor,active,fermob-bellevie-sessel,Fermob,Sessel
3d18f43a-789c-49c6-b638-a665bb848340,old_only,excluded_vendor,active,fermob-schaukelstuhl-luxembourg,Fermob,Sessel
3d2a8251-283b-4fad-872a-04b186b3b25e,old_only,excluded_vendor,active,fermob-bellevie-2-sitzer-polsterhocker,Fermob,Sitzbänke
3d329f8f-7dad-4804-a4a2-355aae346ca7,old_only,excluded_vendor,active,fermob-bellevie-3-sitzer,Fermob,Gartensofas
3d4a22a9-41d0-44ac-b754-f202957fb641,old_only,excluded_vendor,active,fermob-bellevie-2-sitzer-eckmodul-rechts,Fermob,Gartensofas
3d56bc51-52cd-41ae-8cb9-b8a871293206,old_only,excluded_vendor,active,fermob-bistro-tisch-97x57cm,Fermob,Gartentische
3d5b6df6-bf78-4066-9e87-4b5b29df4a1b,old_only,excluded_product_type,active,manutti-protective-covers-radoc,Manutti,Abdeckungen
3d5c421d-05e4-4fb1-8f44-9bade93a3ff2,old_only,excluded_vendor,active,gartentisch-floreal,Fermob,Gartentische
3d63aa02-941b-4b2a-aee7-d6c2f0b1538e,old_only,excluded_vendor,active,fermob-luxembourg-tisch-mit-4-fusse-80x80,Fermob,Gartentische
3d7d0c4e-4864-46db-ad7c-2b211730ea1e,old_only,excluded_product_type,active,scapa-pott-raja-walnut,Scapa,Dekoration
3d80b8b2-2540-47cd-8b27-993b6f1785fa,old_only,excluded_vendor,active,fermob-bellevie-zusammenstellung-1b,Fermob,Gartensofas
3d81698c-5603-43c7-aff3-252166f23548,old_only,excluded_vendor,active,fermob-lampe-mooon-h41,Fermob,Tischlampen
3d818be1-ce79-4a0a-bba7-eb9ea6b9e4f6,old_only,excluded_product_type,active,tribu-eclipse-runder-lyptusholz-sonnenschirm,Tribù,Sonnenschirme
3d8e1f61-3c5d-42c7-9d8a-c20a615c90ad,old_only,excluded_vendor,active,fermob-bellevie-zusammenstellung-1b,Fermob,Gartensofas
3d99479a-e413-42be-af03-8311d1b35f2c,old_only,excluded_vendor,active,fermob-bank-mit-ruckenlehne-bellevie,Fermob,Sitzbänke
3da1043a-b45f-43c3-95e9-eec6420eb885,old_only,excluded_vendor,active,fermob-bellevie-2-sitzer-eckmodul-rechts,Fermob,Gartensofas
3da67417-6489-436f-aa6d-e5a637fb801b,old_only,excluded_product_type,active,warmflasche-calmo,Weich Alpaca,Accessoires
3dc84d2b-ec75-4388-8656-4c7ab4e7c81c,old_only,excluded_vendor,active,fermob-bellevie-2-sitzer-modul-mitte,Fermob,Gartensofas
3dcf4e42-2ed2-40c8-a759-973eeb471bc3,old_only,excluded_vendor,active,fermob-bank-louisiana-150cm,Fermob,Sitzbänke
3dd1e907-6f86-487a-bddc-46d26d26aa08,old_only,excluded_vendor,active,gubi-bl1-tisch-lampe,Gubi,Tischlampen
3de3b2ee-ce30-4dd7-85a6-e03191c98fe3,old_only,excluded_vendor,active,fermob-bellevie-sessel-fur-den-essbereich,Fermob,Gartenstühle
3de4a21b-d9de-4880-9fd6-241d7e88d4b5,old_only,excluded_vendor,active,brokis-stehlampe-ballons-pc857,Brokis,Stehlampen
3df7a506-257d-4b7f-a35c-4eb62cd4ab32,old_only,excluded_vendor,active,fermob-gartensofa-bellevie-2-sitzer,Fermob,Gartensofas
3e0552bb-ecfb-4626-868e-126080fc1bb9,old_only,excluded_vendor,active,fermob-bellevie-tisch-196x90cm,Fermob,Gartentische
3e0882fe-d0b2-4139-9c06-47b59cf9444e,old_only,excluded_vendor,active,umbrosa-sonnenschirm-spectra,Umbrosa,Sonnenschirme
3e168fda-80de-4f2a-865f-0e6d15fa7ffb,old_only,excluded_vendor,active,fermob-basket-blumenkasten-hoch,Fermob,Topf
3e2ee452-1b65-4859-bf1d-a691e429bf1b,old_only,excluded_vendor,active,gartentisch-flower-kopie,Fermob,Gartentische
3e31c795-b539-43f3-8c52-8da89c094beb,old_only,excluded_product_type,active,scapa-kissenbezug-aberdeen,Scapa,Dekoration
3e603320-02e7-4aac-b56d-e988225d511a,old_only,excluded_vendor,active,fermob-bellevie-2-sitzer-eckmodul-links,Fermob,Gartensofas
3e74bf65-ca24-49d4-a442-406d02268cd7,old_only,excluded_vendor,active,fermob-bellevie-1-sitzer-polsterhocker,Fermob,Hocker
3e803c8c-69aa-48f1-ab00-4211eb859f52,old_only,excluded_vendor,active,gartentisch-romane,Fermob,Gartentische
3e8d0ac6-4580-4821-8d76-11261b945d8e,old_only,excluded_vendor,active,fermob-bellevie-hoher-tisch-140x80cm,Fermob,Bartische
3e94d5c9-ed6f-4521-97a0-b89e553f4d3a,old_only,excluded_vendor,active,fermob-armlehnstuhl-studie,Fermob,Stühle
3eb1fada-6516-4317-9af5-37ee9f1d167c,old_only,excluded_vendor,active,ofyr-grill-classic,Ofyr,Grills
3ebab60c-e057-4fc9-bb01-388de70fb31a,old_only,excluded_vendor,active,fermob-bellevie-2-sitzer-eckmodul-links,Fermob,Gartensofas
3ec0c82d-e553-488f-b42e-926b1a61273e,old_only,excluded_vendor,active,gartentisch-costa-ausziehbar,Fermob,Gartentische
3ecb732a-795c-406c-98b1-79f8471b8d8f,old_only,excluded_vendor,active,gartentisch-floreal,Fermob,Gartentische
3ecdea8d-929c-4d68-8abe-58cb728ae760,old_only,excluded_product_type,active,scapa-cortina-decke-mosterd,Scapa,Decken
3eda9010-e821-42a0-8412-23ed7d46cad2,old_only,excluded_vendor,active,fermob-stuhl-luxembourg,Fermob,Gartenstühle
3ee1e685-8bbe-419a-96a7-4c9de3266570,old_only,excluded_vendor,active,umbrosa-spectra-straight-alu,Umbrosa,Sonnenschirme
3eee5303-db67-4736-a62b-b82f59d111c1,old_only,excluded_vendor,active,fermob-bellevie-2-sitzer-modul-mitte,Fermob,Gartensofas
3ef4748b-45c6-46d5-9761-264079ca4cfb,old_only,excluded_vendor,active,fermob-bellevie-zusammenstellung-2a-1,Fermob,Gartensofas
3ef91ceb-05b3-4013-b207-1b15a138ceb1,old_only,excluded_vendor,active,fermob-bellevie-1-sitzer-modul-links,Fermob,Gartensofas
3f0cd52d-722f-43e0-a512-c611937a78c6,old_only,excluded_product_type,active,ethnicraft-outdoor-schutzhuelle-rund-essgruppe,Ethnicraft,Abdeckungen
3f1328f7-0bd2-400c-a8e2-5af643e102d4,old_only,excluded_vendor,active,brokis-stehlampe-ballons-pc858,Brokis,Stehlampen
3f275e2a-b81f-4fd6-985c-3c50de73b57e,old_only,excluded_vendor,active,fermob-bellevie-1-sitzer-modul-rechts,Fermob,Gartensofas
3f2a79d7-f056-450d-bf15-253c04e6664c,old_only,excluded_vendor,active,gartentisch-flower-kopie,Fermob,Gartentische
3f3519e1-9296-4698-9742-828b68b9b3ee,old_only,excluded_vendor,active,fermob-untersetzer-cactus,Fermob,Dekoration
3f37e99d-1557-45f7-8d5d-eb7fcc481559,old_only,excluded_vendor,active,fermob-calvi-tisch-160-x-80-cm,Fermob,Gartentische
3f3976cf-4907-4ba5-b66b-95f99bd263f2,old_only,excluded_vendor,active,fermob-bellevie-2-sitzer-modul-mitte,Fermob,Gartensofas
3f4192ab-4fdc-434c-93f4-9f1258592f91,old_only,excluded_vendor,active,fermob-gartensofa-bellevie-2-sitzer,Fermob,Gartensofas
3f4f4cb9-e96e-4309-9e55-3cf70d15db58,old_only,excluded_vendor,active,fermob-bistro-balkontisch,Fermob,Gartentische
3f502178-66e4-442c-8e78-e88300af26bc,old_only,excluded_vendor,active,brokis-stehlampe-balloons-pc856,Brokis,Stehlampen
3f559a39-b7e0-4c64-9cac-d04d48417dfb,old_only,excluded_product_type,active,usm-haller-schubladenkasten-inos-k1,USM Haller,Accessoires
3f714d24-7f89-470b-9bd0-bc51e86732df,old_only,excluded_product_type,active,cane-line-parasols-sunshade-sonnenschirm-antrazit,Cane-line,Sonnenschirme
3f75a6f9-9ea7-451d-b125-f24b00074cc2,old_only,excluded_vendor,active,fermob-bistro-metallstuhl,Fermob,Gartenstühle
3f83cfb4-f73b-4d67-a9c5-9a52736d65ef,old_only,excluded_vendor,active,fermob-armlehnstuhl-studie,Fermob,Stühle
3f8fc6cc-a5dd-4c2a-a78c-ff5123db50cc,old_only,excluded_vendor,active,fermob-bellevie-zusammenstellung-1b,Fermob,Gartensofas
3fbd9f5f-4fbd-4e18-846e-f839db32024a,old_only,excluded_vendor,active,fermob-lorette-runder-tisch-d110,Fermob,Beistelltische
3fc2da46-b8b2-42c8-a7f8-d765f8fdaacc,old_only,excluded_vendor,active,fermob-bistro-stehtisch-71x71cm,Fermob,Bartische
3fc3f29c-651e-493a-b7e8-374a6f69a5c9,old_only,excluded_vendor,active,fermob-bellevie-2-sitzer-modul-mitte,Fermob,Gartensofas
3fc7f08b-ba9d-4e93-91fc-e980ffe72bdf,old_only,excluded_vendor,active,fermob-bellevie-zusammenstellung-2b,Fermob,Gartensofas
3fd217f8-62a2-4d74-9644-7c3f55d6dc53,old_only,excluded_vendor,active,fermob-bellevie-2-sitzer-club-sofa-mit-kissen,Fermob,Gartensofas
3fd7dc78-6848-4625-a6ea-6020d4e21e3b,old_only,excluded_vendor,active,schaukelstuhl-surprising,Fermob,Sessel
3fd9aab9-deed-46b7-b172-deeb851a9ec8,old_only,excluded_vendor,active,fermob-bellevie-1-sitzer-modul-rechts,Fermob,Gartensofas
3fdb396e-9c7f-4b4b-9eab-4258ef7ea98f,old_only,excluded_vendor,active,fermob-bellevie-sessel,Fermob,Sessel
3fdd5a8a-daca-4adb-b695-659ca65d16b3,old_only,excluded_vendor,active,fermob-luxembourg-hoher-tisch,Fermob,Gartentische
3fe19b50-d7d1-4016-9bde-480ecc11d0e9,old_only,excluded_vendor,active,fermob-gartensofa-bellevie-2-sitzer,Fermob,Gartensofas
3fe8c3e1-32bf-4e71-a6ee-41d5fc9091b0,old_only,excluded_vendor,active,fermob-luxembourg-kid-tisch-76x55cm,Fermob,Gartentische
3ff88c6a-9966-43ca-87fd-c638a330f7c5,old_only,excluded_vendor,active,fermob-bellevie-sessel-fur-den-essbereich,Fermob,Gartenstühle
400ccb13-3403-45c2-a3b9-bf0a9d06c90c,old_only,excluded_vendor,active,fermob-bellevie-zusammenstellung-3a,Fermob,Gartensofas
402edb83-307f-4f48-86d8-c48e2f1a0fc9,old_only,excluded_vendor,active,fermob-bellevie-2-sitzer-club-sofa-mit-kissen,Fermob,Gartensofas
40351ff8-701c-4dd1-a84f-c874b7afa62f,old_only,excluded_vendor,active,fermob-bellevie-zusammenstellung-2b,Fermob,Gartensofas
40363dae-5798-43f5-8f0c-e63ef236f8ef,old_only,excluded_vendor,active,gartentisch-petale-kopie,Fermob,Gartentische
403f747f-2545-4df9-9b87-ac0055efd6c1,old_only,excluded_vendor,active,gartentisch-opera-carronde,Fermob,Gartentische
4047d02b-3ce9-43e5-98b2-c09ca4090ffc,old_only,excluded_vendor,active,gartentisch-ribamelle,Fermob,Gartentische
404d553b-ba25-4d54-a1c5-4d5769f2648b,old_only,excluded_vendor,active,extremis-hopper-picnic-hellwood-360cm,Extremis,Gartentische
404d783f-f3f8-4df1-bfc6-34f1b566e87f,old_only,excluded_product_type,active,ethnicraft-textilschutz-fur-innen-und-aussen,Ethnicraft,Pflegeprodukte
4053fcd8-cbed-4a9f-b439-66422e371098,old_only,excluded_vendor,active,fermob-bellevie-hoher-tisch-140x80cm,Fermob,Bartische
4071de0a-7623-4dab-806e-2f93642339eb,old_only,excluded_vendor,active,fermob-bellevie-sessel-fur-den-essbereich,Fermob,Gartenstühle
4080f1f3-ceb7-4a14-9fa7-4f544021e39f,old_only,excluded_vendor,active,gartentisch-floreal,Fermob,Gartentische
4082869e-6298-4bc8-8ff2-76cc41bfb580,old_only,excluded_vendor,active,fermob-bistro-tisch-97x57cm,Fermob,Gartentische
4088f793-46bc-441c-bdf8-6121b71d61f4,old_only,excluded_vendor,active,fermob-alize-deporte,Fermob,Beistelltische
40928c08-889d-43f7-bea2-040903a30ea3,old_only,excluded_vendor,active,fermob-bellevie-2-sitzer-modul-rechts,Fermob,Gartensofas
40a2db66-c014-4d45-a6ef-83ce672a0db2,old_only,excluded_product_type,active,ethnicraft-jack-sonnenliege-abdeckung,Ethnicraft,Abdeckungen
40a4bbc6-676c-4199-8458-6ecc8e3104b8,old_only,excluded_vendor,active,fermob-bellevie-1-sitzer-modul-rechts,Fermob,Gartensofas
40a6e164-3b59-491f-8f56-5cbb38692cf1,old_only,excluded_vendor,active,fermob-bellevie-2-sitzer-modul-links,Fermob,Gartensofas
40b76f07-c5ff-4d32-a337-f56ffc8626e9,old_only,excluded_product_type,active,tribu-eclipse-quadratischer-lyptusholz-sonnenschirm,Tribù,Sonnenschirme
40d225b3-ba54-4f29-bfad-924297d1882d,old_only,excluded_vendor,active,fermob-bellevie-2-sitzer-modul-rechts,Fermob,Gartensofas
40fd932c-bc79-43a4-9c98-ed6a6bcde636,old_only,excluded_product_type,active,cane-line-laterne-lightlux,Cane-line,Laternen
41023e93-1e79-44a8-85b0-cc029858acac,old_only,excluded_vendor,active,gubi-hangelampe-1965-pendant,Gubi,Hängeleuchten
4103ead6-6e0b-4640-aaf3-2925423ada6d,old_only,excluded_vendor,active,fermob-lorette-bridge,Fermob,Gartenstühle
4111d844-fdf9-4c68-9589-f9640a52f2d0,old_only,excluded_vendor,active,ofyr-wood-storage,Ofyr,Holzlagerung
4116d320-311e-4a2a-8d11-d8d6db3b5302,old_only,excluded_vendor,active,fermob-bellevie-1-sitzer-modul-links,Fermob,Gartensofas
411a1c93-30a8-452c-a48c-f00fe38eb02d,old_only,excluded_vendor,active,fermob-bellevie-zusammenstellung-3b,Fermob,Gartensofas
4132ec9f-42d1-4a3a-ad89-6bbade930512,old_only,excluded_vendor,active,fermob-1900-bank,Fermob,Sitzbänke
414f7324-a12e-42f3-b57e-c3cffb260202,old_only,excluded_vendor,active,piffany-uyuni-lighting-remote-control,Piffany,Accessoires
41531530-8763-412a-bf77-02abe5a3be15,old_only,excluded_vendor,active,fermob-1900-cabriolet-sessel,Fermob,Sessel
415649e8-aeee-446f-a1a6-2af027852135,old_only,excluded_product_type,active,ethnicraft-osmo-hardwax-oil,Ethnicraft,Pflegeprodukte
415854e9-46ad-4ce9-b111-3862825e72e8,old_only,excluded_vendor,active,fermob-bellevie-3-sitzer,Fermob,Gartensofas
417d0bfa-2e36-45a2-b884-081ea0d99263,old_only,excluded_vendor,active,fermob-bellevie-tisch-196x90cm,Fermob,Gartentische
4195a64d-9713-4c75-8a01-a1ad2d5d8e60,old_only,excluded_vendor,active,fermob-bellevie-2-sitzer-eckmodul-rechts,Fermob,Gartensofas
41ad3eb6-43eb-4eeb-bcf8-58ec1b2ccd18,old_only,excluded_vendor,active,fermob-bistro-tisch-71x71cm,Fermob,Gartentische
41b27acd-5234-40f3-8cac-71043d1b6bba,old_only,excluded_vendor,active,extremis-hopper-picnic-iroko-240cm,Extremis,Gartentische
41b314b7-2af9-4013-8982-73f7027d5389,old_only,excluded_product_type,active,simmer-co-be-northern,Simmer & co.,Aromatherapie
41bbab0f-75a6-43f7-9bbe-4490714c2128,old_only,excluded_vendor,active,fermob-1900-tisch-d96,Fermob,Gartentische
41bf1b16-66f5-457b-85ce-f6b426d22c9a,old_only,excluded_vendor,active,ofyr-deckel,Ofyr,Grillzubehör
41c1ca42-d887-46fc-a44f-a2c670a9b62a,old_only,excluded_vendor,active,fermob-bellevie-zusammenstellung-3b,Fermob,Gartensofas
41ce2bad-cf33-40b3-b7bc-ea3d0e9c1013,old_only,excluded_vendor,active,fermob-bellevie-1-sitzer-polsterhocker,Fermob,Hocker
41ddb16c-d2bf-421f-9aef-4fcea6d68c75,old_only,excluded_vendor,active,fermob-luxembourg-gueridon-haut-80x80cm,Fermob,Bartische
41e55bbb-de1f-4c1f-82c5-710417c034ba,old_only,excluded_vendor,active,fermob-armlehnstuhl-studie,Fermob,Stühle
41f92f21-106b-4d08-8732-41c6cb447e46,old_only,excluded_vendor,active,fermob-bellevie-2-sitzer-modul-rechts,Fermob,Gartensofas
4244be11-aab0-4127-86e7-6be6b29f51d8,old_only,excluded_vendor,active,fermob-bellevie-2-sitzer-modul-mitte,Fermob,Gartensofas
424868dd-4f5d-44e2-942b-13ee0e94f3ba,old_only,excluded_vendor,active,fermob-caractere-tisch-128x128cm,Fermob,Gartentische
4248d385-1208-4b5a-8b0c-a2fab6e6b959,old_only,excluded_vendor,active,fermob-rolltisch-guinguette,Fermob,Servierwagen
426c8724-18fd-4094-9f5b-9fd8ed4c3b1d,old_only,excluded_vendor,active,umbrosa-sonnenschirm-spectra-straight,Umbrosa,Sonnenschirme
42745843-233f-4632-aec6-203c9ca7924d,old_only,excluded_vendor,active,fermob-bellevie-zusammenstellung-3a,Fermob,Gartensofas
427b923d-7d7b-42e5-acee-3a8eb162422b,old_only,excluded_vendor,active,fermob-bistro-metallstuhl,Fermob,Gartenstühle
42a0fa5c-fbe7-4f06-9a40-97de26cd604d,old_only,excluded_vendor,active,fermob-bellevie-3-sitzer-club-sofa-mit-kissen,Fermob,Gartensofas
42a2165a-7ec7-4e5b-acdb-2272ba366343,old_only,excluded_vendor,active,fermob-bellevie-1-sitzer-modul-rechts,Fermob,Gartensofas
42a5ec33-cdc4-4d91-8440-5e16a69f6860,old_only,excluded_vendor,active,fermob-bellevie-2-sitzer-club-sofa-mit-kissen,Fermob,Gartensofas
42ad9824-170f-4b4c-811e-026681d28411,old_only,excluded_vendor,active,gartentisch-petale,Fermob,Gartentische
42c617e9-e072-4648-b655-12772d5c5480,old_only,excluded_product_type,active,natural-collection-tibetisches-schafsfell-85x50-cm,Natures Collection,Dekoration
42f9ffc4-15e3-4d54-8003-30d54670d6a0,old_only,excluded_vendor,active,umbrosa-paraflex-wall-round-270,Umbrosa,Sonnenschirme
4306ed6d-ef53-4fa8-98d0-5b3bdcbb66a1,old_only,excluded_vendor,active,extremis-gartentisch-pantagruel-picnic,Extremis,Gartentische
43158785-5e2b-43a8-838c-908df2353d38,old_only,excluded_vendor,active,fermob-bellevie-2-sitzer-club-sofa-mit-kissen,Fermob,Gartensofas
431c4c87-cf60-4e6b-b929-d12f53fd436f,old_only,excluded_vendor,active,gartentisch-craft-kopie,Fermob,Gartentische
431c8955-724d-4e7f-90cf-14d8e55985cd,old_only,excluded_vendor,active,fermob-rolltisch-guinguette,Fermob,Servierwagen
4323f603-3aaa-4b66-9792-a7292af1b7da,old_only,excluded_vendor,active,fermob-bellevie-2-sitzer-modul-links,Fermob,Gartensofas
432498c2-1e6f-4b37-b40f-55cf777df828,old_only,excluded_vendor,active,thonet-stuhl-209,Thonet,Stühle
432540e4-9f4c-49e8-a5e0-e5b82ee29f0f,old_only,excluded_vendor,active,fermob-cocotte-basse,Fermob,Beistelltische
433254bc-e59a-4fc0-86a1-0b1f95066e1d,old_only,excluded_vendor,active,fermob-1900-stuhl,Fermob,Gartenstühle
433b4250-8a6d-489a-b488-b96a5be60e02,old_only,excluded_vendor,active,fermob-bistro-tisch-d77,Fermob,Gartentische
433e0fc3-886a-47d8-b97a-5f8ec3cdf43e,old_only,excluded_product_type,active,tribu-schutzhullen,Tribù,Abdeckungen
4340a8a1-ba62-4f52-9439-634748e53dc9,old_only,excluded_vendor,active,fermob-1900-cabriolet-sessel,Fermob,Sessel
43700f97-ceea-4c84-8274-363c1e7a8fd0,old_only,excluded_vendor,active,fermob-luxembourg-barstuhl-1,Fermob,Barstühle
437ad523-8f22-4486-88bc-1708f73e4c13,old_only,excluded_vendor,active,fermob-1900-cabriolet-sessel,Fermob,Sessel
43866d2c-03e5-4559-b317-5f3d5344ab63,old_only,excluded_vendor,active,fermob-bellevie-zusammenstellung-2a-1,Fermob,Gartensofas
438e7d03-5ac6-46e7-89fd-97d390e8c9ce,old_only,excluded_vendor,active,fermob-bistro-tisch-71x71cm,Fermob,Gartentische
438fe1ba-145e-44fd-a33f-3cdb6fd0945a,old_only,excluded_vendor,active,fermob-bellevie-tisch-196x90cm,Fermob,Gartentische
4398c044-ad81-4a7e-a49c-d14248a27445,old_only,excluded_vendor,active,fermob-bellevie-1-sitzer-modul-links,Fermob,Gartensofas
43a53882-8124-49c2-be69-878dfca7735b,old_only,excluded_vendor,active,fermob-bellevie-2-sitzer-club-sofa-mit-kissen,Fermob,Gartensofas
43ab96d6-5317-4858-bbe7-4d6adc35194c,old_only,excluded_vendor,active,fermob-bellevie-barhocker,Fermob,Barstühle
43b027ca-24be-488f-8b9e-26bec13e47da,old_only,excluded_vendor,active,fermob-bistro-tisch-d77,Fermob,Gartentische
43b4ea0e-fa8d-4a11-a7b1-2fe31f819863,old_only,excluded_vendor,active,fermob-calvi-tisch-140-x-140-cm,Fermob,Gartentische
43c4f3d0-5d47-4b67-bec2-f27ae5883c14,old_only,excluded_vendor,active,fermob-alize-beistelltisch,Fermob,Beistelltische
43cc20aa-d618-4cca-bfd8-d1c3362bcbbb,old_only,excluded_vendor,active,fermob-calvi-tisch-160-x-80-cm,Fermob,Gartentische
43d99db0-79b6-4dd8-8dea-af7178bd9eb8,old_only,excluded_vendor,active,fermob-bellevie-2-sitzer-polsterhocker,Fermob,Sitzbänke
43e0b971-b56a-47d8-9ccd-3aafecab13ac,old_only,excluded_vendor,active,fermob-bellevie-barhocker,Fermob,Barstühle
43f3a144-0f1f-4262-85a2-b11102efc2ed,old_only,excluded_vendor,active,fermob-lorette-ovaler-tisch-160x90,Fermob,Gartentische
43fc93fc-3c06-4486-9618-531a091c13a7,old_only,excluded_vendor,active,fermob-bellevie-sessel-fur-den-essbereich,Fermob,Gartenstühle
44047010-f15b-4e7b-8ec3-00f7359ba1ec,old_only,excluded_vendor,active,fermob-niedriger-tisch-bellevie,Fermob,Couchtische
44230d16-6e3c-4e88-8899-bcbfb00335cc,old_only,excluded_vendor,active,fermob-bellevie-2-sitzer-eckmodul-rechts,Fermob,Gartensofas
442a4362-a0e4-45ff-a417-2e79c9fd1bf3,old_only,excluded_vendor,active,piffany-mr-wattson-original-tischlampe-chiltern-green,Piffany,Tischlampen
442e1828-1213-40a9-8948-5a604e91b352,old_only,excluded_vendor,active,fermob-bistro-tisch-75x57,Fermob,Gartentische
4430c9cb-0adc-4226-8fac-bdb897ef36fd,old_only,excluded_vendor,active,wandlampe-memory-wall,Brokis,Wandleuchten
44312bbb-0194-4ed3-9aa5-1f1634efcf26,old_only,excluded_vendor,active,gubi-stemlite-stehlampe,Gubi,Stehlampen
44399223-5278-4649-8886-24df26c332ca,old_only,excluded_vendor,active,fermob-bellevie-zusammenstellung-1b,Fermob,Gartensofas
443d06dd-c39f-4d26-9ef2-29ebc644487f,old_only,excluded_vendor,active,ofyr-horizontale-spiesse-ring,Ofyr,Grillzubehör
443e4bc3-8d21-4496-b815-2bb670a9c8e0,old_only,excluded_vendor,active,umbrosa-spectra-straight-alu,Umbrosa,Sonnenschirme
4447c4a0-c0cf-4d82-aa8e-eac2ed511d01,old_only,excluded_vendor,active,thonet-s32-nh-1,Thonet,Stühle
44658752-7905-4839-a6f5-e5e061ae3adb,old_only,excluded_vendor,active,fermob-gartensofa-bellevie-2-sitzer,Fermob,Gartensofas
449a0dda-2efe-4769-958a-14ba26fe2d74,old_only,excluded_vendor,active,gubi-grashoppa-stehleuchte,Gubi,Stehlampen
44a8e5af-9dcc-454c-94c8-2eb80c9175d7,old_only,excluded_vendor,active,fermob-1900-cabriolet-sessel,Fermob,Sessel
44c94f9b-2a9b-425b-8a5d-f756bc2545bd,old_only,excluded_vendor,active,fermob-bellevie-zusammenstellung-3a,Fermob,Gartensofas
44d85a3d-56f8-43d3-b6c4-23bab15ef3a2,old_only,excluded_vendor,active,umbrosa-spectra-forward-sonnenschirm,Umbrosa,Sonnenschirme
44dcf356-c0e5-472b-8337-a455ac8395ca,old_only,excluded_vendor,active,fermob-lorette-runder-tisch-d110,Fermob,Beistelltische
44e1bc61-896d-46c5-9682-a2e4540dd2bf,old_only,excluded_vendor,active,fermob-niedriger-tisch-bellevie,Fermob,Couchtische
44e5a731-d0dc-4531-9914-bc190195472d,old_only,excluded_vendor,active,fermob-bellevie-1-sitzer-modul-rechts,Fermob,Gartensofas
44e7cbff-e24c-45e0-b9d9-c3eb60792699,old_only,excluded_product_type,active,cane-line-laterne-lightbox,Cane-line,Laternen
44ed3573-2727-45ef-a587-7204a560da3c,old_only,excluded_vendor,active,fermob-bellevie-stuhl-v2,Fermob,Gartenstühle
44f49d3e-caa3-462f-ba58-bb9f1de5cb94,old_only,excluded_vendor,active,fermob-bellevie-2-sitzer-eckmodul-rechts,Fermob,Gartensofas
4501a3d3-57a3-471c-af5c-813c988b3b9b,old_only,excluded_vendor,active,umbrosa-paraflex-wall-round-271,Umbrosa,Sonnenschirme
45192147-b882-4377-bc3a-2219067c39a4,old_only,excluded_vendor,active,fermob-bellevie-1-sitzer-polsterhocker,Fermob,Hocker
451a53f9-9b02-461c-9ab1-5b3fe4d18f77,old_only,excluded_vendor,active,gartentisch-floreal,Fermob,Gartentische
451c569e-bf42-4952-b0ce-f90255fceb31,old_only,excluded_vendor,active,fermob-bellevie-2-sitzer-modul-links,Fermob,Gartensofas
451f869a-a1a8-4b5b-8b02-5d196456fb4a,old_only,excluded_vendor,active,fermob-basket-blumenkasten-hoch,Fermob,Topf
452ca7fd-bc8f-46c9-92b5-a98c3619b09a,old_only,excluded_vendor,active,piffany-uyuni-lighting-aaa-batterien,Piffany,Accessoires
455d0236-bc05-472b-8c39-d1a1b5b49be3,old_only,excluded_vendor,active,gartentisch-craft,Fermob,Gartentische
455daa58-ca8e-40b7-aa80-91d60a670767,old_only,excluded_vendor,active,fermob-cocotte-beistelltisch,Fermob,Beistelltische
4564bb20-eec8-4228-a038-622ef3e23bc5,old_only,excluded_vendor,active,fermob-bellevie-2-sitzer-eckmodul-links,Fermob,Gartensofas
4571734b-ddf4-4082-9da2-346b746b7f65,old_only,excluded_vendor,active,fermob-bellevie-zusammenstellung-2a-1,Fermob,Gartensofas
4575a7ee-edd7-4c96-96c9-2b9fe7a6c224,old_only,excluded_vendor,active,fermob-caractere-tisch-128x128cm,Fermob,Gartentische
458b4809-4e10-4279-bd5a-b2a67c0a00ee,old_only,excluded_vendor,active,fermob-beleuchteter-hocker-inoui-h44,Fermob,Hocker
458e59a3-bd8b-44a5-8cc7-2048dc7072f2,old_only,excluded_vendor,active,fermob-basics-outdoor-sitzkissen-37-x-41-cm,Fermob,Sitzkissen
4590d359-29c2-481a-a95a-39116d6de442,old_only,excluded_vendor,active,fermob-bellevie-2-sitzer-modul-mitte,Fermob,Gartensofas
45ab84ac-9ed7-43fd-b15f-5e0324d5a1b1,old_only,excluded_vendor,active,kerze-pillar-rustic-led-uyuni-sandstone-o7-8-x-20cm,Piffany,Kerzen
45b1f16a-7729-40c1-bdeb-4c77bd038f93,old_only,excluded_vendor,active,fermob-bellevie-2-sitzer-modul-rechts,Fermob,Gartensofas
45b951b5-f0ff-4f18-8be9-6246fc268f05,old_only,excluded_vendor,active,fermob-basics-outdoor-sitzkissen-37-x-41-cm,Fermob,Sitzkissen
45c39884-d29b-4327-af09-aeab477dfe49,old_only,excluded_vendor,active,ofyr-grill-classic-storage,Ofyr,Grills
45c6657c-8d9a-48bf-a5c1-d59f15083ac1,old_only,excluded_vendor,active,fermob-bellevie-zusammenstellung-2b,Fermob,Gartensofas
45d2efea-1da2-4ee4-8f46-909a4929e78c,old_only,excluded_vendor,active,gartentisch-ribamelle,Fermob,Gartentische
45dc4af6-329a-4cc3-a6ee-ea5d54ad7a04,old_only,excluded_product_type,active,cane-line-parasols-hyde-luxe-hanging-sonnenschirm-3x4-1,Cane-line,Sonnenschirme
45ef2b21-e099-480e-9fb7-306386789364,old_only,excluded_vendor,active,fermob-bellevie-1-sitzer-modul-links,Fermob,Gartensofas
45faae3f-3840-4e58-80a7-67ca67478fd4,old_only,excluded_vendor,active,fermob-1900-cabriolet-sessel,Fermob,Sessel
46012397-c7c9-4b22-9df3-72f668462580,old_only,excluded_vendor,active,fermob-bistro-metallstuhl,Fermob,Gartenstühle
461f1841-ae4b-413b-9b9a-69168ce40551,old_only,excluded_vendor,active,fermob-bridge-luxembourg,Fermob,Gartenstühle
46297803-3b08-463d-91f2-e85dd1b4a6b2,old_only,excluded_vendor,active,fermob-bistrostuhl-naturel,Fermob,Gartenstühle
46355e45-cb97-4fbc-accc-159f96017569,old_only,excluded_vendor,active,fermob-1900-kaffeetisch,Fermob,Beistelltische
4638159e-7a3d-465f-84fe-547f1e92bd05,old_only,excluded_vendor,active,fermob-luxembourg-tisch-mit-4-fusse-80x80,Fermob,Gartentische
463c3dd8-1c37-402a-9019-1567970f6139,old_only,excluded_vendor,active,fermob-bellevie-1-sitzer-modul-mitte,Fermob,Gartensofas
463c486f-3210-4da8-b610-c4b0bb4cbf15,old_only,excluded_vendor,active,fermob-bellevie-2-sitzer-polsterhocker,Fermob,Sitzbänke
46470acc-7a5b-426a-bff8-8192954769f4,old_only,excluded_vendor,active,gartentisch-petale-kopie,Fermob,Gartentische
464807d4-3dda-4ae5-8e4f-3b74ca6f9916,old_only,excluded_vendor,active,extremis-hopper-picnic-hellwood-240cm,Extremis,Gartentische
46611bb3-7a29-4547-b42f-18d3460c9862,old_only,excluded_vendor,active,fermob-1900-kaffeetisch,Fermob,Beistelltische
466478be-fb17-4d3e-9fc9-1a8ef6c11622,old_only,excluded_vendor,active,umbrosa-spectra-forward-sonnenschirm,Umbrosa,Sonnenschirme
46a59fc2-d6ad-451f-9928-a999e86bdb81,old_only,excluded_vendor,active,fermob-lorette-armlehnstuhl-problem-fauteuil-und-bridge,Fermob,Sitzbänke
46cd0d33-2fa1-4f71-bcde-847b56d44fc5,old_only,excluded_vendor,active,fermob-luxembourg-hoher-tisch,Fermob,Gartentische
46cd1e1d-b1ff-41c5-982d-4d5e35257472,old_only,excluded_vendor,active,fermob-bellevie-2-sitzer-modul-rechts,Fermob,Gartensofas
46d7fa11-d0b9-4c48-ae49-f4ea9fca17b6,old_only,excluded_vendor,active,tischlampe-spectra,Brokis,Tischlampen
46dbfc3e-4bb3-4a35-a809-7a5447702b77,old_only,excluded_vendor,active,fermob-bellevie-3-sitzer-club-sofa-mit-kissen,Fermob,Gartensofas
46fc6e15-361d-4752-a8ae-e4acdc9995ce,old_only,excluded_vendor,active,fermob-luxembourg-bridge-barstuhl,Fermob,Barstühle
47007213-fbc0-493b-8dba-99658df131fb,old_only,excluded_vendor,active,fermob-calvi-tisch-140-x-140-cm,Fermob,Gartentische
47065b73-4912-4308-ae25-751f7ae2d321,old_only,excluded_vendor,active,fermob-rolltisch-guinguette,Fermob,Servierwagen
47168072-6da6-4f43-89b5-787985977950,old_only,excluded_vendor,active,fermob-bellevie-2-sitzer-modul-rechts,Fermob,Gartensofas
471b8f24-ebce-4f10-83c8-4c8428937ca2,old_only,excluded_vendor,active,fermob-1900-cabriolet-sessel,Fermob,Sessel
47211853-c10e-4076-9ce1-975d922fe778,old_only,excluded_vendor,active,fermob-stuhl-studie,Fermob,Stühle
472d63de-6512-4451-93df-71803b213e6c,old_only,excluded_vendor,active,extremis-hopper-picnic-iroko-240cm,Extremis,Gartentische
474013c1-dfb8-42c8-ba1f-73a887ea1d75,old_only,excluded_vendor,active,fermob-bellevie-2-sitzer-modul-links,Fermob,Gartensofas
476d777f-9b19-46f1-a203-2a9ac4dad0b1,old_only,excluded_vendor,active,fermob-bellevie-2-sitzer-modul-links,Fermob,Gartensofas
4772b767-3593-4f1c-b7d0-9f824507d1f7,old_only,excluded_vendor,active,fermob-bellevie-zusammenstellung-3b,Fermob,Gartensofas
47771b28-7d86-4e4e-abfc-ba3bda967426,old_only,excluded_vendor,active,gartentisch-ribamelle,Fermob,Gartentische
4777e28f-c54a-4a05-82d4-90171dc8bbd3,old_only,excluded_vendor,active,gartentisch-floreal,Fermob,Gartentische
477afefb-0ec7-4a94-852d-7d5b022aff2d,old_only,excluded_vendor,active,umbrosa-spectra-straight-alu,Umbrosa,Sonnenschirme
478d8d86-e1b3-4961-8e16-21392a97b8ac,old_only,excluded_vendor,active,fermob-fouta-strandtuch,Fermob,Decken
47a17f9b-4f45-425b-a72f-9f5d7272ea63,old_only,excluded_vendor,active,fermob-bellevie-1-sitzer-modul-links,Fermob,Gartensofas
47aa7736-76cb-4aa6-9c9a-9290ea7f76ad,old_only,excluded_vendor,active,fermob-bistrostuhl-naturel,Fermob,Gartenstühle
47b45385-c0e9-4d78-90ef-5e301730f816,old_only,excluded_vendor,active,gartentisch-craft-kopie,Fermob,Gartentische
47ba0219-19fd-446b-9ddf-e174649758fb,old_only,excluded_vendor,active,gartentisch-romane,Fermob,Gartentische
47bb92b0-35a3-4710-b5ef-bbab30e1f47d,old_only,excluded_vendor,active,extremis-gartentisch-pantagruel-picnic,Extremis,Gartentische
47bf1b50-bea9-4906-815d-d11228d64f98,old_only,excluded_vendor,active,fermob-lorette-armlehnstuhl-problem-fauteuil-und-bridge,Fermob,Sitzbänke
47c96717-3e74-4ceb-9fad-a5a57330b8b2,old_only,excluded_vendor,active,brokis-deckenleuchte-memory-ceiling,Brokis,Deckenleuchten
47f54dac-189c-462b-ae9f-4955be2385df,old_only,excluded_vendor,active,fermob-bank-louisiana-150cm,Fermob,Sitzbänke
47f650f0-e66a-4e33-9b3f-4d414a53e1e3,old_only,excluded_vendor,active,fermob-bellevie-2-sitzer-eckmodul-rechts,Fermob,Gartensofas
480461ec-c930-4e98-9113-f1d8fdf48208,old_only,excluded_vendor,active,gartentisch-romane,Fermob,Gartentische
480bfbd1-393c-409a-bae2-ebf162469da4,old_only,excluded_vendor,active,umbrosa-spectra-straight-alu,Umbrosa,Sonnenschirme
481475e1-93c1-4857-946d-9ee2fedc1ce8,old_only,excluded_vendor,active,fermob-bistro-metallstuhl,Fermob,Gartenstühle
4819cc0f-bab0-479f-b53f-ec1ab554de77,old_only,excluded_vendor,active,fermob-bellevie-zusammenstellung-2b,Fermob,Gartensofas
4847d856-83d0-42f4-9a6f-0f01f0055dcd,old_only,excluded_vendor,active,fermob-luxembourg-niedriger-doppelter-tisch,Fermob,Couchtische
4852f1be-680b-4018-987a-acc4dcf5ac74,old_only,excluded_vendor,active,fermob-1900-stuhl,Fermob,Gartenstühle
4855a6fa-53a4-4e1b-bddc-2c0d4098c6d3,old_only,excluded_vendor,active,ofyr-grill-classic-storage,Ofyr,Grills
48722237-e699-40fb-9814-21eec65bac8b,old_only,excluded_vendor,active,fermob-bellevie-1-sitzer-modul-rechts,Fermob,Gartensofas
48748292-8c3d-4c02-9092-cc9431b67f08,old_only,excluded_vendor,active,fermob-luxembourg-bank-3-4-sitzer,Fermob,Sitzbänke
48761b86-6a4a-46bb-ae3e-1f63166e02ec,old_only,excluded_vendor,active,fermob-bellevie-zusammenstellung-3a,Fermob,Gartensofas
4881f5d1-bc45-4bbf-9360-1c937856836d,old_only,excluded_vendor,active,gartentisch-costa-ausziehbar,Fermob,Gartentische
4889c25a-3182-4f90-bd3e-acb449da09bc,old_only,excluded_vendor,active,gartentisch-flower-kopie,Fermob,Gartentische
489b1739-ba17-458d-bf50-b7c9169fd4d6,old_only,excluded_vendor,active,glasskerze-led-candle-rechargeable,Piffany,Kerzen
48a232d6-29ba-42f7-9dfd-321472f91425,old_only,excluded_vendor,active,fermob-kleiner-niedriger-bestelltisch,Fermob,Beistelltische
48b95ffc-8df4-482d-bed5-63f4ea0514c2,old_only,excluded_vendor,active,fermob-bellevie-sessel,Fermob,Sessel
48c12e7f-9044-41d9-840b-7617158c2fa0,old_only,excluded_vendor,active,fermob-bellevie-1-sitzer-polsterhocker,Fermob,Hocker
48caca51-e55a-41a6-9e0f-9c7cf5f1ca21,old_only,excluded_product_type,active,libeco-kissenbezug-the-moroccan-stripe,Libeco,Dekoration
48e8be36-6fd0-48fe-a19a-0a2386066c80,old_only,excluded_vendor,active,fermob-bank-louisiana-150cm,Fermob,Sitzbänke
48eb4c9e-d75a-4678-88b9-c4311591ab29,old_only,excluded_vendor,active,fermob-bistro-tisch-97x57cm,Fermob,Gartentische
48f5deb2-14a8-40c3-b456-c4b047ffea71,old_only,excluded_vendor,active,beistelltisch-alize-o48,Fermob,Beistelltische
48f7291d-d740-456d-bb21-fd50e8fb6872,old_only,excluded_product_type,active,cane-line-parasols-harbour-sonnenschirm,Cane-line,Sonnenschirme
49012c9c-9f87-4289-9e68-2f8df8afd2fa,old_only,excluded_vendor,active,gartentisch-petale-kopie,Fermob,Gartentische
490292fe-c7d3-485f-8e56-7cdfe3f14215,old_only,excluded_vendor,active,fermob-bellevie-zusammenstellung-2b,Fermob,Gartensofas
4903f738-e97e-4398-9a6f-8f13184f40ac,old_only,excluded_vendor,active,fermob-luxembourg-tisch-165x100cm,Fermob,Gartentische
491b775c-6438-4916-8d24-2d00d429e793,old_only,excluded_vendor,active,fermob-bank-bellevie,Fermob,Sitzbänke
491f0d6c-0650-4f6e-89f7-bde3bf9dee60,old_only,excluded_vendor,active,brokis-deckenleuchte-memory-ceiling,Brokis,Deckenleuchten
491f4a76-049d-4fb7-981b-407554baef29,old_only,excluded_vendor,active,fermob-bellevie-zusammenstellung-1b,Fermob,Gartensofas
4939253a-b940-4ef8-954d-7a54a18fc9f6,old_only,excluded_vendor,active,gubi-moon-multi-lite-pendant-small,Gubi,Hängeleuchten
49444bbf-ec64-431f-96a4-acde58325849,old_only,excluded_vendor,active,fermob-bellevie-2-sitzer-eckmodul-rechts,Fermob,Gartensofas
494bd8a1-c887-4f1a-98eb-314e9c43876e,old_only,excluded_vendor,active,fermob-bellevie-2-sitzer-polsterhocker,Fermob,Sitzbänke
494d88a0-218f-4a94-9bf5-f5f6a225c59f,old_only,excluded_vendor,active,fermob-bellevie-1-sitzer-modul-links,Fermob,Gartensofas
49505ec6-0359-4f14-a90b-18b6aa24dca3,old_only,excluded_vendor,active,fermob-1900-cabriolet-sessel,Fermob,Sessel
4950e1b0-8927-4bb4-8101-a2c1f06b72c7,old_only,excluded_vendor,active,fermob-luxembourg-kid-bank,Fermob,Sitzbänke
49563ee1-d5dd-4750-b904-5aa3f946b201,old_only,excluded_vendor,active,fermob-bebop-niedriger-tisch-120-x-70-x-29cm,Fermob,Beistelltische
49582e73-68fb-4430-8af8-aa897203fdab,old_only,excluded_vendor,active,fermob-bellevie-1-sitzer-modul-rechts,Fermob,Gartensofas
49891744-b4d9-4248-8205-47ab75e2589a,old_only,excluded_vendor,active,gubi-multi-lite-tischlampe,Gubi,Tischlampen
498d73d4-3184-414d-bb61-77eb86576b9a,old_only,excluded_vendor,active,fermob-bellevie-zusammenstellung-2b,Fermob,Gartensofas
498fb2b0-83f0-4ba7-9528-563d4eba2826,old_only,excluded_vendor,active,fermob-bellevie-2-sitzer-modul-mitte,Fermob,Gartensofas
49b49dd1-c2a4-48b8-873f-207e0e9a4a6f,old_only,excluded_vendor,active,fermob-bellevie-2-sitzer-polsterhocker,Fermob,Sitzbänke
49c0f6bc-f578-4e3e-8e34-48a9a5808cce,old_only,excluded_vendor,active,fermob-bellevie-1-sitzer-polsterhocker,Fermob,Hocker
49c6e709-8944-4bf5-9708-71fc858ebda9,old_only,excluded_vendor,active,fermob-gartensofa-bellevie-2-sitzer,Fermob,Gartensofas
49cbb820-6c55-49c5-acf4-7340f480d862,old_only,excluded_vendor,active,fermob-surprising-tiefer-sessel,Fermob,Sessel
49d2175e-41f1-4b58-a0a9-55c2586b7731,old_only,excluded_vendor,active,deckenlampe-puro-contour,Brokis,Hängeleuchten
49d46038-a198-4fdb-aff4-40498754c964,old_only,excluded_vendor,active,brokis-stehlampe-balloons-pc856,Brokis,Stehlampen
49dc935c-6690-47bb-a128-b10e94a58012,old_only,excluded_vendor,active,fermob-schaukelstuhl-luxembourg,Fermob,Sessel
49df7282-444d-4c4e-8310-f1d27a66d45d,old_only,excluded_vendor,active,fermob-bellevie-2-sitzer-polsterhocker,Fermob,Sitzbänke
49f47160-6c91-45ee-b0f9-70bbcff87201,old_only,excluded_vendor,active,fermob-bellevie-zusammenstellung-1b,Fermob,Gartensofas
4a0bdb54-77df-4427-8d2e-c33c32057f5c,old_only,excluded_vendor,active,gartentisch-floreal,Fermob,Gartentische
4a0c3da9-0fb6-44a9-be5f-88b518a05b52,old_only,excluded_product_type,active,warmflasche-calmo,Weich Alpaca,Accessoires
4a153ff2-9e03-4f47-8dde-9093023debc9,old_only,excluded_vendor,active,gubi-grashoppa-tisch-lampe,Gubi,Tischlampen
4a23c7d7-3d81-418c-900c-1e33d1bc4c34,old_only,excluded_vendor,active,fermob-bellevie-1-sitzer-polsterhocker,Fermob,Hocker
4a27f378-3222-4231-838a-95972e2554d7,old_only,excluded_vendor,active,fermob-bellevie-2-sitzer-polsterhocker,Fermob,Sitzbänke
4a386c82-120b-45a6-b014-d5c30bd0ef6b,old_only,excluded_vendor,active,fermob-bellevie-2-sitzer-polsterhocker,Fermob,Sitzbänke
4a5d7523-e7f3-4578-8520-0f58e13c3be6,old_only,excluded_vendor,active,fermob-bellevie-hoher-tisch-74x80cm,Fermob,Bartische
4a606dc6-a1ac-44b0-a0cc-0a92ff085750,old_only,excluded_vendor,active,gartentisch-floreal,Fermob,Gartentische
4a6de07a-f564-41c1-aa95-8585b3feda8e,old_only,excluded_vendor,active,fermob-bellevie-3-sitzer,Fermob,Gartensofas
4a898954-8481-4f05-98cd-8cd1f4b5d7aa,old_only,excluded_vendor,active,fermob-bellevie-zusammenstellung-1a,Fermob,Gartensofas
4a94481e-2faa-42a2-b7c5-8522d3a82aa5,old_only,excluded_vendor,active,gartentisch-costa-ausziehbar,Fermob,Gartentische
4a950b3f-9944-4a6b-9162-05c8c6761405,old_only,excluded_vendor,active,ofyr-butcher-block-storage,Ofyr,Küchen
4aa24587-f5eb-4b5c-a274-3771bb1f3762,old_only,excluded_vendor,active,fermob-bellevie-zusammenstellung-1b,Fermob,Gartensofas
4aa5564b-b6c3-4074-b10d-0a1b7ef47e08,old_only,excluded_vendor,active,brokis-stehlampe-mini-muffin-pc910,Brokis,Stehlampen
4aa802b0-e1bb-47e4-8964-4f6c8da4ee20,old_only,excluded_vendor,active,fermob-surprising-fussablage,Fermob,Hocker
4aaa62ae-6105-4b03-887d-69092bf04299,old_only,excluded_vendor,active,fermob-bellevie-zusammenstellung-3a,Fermob,Gartensofas
4ab179aa-9f0f-4734-a014-d33a0b74b0cc,old_only,excluded_vendor,active,fermob-ledersessel-surprising,Fermob,Sessel
4ab3ef74-3111-4cef-ab6f-4aff1abef339,old_only,excluded_vendor,active,fermob-luxembourg-tisch-165x100cm,Fermob,Gartentische
4ab5ad70-f07e-4fb9-b425-af077118e5b6,old_only,excluded_vendor,active,fermob-alize-deporte,Fermob,Beistelltische
4ac9c6a0-4975-4292-8e82-bb06538b39f8,old_only,excluded_vendor,active,fermob-bellevie-2-sitzer-modul-links,Fermob,Gartensofas
4ad9a5ba-f30c-49ce-ac9b-0f54cd2c9d9b,old_only,excluded_vendor,active,fermob-sitzbank-luxembourg-kompakt,Fermob,Sitzbänke
4ae11a44-fbce-40bb-94c8-3b67e6bf286d,old_only,excluded_vendor,active,fermob-outdoordkissen-color-mix-68x44cm,Fermob,Sitzkissen
4af148f0-3606-44db-ab1d-665e216bf8ac,old_only,excluded_product_type,active,manutti-schutzhulle-torsa-esstisch-264,Manutti,Abdeckungen
4b082f9c-23eb-4f50-8f9c-c7ec36a4c8b3,old_only,excluded_vendor,active,fermob-bistro-stehtisch-71x71cm,Fermob,Bartische
4b15b7b4-46b0-42d2-a7cb-8619c1c2b490,old_only,excluded_vendor,active,fermob-basket-blumenkasten-lang,Fermob,Topf
4b2a9c9b-605c-488b-b04b-c64992d9ee8f,old_only,excluded_vendor,active,brokis-deckenleuchte-memory-ceiling,Brokis,Deckenleuchten
4b401bb4-3d5f-4812-b072-13ed93bcd1ca,old_only,excluded_vendor,active,fermob-bellevie-2-sitzer-modul-mitte,Fermob,Gartensofas
4b487da5-0f95-4347-bc19-d88ce302fe79,old_only,excluded_product_type,active,manutti-flex-konzept-7-schutzhulle,Manutti,Abdeckungen
4b4a62c9-72c5-4b86-bf41-1375e87aecc0,old_only,excluded_vendor,active,fermob-bellevie-zusammenstellung-3a,Fermob,Gartensofas
4b4d2042-3942-4e94-a5f6-a57a6d242469,old_only,excluded_vendor,active,fermob-1900-cabriolet-sessel,Fermob,Sessel
4b563528-801e-4ec3-9781-a2630d921d02,old_only,excluded_product_type,active,tribu-schutzhullen,Tribù,Abdeckungen
4b6dd447-f724-423a-ac78-10ea8568ec09,old_only,excluded_vendor,active,fermob-bellevie-2-sitzer-polsterhocker,Fermob,Sitzbänke
4b6f76e8-e7b0-4733-bd09-f14c3a58199c,old_only,excluded_product_type,active,handytasche-gwen-phonebag,Natures Collection,Accessoires
4b7c8f64-d1ea-41c8-8011-f3ab307e237b,old_only,excluded_vendor,active,fermob-airloop-tisch-o-60cm,Fermob,Gartentische
4b978109-6bf0-4ed9-8819-f00dfa28483a,old_only,excluded_vendor,active,fermob-bellevie-2-sitzer-eckmodul-links,Fermob,Gartensofas
4ba91908-b62e-4665-bd1e-ce64259889a1,old_only,excluded_vendor,active,fermob-bellevie-sessel,Fermob,Sessel
4bbfb7ae-d384-4823-8a08-c77231dc0f3d,old_only,excluded_vendor,active,fermob-luxembourg-bank-3-4-sitzer,Fermob,Sitzbänke
4bd9d496-a41e-4a87-aaa3-71a6dcf469ca,old_only,excluded_vendor,active,fermob-bellevie-2-sitzer-club-sofa-mit-kissen,Fermob,Gartensofas
4c020d3a-6a0f-48f2-a134-4a6a90dcca40,old_only,excluded_vendor,active,fermob-bellevie-barhocker,Fermob,Barstühle
4c02a1c2-fd93-4601-99ee-2e655fc76cbf,old_only,excluded_vendor,active,fermob-bebop-d80,Fermob,Beistelltische
4c1707fa-7300-459e-af88-941587e676fa,old_only,excluded_vendor,active,fermob-bellevie-3-sitzer,Fermob,Gartensofas
4c1ba975-31eb-4c90-8f25-69d4d78d6ecd,old_only,excluded_vendor,active,fermob-bellevie-1-sitzer-modul-mitte,Fermob,Gartensofas
4c22f789-78c2-4109-b07c-82cfdfc6c6c0,old_only,excluded_vendor,active,brokis-stehlampe-knot-battery,Brokis,Stehlampen
4c2b3a7e-4ead-462b-b2f2-90d912f13e82,old_only,excluded_vendor,active,fermob-bellevie-zusammenstellung-2a-1,Fermob,Gartensofas
4c375de8-f8c3-4ae1-822d-5dbf09fb315b,old_only,excluded_vendor,active,gartentisch-floreal,Fermob,Gartentische
4c395765-a66b-41d0-b398-280f664ad11e,old_only,excluded_vendor,active,fermob-bellevie-1-sitzer-modul-mitte,Fermob,Gartensofas
4c4b9646-6f05-4f0a-88df-8800936d27ef,old_only,excluded_vendor,active,ofyr-soft-cover,Ofyr,Grillzubehör
4c4f61f4-0c54-483a-ba44-c00810486615,old_only,excluded_vendor,active,fermob-bridge-luxembourg,Fermob,Gartenstühle
4c6b0c0c-d544-467a-a7ec-b75d4fb32d6f,old_only,excluded_vendor,active,extremis-bistroo-tisch-stuhl-kombination,Extremis,Gartentische
4c8ae720-bd8f-4634-a844-854524467801,old_only,excluded_vendor,active,fermob-stuhl-surprising,Fermob,Gartenstühle
4c8cc086-723d-4f17-912b-f73d6d6446b1,old_only,excluded_vendor,active,umbrosa-sonnenschirm-spectra-straight,Umbrosa,Sonnenschirme
4ca637bb-13c4-414d-904f-116c03147f3a,old_only,excluded_vendor,active,fermob-bellevie-zusammenstellung-3a,Fermob,Gartensofas
4cae0667-103c-4a88-9ed4-1d035de90e0d,old_only,excluded_vendor,active,gartentisch-romane,Fermob,Gartentische
4cc116b4-d221-4742-aa41-2813f0145757,old_only,excluded_vendor,active,fermob-stuhl-surprising,Fermob,Gartenstühle
4cddf266-667d-4986-81df-8f4ae86ea475,old_only,excluded_vendor,active,fermob-bistrostuhl-naturel,Fermob,Gartenstühle
4cdeb113-9544-4672-b106-855222bd5552,old_only,excluded_product_type,active,ethnicraft-outdoor-schutzhuelle-rechteck-essgruppen,Ethnicraft,Abdeckungen
4ce058fd-a2fa-44c3-88c8-43850fcf1888,old_only,excluded_vendor,active,gubi-esstischstuhl-beetle,Gubi,Stühle
4cee51fa-1ab7-4367-b11b-bf59a5c704c5,old_only,excluded_vendor,active,fermob-bellevie-zusammenstellung-1b,Fermob,Gartensofas
4d00043f-c0ab-4508-bb1e-517f46453a76,old_only,excluded_vendor,active,fermob-1900-kaffeetisch,Fermob,Beistelltische
4d02f20e-89ab-4b4a-a974-1ada0588df31,old_only,excluded_vendor,active,fermob-bellevie-zusammenstellung-1a,Fermob,Gartensofas
4d0898fa-b887-450d-acbe-371a3fd755c4,old_only,excluded_vendor,active,fermob-1900-cabriolet-sessel,Fermob,Sessel
4d0df53e-3e05-4b37-bb0b-eff8aeebb2d4,old_only,excluded_vendor,active,thonet-stuhl-209,Thonet,Stühle
4d137889-f68e-4b77-a620-6bf5c1e8106b,old_only,excluded_vendor,active,fermob-bellevie-sessel-fur-den-essbereich,Fermob,Gartenstühle
4d5cae2a-a864-4a46-895b-1af2c0bef219,old_only,excluded_vendor,active,fermob-cadiz-hoher-armlehnstuhl-stereo,Fermob,Gartenstühle
4d712d71-2820-4ca9-a3a2-2a002a89e4bb,old_only,excluded_vendor,active,fermob-luxembourg-bridge-barstuhl,Fermob,Barstühle
4d74569f-e455-4cac-922c-17767bf19ea2,old_only,excluded_vendor,active,fermob-calvi-tisch-140-x-140-cm,Fermob,Gartentische
4d93532f-dc51-4607-bd02-5e6847f6b052,old_only,excluded_vendor,active,brokis-stehlampe-balloons-pc856,Brokis,Stehlampen
4dabebc2-b5b5-482a-830a-5b3d40a44a29,old_only,excluded_vendor,active,fermob-bellevie-sessel-fur-den-essbereich,Fermob,Gartenstühle
4db01ba2-9a0d-4725-9a56-9be6aa411796,old_only,excluded_vendor,active,fermob-alize-tiefer-sessel,Fermob,Sessel
4db116cb-5b17-4bf2-b763-79fc524f9c0f,old_only,excluded_vendor,active,fermob-bellevie-sessel-fur-den-essbereich,Fermob,Gartenstühle
4db1eb3e-6b72-4831-94d0-4bc137b08ebb,old_only,excluded_vendor,active,fermob-bellevie-zusammenstellung-1b,Fermob,Gartensofas
4dce4ee8-52e0-4602-bf07-e4a8a38ce2da,old_only,excluded_vendor,active,fermob-bellevie-sessel-fur-den-essbereich,Fermob,Gartenstühle
4df35880-1206-49d2-ad97-9da7a6b6eef8,old_only,excluded_vendor,active,extremis-hopper-picnic-iroko-180cm,Extremis,Gartentische
4e08f79e-a479-4690-a5df-55936c97feb4,old_only,excluded_vendor,active,beistelltisch-cocotte-55x44,Fermob,Beistelltische
4e099fcc-f786-41e9-9c9c-47568bd97586,old_only,excluded_vendor,active,umbrosa-paraflex-wall-round-270,Umbrosa,Sonnenschirme
4e1027b8-5ce2-40e0-936e-ed90528b0d07,old_only,excluded_vendor,active,fermob-bellevie-1-sitzer-modul-rechts,Fermob,Gartensofas
4e248366-04c4-4983-a6f8-928b74f2a9e9,old_only,excluded_vendor,active,gartentisch-ribamelle,Fermob,Gartentische
4e25349e-974b-4eb2-a5af-f1eb3d514b6f,old_only,excluded_vendor,active,fermob-luxembourg-bridge-barstuhl,Fermob,Barstühle
4e2a5a4f-0174-4083-8e12-fb832b153465,old_only,excluded_vendor,active,fermob-stuhl-luxembourg,Fermob,Gartenstühle
4e3b9d3f-3d61-4e10-8de7-798d37572fd3,old_only,excluded_vendor,active,gartentisch-floreal,Fermob,Gartentische
4e442458-7f5d-4f42-bea7-4f4c545da901,old_only,excluded_vendor,active,fermob-bellevie-1-sitzer-modul-rechts,Fermob,Gartensofas
4e5abdc6-6c55-4f63-810f-e816768fe42c,old_only,excluded_vendor,active,fermob-bellevie-1-sitzer-modul-rechts,Fermob,Gartensofas
4e5d67ac-6e6b-4fe6-b401-602a971e9abf,old_only,excluded_vendor,active,fermob-tiefer-sessel-luxembourg,Fermob,Sessel
4e609c8d-764c-433c-8535-2ef05fbff929,old_only,excluded_vendor,active,fermob-bellevie-hoher-tisch-140x80cm,Fermob,Bartische
4e6eca80-5200-4b86-9f53-276396c7515a,old_only,excluded_vendor,active,fermob-bellevie-zusammenstellung-3b,Fermob,Gartensofas
4e812d46-a741-4d0c-ae07-14639b6c0f73,old_only,excluded_product_type,active,tasche-mini-glory-shopper,Natures Collection,Accessoires
4e844112-3443-4905-a598-963121928800,old_only,excluded_product_type,active,handytasche-gwen-phonebag,Natures Collection,Accessoires
4e8bbc7d-944f-4f0d-99a9-15c0caa547f3,old_only,excluded_vendor,active,fermob-bellevie-zusammenstellung-3b,Fermob,Gartensofas
4eae1fd3-af55-4007-97b8-273189c0a92f,old_only,excluded_vendor,active,extremis-bistroo-tisch-stuhl-kombination,Extremis,Gartentische
4ec3aea7-e951-4e04-9949-4e9cc7390c1c,old_only,excluded_vendor,active,fermob-caractere-tisch-128x128cm,Fermob,Gartentische
4ecae143-7f80-4e4f-9d55-f287c5f20f91,old_only,excluded_vendor,active,duftkerze-scented-glas-smoked,Piffany,Kerzen
4ed494da-0a91-4d4e-b0f2-f46a8b44e51f,old_only,excluded_vendor,active,fermob-bistro-balkontisch,Fermob,Gartentische
4edf1b2c-dbad-4402-883c-8c86635b90a0,old_only,excluded_vendor,active,fermob-bellevie-3-sitzer-club-sofa-mit-kissen,Fermob,Gartensofas
4ef2fbc0-062d-460b-a095-540c88c6c3d5,old_only,excluded_vendor,active,fermob-lighting-mooon-lampe-h63cm,Fermob,Tischlampen
4ef7c148-9c08-4617-ab3f-46a33cd4176a,old_only,excluded_vendor,active,fermob-bellevie-3-sitzer-club-sofa-mit-kissen,Fermob,Gartensofas
4f0e1b97-4fdd-42d9-8329-0e19cc9066a3,old_only,excluded_vendor,active,fermob-bellevie-3-sitzer-club-sofa-mit-kissen,Fermob,Gartensofas
4f234072-ab91-49f3-a890-fb30fd60f69e,old_only,excluded_vendor,active,fermob-1900-cabriolet-sessel,Fermob,Sessel
4f2fdd2d-936f-4c5e-b680-d280c64ec3ab,old_only,excluded_vendor,active,fermob-bellevie-1-sitzer-modul-rechts,Fermob,Gartensofas
4f3cce83-307d-46d0-9102-8de27191877d,old_only,excluded_product_type,active,scapa-cortina-decke-mosterd,Scapa,Decken
4f4605fd-2e92-449a-97d3-c2316a2c9f16,old_only,excluded_vendor,active,fermob-bellevie-2-sitzer-polsterhocker,Fermob,Sitzbänke
4f61b6b6-8132-407b-8bda-769278a2d56e,old_only,excluded_vendor,active,fermob-bellevie-2-sitzer-modul-rechts,Fermob,Gartensofas
4f679189-0815-48e0-9bd8-2c1802b5aa13,old_only,excluded_vendor,active,fermob-bistrotisch-d117,Fermob,Gartentische
4f6e6a9a-1f50-40e6-8737-043a5d1b03d3,old_only,excluded_vendor,active,fermob-bellevie-sessel,Fermob,Sessel
4f70d2c3-a336-4aca-8a4b-884a68748461,old_only,excluded_vendor,active,fermob-bellevie-3-sitzer,Fermob,Gartensofas
4f794f96-7fd7-4779-8edb-cd7f1280e6b7,old_only,excluded_vendor,active,fermob-alize-sonnenliege-xs-stereo,Fermob,Sonnenliegen
4f79c2d0-2b65-4127-8bbe-02ca46e94ae6,old_only,excluded_vendor,active,wandlampe-memory-wall,Brokis,Wandleuchten
4f811314-2e8a-40e3-8673-1e6e17eca54f,old_only,excluded_vendor,active,fermob-bellevie-tisch-74x80cm,Fermob,Gartentische
4f850b4c-715d-40ba-9116-517c93251fe7,old_only,excluded_vendor,active,fermob-armlehnstuhl-studie,Fermob,Stühle
4f94b6c8-7aac-40ef-88dd-82a0915cb1d5,old_only,excluded_vendor,active,fermob-sitzbank-luxembourg-kompakt,Fermob,Sitzbänke
4f99b6da-1d9b-43ac-af7c-c420267ee05c,old_only,excluded_vendor,active,fermob-bellevie-zusammenstellung-3b,Fermob,Gartensofas
4fa1a3e6-7cea-4433-8dd3-0693cd524c13,old_only,excluded_vendor,active,fermob-alize-beistelltisch,Fermob,Beistelltische
4fafa8a7-c71a-4a16-a738-ea3f94cb395c,old_only,excluded_vendor,active,fermob-gartensofa-bellevie-2-sitzer,Fermob,Gartensofas
4fb2be6f-494c-4c19-ac71-a45a24cac154,old_only,excluded_vendor,active,fermob-bellevie-2-sitzer-modul-mitte,Fermob,Gartensofas
4fbb45f2-d1d2-4d23-92cf-1262e73b6e64,old_only,excluded_vendor,active,fermob-bellevie-1-sitzer-polsterhocker,Fermob,Hocker
4fbbae20-4c57-46fb-ab5e-d6983adcaa4e,old_only,excluded_vendor,active,fermob-caractere-tisch-90x190,Fermob,Gartentische
4fcdd08b-7a3b-4764-964c-bdbb114f5f71,old_only,excluded_vendor,active,ofyr-accessoires-zedernholzplanken-3er-set,Ofyr,Accessoires
4fd168f4-f822-4d33-babe-84f62eaec859,old_only,excluded_vendor,active,fermob-sitzbank-luxembourg-kompakt,Fermob,Sitzbänke
4fda531a-eb20-4bac-96f3-33ec7942c7a2,old_only,excluded_vendor,active,fermob-luxembourg-gueridon-haut-80x80cm,Fermob,Bartische
4fe45242-34c2-4a48-8ce0-07ca882ac9b6,old_only,excluded_vendor,active,fermob-luxembourg-tisch-mit-4-fusse-80x80,Fermob,Gartentische
500fc33c-6976-456a-ba09-097037d38cbd,old_only,excluded_vendor,active,fermob-niedriger-tisch-bellevie,Fermob,Couchtische
50150aef-8f65-4052-af90-be996cf575d4,old_only,excluded_vendor,active,fermob-bellevie-1-sitzer-polsterhocker,Fermob,Hocker
5026b5d0-a2e1-4465-bb5a-9958cf64b74c,old_only,excluded_vendor,active,fermob-bellevie-1-sitzer-polsterhocker,Fermob,Hocker
502dbc5e-fa42-4119-b72d-aed724c2a6c9,old_only,excluded_vendor,active,fermob-bellevie-tisch-196x90cm,Fermob,Gartentische
503cfa3d-d668-494e-a285-f222f0336502,old_only,excluded_vendor,active,fermob-1900-tisch-d96,Fermob,Gartentische
503ee18c-d741-4c7d-b3c2-9e88f96dd72f,old_only,excluded_vendor,active,gartentisch-romane-rund,Fermob,Gartentische
5040585c-a3f0-4603-b9fb-fa2fd4024e5b,old_only,excluded_vendor,active,fermob-1900-cabriolet-sessel,Fermob,Sessel
50510a28-d3e6-4216-9405-268aafa91208,old_only,excluded_vendor,active,fermob-bistro-stehtisch-71x71cm,Fermob,Bartische
50563f23-17c2-457c-86b0-26db77028fda,old_only,excluded_vendor,active,extremis-hopper-picnic-iroko-360cm,Extremis,Gartentische
50685d60-4bcf-4dd2-814a-214999f29e6f,old_only,excluded_vendor,active,fermob-bellevie-zusammenstellung-3b,Fermob,Gartensofas
507263b9-ae48-4ef0-853d-511c679ba692,old_only,excluded_product_type,active,warmflasche-calmo,Weich Alpaca,Accessoires
507fcb40-d76a-4417-bee0-12a198bfe04c,old_only,excluded_vendor,active,fermob-bellevie-1-sitzer-modul-rechts,Fermob,Gartensofas
508e6163-02d1-4cdb-9ac2-f6f0a5949a09,old_only,excluded_vendor,active,umbrosa-spectra-straight-alu,Umbrosa,Sonnenschirme
508f25b1-9f23-450c-9e51-dccadb78e4c1,old_only,excluded_vendor,active,fermob-luxembourg-niedriger-tisch-mit-rollen,Fermob,Couchtische
50963ac6-a852-4104-8847-d035927a07dc,old_only,excluded_vendor,active,umbrosa-spectra-straight-alu,Umbrosa,Sonnenschirme
50a2b88d-06dd-4d18-8364-a3e5be523e45,old_only,excluded_vendor,active,fermob-bistro-tisch-97x57cm,Fermob,Gartentische
50b74c43-c2ed-43cc-99dd-2ba85181fa46,old_only,excluded_vendor,active,fermob-stuhl-studie,Fermob,Stühle
50bebcf4-8001-4169-868b-cd393b62f3a1,old_only,excluded_vendor,active,fermob-fouta-strandtuch,Fermob,Decken
50c08ff3-3067-44d7-99e9-36914ee885f9,old_only,excluded_vendor,active,fermob-bellevie-1-sitzer-modul-mitte,Fermob,Gartensofas
50c9dd80-d6e6-4dff-bc3a-4e7032e02df4,old_only,excluded_vendor,active,fermob-bellevie-zusammenstellung-1a,Fermob,Gartensofas
50d23608-9dea-4907-9402-571a9ef9f4ab,old_only,excluded_vendor,active,fermob-bellevie-2-sitzer-modul-links,Fermob,Gartensofas
50e45875-a05a-4137-9e08-2e651daf377b,old_only,excluded_vendor,active,thonet-s32-vht,Thonet,Stühle
50f25441-654d-4890-9e8b-465be6a8de91,old_only,excluded_vendor,active,fermob-bellevie-zusammenstellung-1b,Fermob,Gartensofas
50f634c5-1b0f-4436-8167-873c2370c882,old_only,excluded_vendor,active,fermob-luxembourg-barstuhl,Fermob,Barstühle
5107c86f-f65b-47c3-9757-da42b36a8339,old_only,excluded_vendor,active,fermob-bellevie-1-sitzer-modul-rechts,Fermob,Gartensofas
510b0193-bf79-41be-89a1-9032bc349f2b,old_only,excluded_vendor,active,fermob-bellevie-sessel,Fermob,Sessel
513873e2-f016-4305-8af6-29f4851f1c01,old_only,excluded_vendor,active,fermob-bellevie-2-sitzer-modul-mitte,Fermob,Gartensofas
5140d1f8-4636-4d3f-a7f2-abad6edda5bf,old_only,excluded_vendor,active,umbrosa-spectra-forward-sonnenschirm,Umbrosa,Sonnenschirme
514a1ac0-aa6e-46a7-8476-378cdf6c35f1,old_only,excluded_vendor,active,fermob-bellevie-sessel-fur-den-essbereich,Fermob,Gartenstühle
51575a4e-e571-4c99-9bd3-b28d1d5aa2c7,old_only,excluded_product_type,active,scapa-decke-angus,Scapa,Dekoration
5169066d-18e9-4e8d-a730-a5a489fbb2c1,old_only,excluded_vendor,active,wandlampe-memory-wall,Brokis,Wandleuchten
516d919e-3c38-4492-be1f-35a63caddade,old_only,excluded_vendor,active,fermob-bellevie-sessel-fur-den-essbereich,Fermob,Gartenstühle
518dfb14-8664-407f-98ce-2c1daa72d684,old_only,excluded_vendor,active,fermob-bellevie-zusammenstellung-2b,Fermob,Gartensofas
51c0e336-b940-4a70-8da5-93600d80bb61,old_only,excluded_vendor,active,gubi-grashoppa-stehleuchte,Gubi,Stehlampen
51cddf61-a37c-4ec2-bd54-4484f9496337,old_only,excluded_product_type,active,tribu-schutzhullen,Tribù,Abdeckungen
51dafc4f-1cd4-42ec-bb12-e49711bc4601,old_only,excluded_vendor,active,fermob-bank-bellevie,Fermob,Sitzbänke
51e4268c-52f9-47e4-a89c-90032337c86c,old_only,excluded_vendor,active,fermob-bellevie-tisch-196x90cm,Fermob,Gartentische
51e43c2f-b155-4c6e-9dad-30cde25f3ffc,old_only,excluded_vendor,active,fermob-luxembourg-niedriger-doppelter-tisch,Fermob,Couchtische
51e9ab79-f730-4487-ad78-60beda69fe93,old_only,excluded_vendor,active,gartentisch-opera-carronde,Fermob,Gartentische
5208639f-111d-4ad4-9302-c7f6badc8981,old_only,excluded_vendor,active,gartentisch-romane-rund,Fermob,Gartentische
520a5af7-1bac-4956-8836-513c463d1b7e,old_only,excluded_vendor,active,gartentisch-petale-kopie,Fermob,Gartentische
520d760e-50c0-421b-b4c0-82ceb8d67113,old_only,excluded_vendor,active,fermob-bellevie-2-sitzer-modul-links,Fermob,Gartensofas
52109442-654d-46b1-b6d7-6fb71ffab1e3,old_only,excluded_product_type,active,tribu-schutzhullen,Tribù,Abdeckungen
521db16c-26f1-48cb-84b0-d89a02f5f9ea,old_only,excluded_vendor,active,fermob-1900-cabriolet-sessel,Fermob,Sessel
522a5e59-da04-4571-9a7c-a325beb982f3,old_only,excluded_vendor,active,gartentisch-opera-carronde,Fermob,Gartentische
52346037-45a9-4681-a1e9-d06237234c6d,old_only,excluded_vendor,active,fermob-bellevie-2-sitzer-eckmodul-links,Fermob,Gartensofas
523ddd10-05b3-46c2-bdb8-8687ca48ba55,old_only,excluded_vendor,active,fermob-bistro-balkontisch,Fermob,Gartentische
524e3a5b-049c-412a-91d5-5a26bca94d7d,old_only,excluded_vendor,active,fermob-bellevie-hoher-tisch-74x80cm,Fermob,Bartische
524e7924-0463-46ed-acb3-c2418c7ea570,old_only,excluded_vendor,active,extremis-gartentisch-pantagruel,Extremis,Gartentische
524f70e2-f46c-4c4a-a12e-2dca0b52c5e3,old_only,excluded_vendor,active,thonet-118f-holzstuhl-mit-armlehnen,Thonet,Stühle
524ff868-d61e-459e-9854-444b25596ea7,old_only,excluded_vendor,active,fermob-bellevie-zusammenstellung-3a,Fermob,Gartensofas
52633cfc-8adb-4187-9bd4-09c7e4d9bdbd,old_only,excluded_vendor,active,fermob-bellevie-sessel,Fermob,Sessel
5264d360-8539-4c17-a79d-9229d557be32,old_only,excluded_vendor,active,fermob-bellevie-2-sitzer-modul-mitte,Fermob,Gartensofas
52662919-86bd-41af-8a4c-269c9570eab7,old_only,excluded_vendor,active,brokis-stehlampe-ballons-pc858,Brokis,Stehlampen
52739eb8-fdec-4d04-aed8-b65a27d16b09,old_only,excluded_vendor,active,gubi-epic-steel-coffee-table-rund-60cm,Gubi,Couchtische
528103b1-6d4c-49c1-8a10-5efe2d7333be,old_only,excluded_vendor,active,fermob-bellevie-2-sitzer-eckmodul-links,Fermob,Gartensofas
5292b619-757e-4768-9f3b-a6b0fbd992e3,old_only,excluded_vendor,active,fermob-bridge-luxembourg,Fermob,Gartenstühle
52936fd1-cadc-497e-884b-0ce7105c3b0c,old_only,excluded_vendor,active,fermob-luxembourg-bridge-barstuhl,Fermob,Barstühle
52a85ace-86e2-45fd-bae1-dad988d42b89,old_only,excluded_vendor,active,gubi-esstischstuhl-beetle-3d-furnier,Gubi,Stühle
52ae5986-f77e-439e-a938-612e1a429065,old_only,excluded_vendor,active,fermob-bistro-tisch-117x117cm,Fermob,Gartentische
52bee2a8-fd8f-4893-9543-7d11b6df340a,old_only,excluded_vendor,active,fermob-bellevie-zusammenstellung-2a-1,Fermob,Gartensofas
52c312ad-8051-4bd7-955e-6f78e8246bdb,old_only,excluded_vendor,active,fermob-bellevie-1-sitzer-modul-links,Fermob,Gartensofas
52c635fc-d72a-4657-8ce1-268157ba3838,old_only,excluded_vendor,active,fermob-surprising-tiefer-sessel,Fermob,Sessel
52ceb564-0535-436b-9946-6334e01711d1,old_only,excluded_vendor,active,gartentisch-floreal,Fermob,Gartentische
52db146e-f764-441c-8dd8-fc2ed9c297fc,old_only,excluded_vendor,active,fermob-bistro-balkontisch,Fermob,Gartentische
52e536e2-22ec-490b-b51a-36455f78be1c,old_only,excluded_vendor,active,ofyr-horizontale-spiesse-ring,Ofyr,Grillzubehör
52ef4b12-e9e8-4114-ab4f-60a864653763,old_only,excluded_vendor,active,fermob-bellevie-2-sitzer-eckmodul-rechts,Fermob,Gartensofas
52f108d1-6fe8-47a3-8709-17a1f1440a90,old_only,excluded_vendor,active,fermob-bellevie-zusammenstellung-1b,Fermob,Gartensofas
52fea435-3033-4357-b52b-5d1007f3b76a,old_only,excluded_vendor,active,gubi-tischleuchte-unbound,Gubi,Tischlampen
530e5721-a5c6-4b59-bcb2-e506beb77d62,old_only,excluded_vendor,active,brokis-stehlampe-balloons-pc856,Brokis,Stehlampen
530eedc7-de50-4133-9294-5944bd23184f,old_only,excluded_vendor,active,fermob-lampe-mooon-doppelpach-h41-h143,Fermob,Stehlampen
5337786d-be67-48de-a89d-762990fd9c33,old_only,excluded_vendor,active,fermob-caractere-tisch-90x190,Fermob,Gartentische
534ccf28-2b86-47a4-b359-66f02e9ce423,old_only,excluded_product_type,active,tribu-eclipse-quadratischer-aluminium-sonnenschirm,Tribù,Sonnenschirme
53535daf-19ae-4bba-bd1e-b5e74be122f4,old_only,excluded_vendor,active,fermob-lorette-bridge,Fermob,Gartenstühle
535728df-c10a-4f28-a7b3-fa5f392029da,old_only,excluded_vendor,active,fermob-1900-cabriolet-sessel,Fermob,Sessel
53599b5f-2055-4a1a-bbbe-a4cba23d1dff,old_only,excluded_vendor,active,gartentisch-costa-ausziehbar,Fermob,Gartentische
535d8d68-5be2-4b08-a3bd-7f5d906edae3,old_only,excluded_vendor,active,fermob-luxembourg-barstuhl,Fermob,Barstühle
535ff9e9-574b-4b1f-8a6b-84a31003e08e,old_only,excluded_vendor,active,fermob-bellevie-1-sitzer-modul-mitte,Fermob,Gartensofas
53641100-56f6-4408-b4ca-29cbc4ef62d5,old_only,excluded_vendor,active,fermob-bellevie-tisch-140x80cm,Fermob,Gartentische
536ba6b5-6945-464a-b41c-114fbb462020,old_only,excluded_vendor,active,fermob-luxembourg-gueridon-haut-80x80cm,Fermob,Bartische
537834eb-6efc-409f-99f9-206cb1f8b321,old_only,excluded_vendor,active,fermob-luxembourg-gueridon-haut-80x80cm,Fermob,Bartische
538b5165-ebbf-4382-9903-60a159b1631f,old_only,excluded_vendor,active,fermob-bellevie-zusammenstellung-2a-1,Fermob,Gartensofas
5391df1e-3031-4d02-b586-b1091a93b529,old_only,excluded_vendor,active,tischlampe-spectra,Brokis,Tischlampen
53941c4a-742f-4dc2-9ba1-b63714ce5353,old_only,excluded_product_type,active,natures-collection-hockerbezug-aus-neuseelandischesm-schaffell,Natures Collection,Accessoires
5398da86-1280-401d-84ab-2ab147042e99,old_only,excluded_vendor,active,fermob-luxembourg-tisch-80x80cm,Fermob,Gartentische
53a58a74-54ac-45ff-a69d-5fa50cf793a2,old_only,excluded_vendor,active,umbrosa-paraflex-wall-square-230,Umbrosa,Sonnenschirme
53b5ccca-0e33-42ca-b67a-03e2dabbf2ce,old_only,excluded_vendor,active,fermob-fouta-strandtuch,Fermob,Decken
53c75fd6-5698-4132-ae97-2ab15da60607,old_only,excluded_vendor,active,fermob-bellevie-stuhl-v2,Fermob,Gartenstühle
53d0d29b-9da6-40a7-a9d1-4b4195671f75,old_only,excluded_vendor,active,fermob-bellevie-zusammenstellung-3b,Fermob,Gartensofas
53d2f29e-45b9-4c5b-98ea-d6c5e8b5ebba,old_only,excluded_vendor,active,fermob-bistrotisch-d117,Fermob,Gartentische
53ea82c1-d42a-4c29-b53e-ddb2a1d3d956,old_only,excluded_vendor,active,gartentisch-craft-kopie,Fermob,Gartentische
53eb4209-5314-4764-8204-24082bb127b3,old_only,excluded_vendor,active,fermob-luxembourg-tisch-165x100cm,Fermob,Gartentische
540dfc1e-3fd2-409a-8a3c-c9fea7b9c0e2,old_only,excluded_vendor,active,fermob-bellevie-2-sitzer-club-sofa-mit-kissen,Fermob,Gartensofas
541c5b2e-2df8-40c0-a761-c453fc8ef451,old_only,excluded_vendor,active,ofyr-mise-en-place-table-pro,Ofyr,Küchen
5422d0bf-ee32-4b92-9a6e-768bd098f2b9,old_only,excluded_vendor,active,fermob-bellevie-2-sitzer-eckmodul-links,Fermob,Gartensofas
542f14f8-8c6f-43de-88f1-8164610dc8c3,old_only,excluded_vendor,active,gartentisch-petale,Fermob,Gartentische
54384de3-35ed-4448-9c59-bd3c5634738b,old_only,excluded_vendor,active,gartentisch-petale,Fermob,Gartentische
543af3f7-c12c-418d-850f-0b10670f72bb,old_only,excluded_vendor,active,gartentisch-petale,Fermob,Gartentische
543e7d8c-f1c4-48df-81ba-e14653731c5d,old_only,excluded_vendor,active,fermob-bellevie-3-sitzer,Fermob,Gartensofas
5441e0ce-c3e7-4361-8d55-95492e2f697f,old_only,excluded_vendor,active,beistelltisch-alize-o48,Fermob,Beistelltische
544e63cd-d652-4e34-9cc3-896ff575181f,old_only,excluded_vendor,active,fermob-bellevie-zusammenstellung-1a,Fermob,Gartensofas
5456ea49-3241-4df9-a8aa-2c46cb42eb96,old_only,excluded_product_type,active,scapa-pott-raja-walnut,Scapa,Dekoration
545fa417-612c-4a44-8003-e42354c0c186,old_only,excluded_vendor,active,fermob-bellevie-1-sitzer-modul-links,Fermob,Gartensofas
546e9ce6-afa2-44b3-8322-86aae5c6071e,old_only,excluded_vendor,active,fermob-bellevie-3-sitzer,Fermob,Gartensofas
54987359-62ac-430f-9fbc-86b43eb953cc,old_only,excluded_vendor,active,extremis-hopper-picnic-hellwood-180cm,Extremis,Gartentische
54aab810-d9b7-4c9c-9bcf-a4c70c09d3f4,old_only,excluded_vendor,active,fermob-bellevie-2-sitzer-polsterhocker,Fermob,Sitzbänke
54aafbea-20b8-4bb4-8d0f-3f35c2b4e284,old_only,excluded_vendor,active,fermob-luxembourg-doppelter-sessel,Fermob,Sessel
54afa073-8296-478f-9292-eb7840e8901d,old_only,excluded_vendor,active,fermob-calvi-tisch-140-x-140-cm,Fermob,Gartentische
54b2e96c-d67b-4e33-9209-434f6593e520,old_only,excluded_vendor,active,gubi-grashoppa-stehleuchte,Gubi,Stehlampen
54c3f820-5890-4b36-8ade-7f06a622cd61,old_only,excluded_vendor,active,umbrosa-sonnenschirm-spectra,Umbrosa,Sonnenschirme
54c5ce63-af8d-4b91-bbb1-6c61bc20da1f,old_only,excluded_vendor,active,brokis-deckenleuchte-memory-ceiling,Brokis,Deckenleuchten
54cb7a91-db23-4a81-875f-03f64b80b2e2,old_only,excluded_vendor,active,fermob-bellevie-zusammenstellung-3a,Fermob,Gartensofas
54e452cd-a510-4543-a86f-819e05f4d05c,old_only,excluded_vendor,active,brokis-stehlampe-balloons-pc856,Brokis,Stehlampen
54edd748-27dc-4524-b782-b10e5be6dca5,old_only,excluded_vendor,active,fermob-lorette-bridge,Fermob,Gartenstühle
54f38dcb-59cb-4816-b361-275f32b7ddda,old_only,excluded_vendor,active,fermob-ios-stielvase,Fermob,Vasen
54f4503a-8953-4687-bbef-611aa9eb67de,old_only,excluded_vendor,active,fermob-bellevie-2-sitzer-club-sofa-mit-kissen,Fermob,Gartensofas
55001d7f-e4a8-466a-bd1a-9ffdea355398,old_only,excluded_vendor,active,gubi-moon-multi-lite-pendant-large,Gubi,Hängeleuchten
550ba961-b8c3-450e-817b-c48b7dc779c6,old_only,excluded_vendor,active,fermob-lorette-armlehnstuhl-problem-fauteuil-und-bridge,Fermob,Sitzbänke
55111b73-2c79-4f1b-9401-c2bf3085b46b,old_only,excluded_vendor,active,fermob-bistro-tisch-71x71cm,Fermob,Gartentische
551676d5-d486-438a-9c43-69cbef75ebc8,old_only,excluded_vendor,active,fermob-bellevie-1-sitzer-modul-mitte,Fermob,Gartensofas
55179f0f-0afb-4760-a7a1-04a624120ee2,old_only,excluded_vendor,active,glasskerze-led-candle-rechargeable,Piffany,Kerzen
551ba399-9387-4ed8-bed0-6fa420c51d80,old_only,excluded_vendor,active,fermob-bellevie-2-sitzer-polsterhocker,Fermob,Sitzbänke
55253be9-579a-453c-a5cd-c84f4ffc71bb,old_only,excluded_vendor,active,fermob-bellevie-2-sitzer-club-sofa-mit-kissen,Fermob,Gartensofas
552619d7-fed8-4857-92f5-d9590075178e,old_only,excluded_vendor,active,gartentisch-opera-oval,Fermob,Gartentische
552d7971-5717-4373-a2ca-6f0b6c193f41,old_only,excluded_vendor,active,fermob-bellevie-2-sitzer-eckmodul-rechts,Fermob,Gartensofas
55330152-b50c-4a78-a301-6107a402d4df,old_only,excluded_vendor,active,fermob-luxembourg-kid-bank,Fermob,Sitzbänke
553ad6d8-f4bb-431d-a4d6-360bbc78c190,old_only,excluded_vendor,active,extremis-gartentisch-pantagruel-picnic,Extremis,Gartentische
5548f58e-0932-4872-b032-d7419056f7d3,old_only,excluded_vendor,active,fermob-bellevie-2-sitzer-modul-rechts,Fermob,Gartensofas
554f7319-a259-41cf-bef6-37d9bbf44fc7,old_only,excluded_vendor,active,fermob-bellevie-sessel,Fermob,Sessel
555a6a26-9d13-482a-beb3-67d092769694,old_only,excluded_vendor,active,fermob-alize-sonnenliege-stereo,Fermob,Sonnenliegen
555b49c5-07a8-4c28-ab12-5d23aa500e67,old_only,excluded_vendor,active,fermob-bellevie-tisch-140x80cm,Fermob,Gartentische
556c4ba5-1d3a-40a6-8c7c-c343dd40a9b7,old_only,excluded_vendor,active,fermob-bellevie-hoher-tisch-74x80cm,Fermob,Bartische
556ec1c9-ddc1-4bc7-bf43-9f245b39e3bc,old_only,excluded_vendor,active,wandlampe-memory-wall,Brokis,Wandleuchten
55700911-2923-4695-9177-539ee6e78ed1,old_only,excluded_vendor,active,gartentisch-petale,Fermob,Gartentische
5574fe16-0854-482b-810c-15617893d067,old_only,excluded_vendor,active,ofyr-grill-classic-storage,Ofyr,Grills
55762e08-a4f6-48e7-b71f-c73437f2befc,old_only,excluded_vendor,active,fermob-bellevie-2-sitzer-modul-rechts,Fermob,Gartensofas
55764700-1c5a-4ba3-80f4-0f61f029ff9d,old_only,excluded_product_type,active,cane-line-parasols-hyde-luxe-hanging-sonnenschirm-3x4-1,Cane-line,Sonnenschirme
558bbe8d-d651-42f1-a2de-b0dbaead39ca,old_only,excluded_vendor,active,fermob-lorette-armlehnstuhl-problem-fauteuil-und-bridge,Fermob,Sitzbänke
558da7d3-25d8-4a45-8971-43c7a9837db4,old_only,excluded_product_type,active,tribu-schutzhullen,Tribù,Abdeckungen
55a65814-256f-4d7b-b632-04ad7ffbe6c2,old_only,excluded_vendor,active,fermob-cocotte-beistelltisch,Fermob,Beistelltische
55be2cc0-1dde-4db9-b0b3-552e434a04d9,old_only,excluded_product_type,active,entry-equipment-bordbar,Homestorys,Servierwagen
55c73a5b-14c9-4c3b-9b4b-abd1ea9c8a09,old_only,excluded_vendor,active,fermob-armlehnstuhl-studie,Fermob,Stühle
55ccc1a3-e709-4278-96db-5be14c5cec83,old_only,excluded_vendor,active,fermob-bellevie-zusammenstellung-2b,Fermob,Gartensofas
55d035d4-623c-4eb3-937f-4af86ccd8502,old_only,excluded_vendor,active,tischlampe-spectra,Brokis,Tischlampen
55f49c94-9f7b-4ea1-a64e-614015ef2a49,old_only,excluded_vendor,active,fermob-bistro-tisch-d77,Fermob,Gartentische
55faaf96-74b8-4034-b8c4-388bedac5a43,old_only,excluded_vendor,active,fermob-bellevie-2-sitzer-modul-mitte,Fermob,Gartensofas
5619eee2-19e6-4777-95ab-d17953cc7e5f,old_only,excluded_vendor,active,fermob-bistrotisch-d117,Fermob,Gartentische
5651be1f-9db2-4c18-ba7e-1091461a7bc9,old_only,excluded_vendor,active,gartentisch-ribamelle,Fermob,Gartentische
565fe75f-817d-43f7-b07a-605568b8e647,old_only,excluded_product_type,active,scapa-decke-causeway,Scapa,Dekoration
5662f8ff-d325-41d2-9bd5-388a660a6acc,old_only,excluded_vendor,active,fermob-surprising-tiefer-sessel,Fermob,Sessel
566444e0-817d-45c6-bfef-67128d09695d,old_only,excluded_vendor,active,fermob-bellevie-zusammenstellung-3a,Fermob,Gartensofas
566fabde-9392-4e89-b2b4-efda7194fb66,old_only,excluded_vendor,active,fermob-bellevie-zusammenstellung-1a,Fermob,Gartensofas
566fe95d-8c3d-4429-a664-4771daad7609,old_only,excluded_vendor,active,gartenstuhl-studie,Fermob,Gartenstühle
567642b9-2d87-4363-aba8-7e763fab8cf0,old_only,excluded_vendor,active,fermob-bellevie-3-sitzer-club-sofa-mit-kissen,Fermob,Gartensofas
569500a7-7c52-467a-8196-450535fff47b,old_only,excluded_vendor,active,brokis-deckenleuchte-memory-ceiling,Brokis,Deckenleuchten
569d45b5-31e3-44a1-bc46-b3a71a3632be,old_only,excluded_product_type,active,plaid-cielo,Weich Alpaca,Decken
56ae18a5-eea5-4959-8b76-27ee02e59430,old_only,excluded_vendor,active,deckenlampe-puro-contour,Brokis,Hängeleuchten
56ddb163-080e-4b27-bb8a-5c7dfa97bd49,old_only,excluded_vendor,active,fermob-luxembourg-tisch-80x80cm,Fermob,Gartentische
56e87897-a268-4aa7-93aa-aae47241987e,old_only,excluded_vendor,active,fermob-luxembourg-barstuhl-1,Fermob,Barstühle
56ee233e-7b0a-4d0a-98f1-638d93d1e87b,old_only,excluded_vendor,active,fermob-bellevie-1-sitzer-modul-links,Fermob,Gartensofas
5701e62f-4038-49e9-95e8-cf78f5f628a2,old_only,excluded_vendor,active,fermob-cocotte-beistelltisch,Fermob,Beistelltische
5708a2f7-da07-4e52-a27b-646c6f8ab95a,old_only,excluded_product_type,active,ethnicraft-pflegeset-leder,Ethnicraft,Pflegeprodukte
5712d16a-358a-4f5b-87ff-c5cd67a980c6,old_only,excluded_vendor,active,fermob-2-3-sitzer-bank-mit-ruckenlehne-luxembourg,Fermob,Sitzbänke
571f4cbf-204f-47bc-a237-05d201a7b486,old_only,excluded_vendor,active,fermob-alize-deporte,Fermob,Beistelltische
571fbdba-df9a-46ce-8685-b2db42b17874,old_only,excluded_vendor,active,fermob-bellevie-1-sitzer-modul-mitte,Fermob,Gartensofas
571fed7c-be02-479c-a6fa-df732b3ac4fd,old_only,excluded_vendor,active,fermob-bellevie-sessel-fur-den-essbereich,Fermob,Gartenstühle
5723d204-1a33-4a72-b564-f5dfd743f1d0,old_only,excluded_vendor,active,fermob-bellevie-hoher-tisch-74x80cm,Fermob,Bartische
5727642b-c1fa-4a5c-9e0b-8c3696d884d3,old_only,excluded_vendor,active,brokis-deckenleuchte-memory-ceiling,Brokis,Deckenleuchten
57593c89-7a5f-4427-b5c0-81538f6a189e,old_only,excluded_vendor,active,fermob-bellevie-2-sitzer-eckmodul-rechts,Fermob,Gartensofas
576498ed-e048-45d9-bb5d-8f90ec2c9ad5,old_only,excluded_vendor,active,fermob-gartensofa-bellevie-2-sitzer,Fermob,Gartensofas
576cdfd7-2c36-481c-92a2-f1b51b3da81e,old_only,excluded_vendor,active,fermob-luxembourg-tisch-mit-4-fusse-80x80,Fermob,Gartentische
5771e0be-e4b4-4519-9556-eeb5b14ba092,old_only,excluded_vendor,active,fermob-tiefer-sessel-luxembourg,Fermob,Sessel
578330d2-b0a9-4f35-b74a-5b286c154d80,old_only,excluded_vendor,active,schaukelstuhl-surprising,Fermob,Sessel
57917e68-f9b6-4950-9606-3e966c17eb60,old_only,excluded_vendor,active,fermob-bellevie-sessel-fur-den-essbereich,Fermob,Gartenstühle
579b615e-6786-49b0-8219-dd3cda426b93,old_only,excluded_vendor,active,fermob-bellevie-2-sitzer-modul-links,Fermob,Gartensofas
57a0c53b-aa4f-4deb-8e5e-078dd313b90b,old_only,excluded_vendor,active,brokis-stehlampe-balloons-pc856,Brokis,Stehlampen
57a91305-36de-4f5a-9fda-0bf4ac03b34f,old_only,excluded_vendor,active,fermob-calvi-tisch-160-x-80-cm,Fermob,Gartentische
57b87503-ac8e-4250-8830-6eee963cccc4,old_only,excluded_vendor,active,brokis-stehlampe-ballons-pc857,Brokis,Stehlampen
57baa8db-1117-437b-9a8a-9224d8cf0b64,old_only,excluded_vendor,active,fermob-bistro-tisch-d96,Fermob,Gartentische
57c81cf9-a77a-4e76-90c1-502e9fef7ead,old_only,excluded_vendor,active,fermob-luxembourg-tisch-mit-4-fusse-80x80,Fermob,Gartentische
57c87403-6f07-473f-965e-7f016a44ef04,old_only,excluded_vendor,active,umbrosa-sonnenschirm-spectra,Umbrosa,Sonnenschirme
57c91a0f-5a00-4651-b70a-14ddccc682c3,old_only,excluded_product_type,active,ethnicraft-outdoor-schutzhuelle-rechteck-essgruppen,Ethnicraft,Abdeckungen
57c9b3c8-212a-41b0-9b88-5253c4d0c37a,old_only,excluded_vendor,active,fermob-luxembourg-hoher-tisch,Fermob,Gartentische
57e1caef-47d9-4c23-b991-7724cee553d7,old_only,excluded_vendor,active,ofyr-gartenbank,Ofyr,Sitzbänke
57e954f1-e376-49cb-b157-488098927958,old_only,excluded_vendor,active,fermob-luxembourg-kid-stuhl,Fermob,Gartenstühle
57eed7e3-6e43-421f-aa05-687456be1885,old_only,excluded_vendor,active,fermob-bellevie-2-sitzer-eckmodul-rechts,Fermob,Gartensofas
57f1f021-44bc-48ba-8ebe-45795c041732,old_only,excluded_product_type,active,libeco-decke-marshall,Libeco,Decken
57f235e7-c236-4218-a468-8bb91ef1d81b,old_only,excluded_vendor,active,umbrosa-spectra-straight-alu,Umbrosa,Sonnenschirme
580d4a02-cf37-4406-925d-6428c427fcb7,old_only,excluded_vendor,active,fermob-sitzbank-luxembourg-kompakt,Fermob,Sitzbänke
5812da11-a02a-4b8d-aeca-fcf7e05b9e92,old_only,excluded_vendor,active,gartentisch-floreal,Fermob,Gartentische
5821e46b-84e2-4c06-92bf-fc7d9e35fab9,old_only,excluded_vendor,active,fermob-2-3-sitzer-bank-mit-ruckenlehne-luxembourg,Fermob,Sitzbänke
5847f677-696f-4c99-8805-fd938ab9ba07,old_only,excluded_vendor,active,fermob-bellevie-hoher-tisch-140x80cm,Fermob,Bartische
58488128-a771-492f-854b-710bbb8efb63,old_only,excluded_vendor,active,fermob-bellevie-1-sitzer-modul-mitte,Fermob,Gartensofas
5866dc97-d0c2-4c80-84fe-6295333d8391,old_only,excluded_vendor,active,fermob-bistrotisch-d117,Fermob,Gartentische
587a00e4-e1fe-4b41-8ff3-4fae2bbefaeb,old_only,excluded_vendor,active,gartentisch-craft,Fermob,Gartentische
587e3929-9d91-4e5a-b967-254fbd63471b,old_only,excluded_vendor,active,fermob-bellevie-zusammenstellung-1a,Fermob,Gartensofas
588bdbb9-0692-496b-a355-a996a27e752e,old_only,excluded_vendor,active,fermob-luxembourg-kid-stuhl,Fermob,Gartenstühle
589c7109-18df-4bff-aed7-75679d6d1154,old_only,excluded_vendor,active,armlehnstuhl-studie,Fermob,Gartenstühle
589d8175-8661-4985-9b8d-394bbbdc48f7,old_only,excluded_product_type,active,cane-line-parasols-hyde-luxe-hanging-sonnenschirm-3x4-1,Cane-line,Sonnenschirme
58a02833-ccb5-496a-888d-874f494f5645,old_only,excluded_vendor,active,extremis-hopper-picnic-iroko-180cm,Extremis,Gartentische
58a03f70-1f40-462a-a266-7633255dace9,old_only,excluded_product_type,active,warmflasche-calmo,Weich Alpaca,Accessoires
58a385eb-0784-46dd-8523-7de6020f0732,old_only,excluded_vendor,active,gartentisch-ribamelle,Fermob,Gartentische
58c717a1-b6b1-4a47-b3e7-4f9afce88092,old_only,excluded_vendor,active,fermob-lorette-runder-tisch-d110,Fermob,Beistelltische
58cf16c1-7ba6-4062-8568-752f71e674ec,old_only,excluded_vendor,active,fermob-bellevie-sessel-fur-den-essbereich,Fermob,Gartenstühle
58e01893-0510-421a-aa00-aedb0b51b119,old_only,excluded_vendor,active,fermob-bellevie-zusammenstellung-3b,Fermob,Gartensofas
58e3ff30-9c9d-4ab3-acb1-f567b0856491,old_only,excluded_product_type,active,scapa-vase-lathe-walnut,Scapa,Accessoires
58e8c559-679f-4426-b73f-2214f531f912,old_only,excluded_vendor,active,fermob-bellevie-1-sitzer-polsterhocker,Fermob,Hocker
5904d41a-fbd8-4547-95aa-eb672c88f659,old_only,excluded_vendor,active,gartentisch-romane,Fermob,Gartentische
59098128-57c7-48c1-abfa-cb1ec8401efb,old_only,excluded_vendor,active,fermob-bellevie-tisch-74x80cm,Fermob,Gartentische
5912e579-19a5-43c1-8f7f-9401392da196,old_only,excluded_vendor,active,fermob-bistro-tisch-117x117cm,Fermob,Gartentische
5936861f-20d0-4313-9e17-6e796ccd6c95,old_only,excluded_vendor,active,gartenstuhl-studie,Fermob,Gartenstühle
5940065d-ab42-4b80-8faf-7b52fc55b183,old_only,excluded_vendor,active,fermob-bellevie-2-sitzer-eckmodul-rechts,Fermob,Gartensofas
594319a1-ae10-461c-86fa-f20b455d9623,old_only,excluded_vendor,active,schaukelstuhl-surprising,Fermob,Sessel
5944439b-331f-48b8-b937-df5228a1d443,old_only,excluded_vendor,active,kerze-pillar-rustic-led-uyuni-caramel-o7-8-x-10-1cm,Piffany,Kerzen
594fa898-217e-40b4-81cc-53f97f496d0c,old_only,excluded_vendor,active,gartentisch-craft,Fermob,Gartentische
59510e78-3879-4021-878a-46e2b0d4e13d,old_only,excluded_vendor,active,fermob-bellevie-2-sitzer-eckmodul-links,Fermob,Gartensofas
5953ea85-9fc6-46a5-be9c-b871c557a6f0,old_only,excluded_vendor,active,fermob-bellevie-2-sitzer-eckmodul-rechts,Fermob,Gartensofas
59567c22-74d4-4fb5-af1c-e4f0a9508a85,old_only,excluded_vendor,active,gartentisch-romane,Fermob,Gartentische
59593ceb-9338-420a-bf6d-39e82d215dcb,old_only,excluded_vendor,active,fermob-2-3-sitzer-bank-mit-ruckenlehne-luxembourg,Fermob,Sitzbänke
595d012e-2f31-4769-854c-1334b005f155,old_only,excluded_vendor,active,fermob-bellevie-3-sitzer-club-sofa-mit-kissen,Fermob,Gartensofas
595fee30-038e-4bc7-ab69-261b07210a7a,old_only,excluded_vendor,active,fermob-bellevie-3-sitzer-club-sofa-mit-kissen,Fermob,Gartensofas
597ce738-222b-418c-9eb4-56f18090a8cd,old_only,excluded_product_type,active,manutti-schutzhulle-torsa-beistelltisch-100,Manutti,Abdeckungen
59864a26-27c6-4635-b1ae-9f089c9f5619,old_only,excluded_vendor,active,fermob-luxembourg-barstuhl-1,Fermob,Barstühle
598cb7fc-b3b7-4a1a-9bcc-faa62cdeadba,old_only,excluded_vendor,active,fermob-bellevie-sessel,Fermob,Sessel
598f5bd1-90ef-4a21-b603-7ae44888e698,old_only,excluded_vendor,active,fermob-rollende-bar-luxembourg,Fermob,Servierwagen
5995f9ca-45c7-48a1-aa1b-232a1b674d5f,old_only,excluded_vendor,active,fermob-bellevie-zusammenstellung-3a,Fermob,Gartensofas
599a05ab-6903-40f4-aee5-fb0b4f12a26b,old_only,excluded_vendor,active,fermob-bellevie-1-sitzer-polsterhocker,Fermob,Hocker
59a04cfa-899c-42e3-bf3e-34f09216c2d4,old_only,excluded_product_type,active,manutti-kissentruhe-siena,Manutti,Auflagenboxen
59a2f07f-1ce8-44cd-901e-4843b22db5c0,old_only,excluded_vendor,active,schaukelstuhl-surprising,Fermob,Sessel
59a4ec80-e602-4ad6-a6ce-5bb56b27dafb,old_only,excluded_vendor,active,fermob-lorette-ovaler-tisch-160x90,Fermob,Gartentische
59c568eb-9e9d-4320-807e-38ae796c4b7d,old_only,excluded_vendor,active,fermob-bellevie-2-sitzer-modul-rechts,Fermob,Gartensofas
59cde4b0-5ed4-4185-a9a4-d891a587b20f,old_only,excluded_vendor,active,fermob-fouta-strandtuch,Fermob,Decken
59e2c558-c709-472b-ad91-7a9d2a57822a,old_only,excluded_vendor,active,fermob-bellevie-2-sitzer-polsterhocker,Fermob,Sitzbänke
59ed2045-1ef7-47af-82fa-eb4fb3d140bf,old_only,excluded_vendor,active,fermob-bebop-niedriger-tisch-120-x-70-x-29cm,Fermob,Beistelltische
5a0ec012-bb96-4759-aac0-3f42c4c7e89f,old_only,excluded_vendor,active,ofyr-grill-classic-black-100-pro-1,Ofyr,Grills
5a118f10-fabc-4bb7-9f31-eadc4cb09abb,old_only,excluded_vendor,active,umbrosa-sonnenschirm-spectra,Umbrosa,Sonnenschirme
5a12f157-2d76-481f-9f01-df0bc34df05a,old_only,excluded_vendor,active,fermob-1900-stuhl,Fermob,Gartenstühle
5a13ff41-c92a-41ee-9ee3-9f5c60c8defb,old_only,excluded_vendor,active,fermob-1900-cabriolet-sessel,Fermob,Sessel
5a143286-0703-459b-be44-7ee26d1a534f,old_only,excluded_vendor,active,ofyr-bumper,Ofyr,Grillzubehör
5a1c6f4f-1d40-4f69-b7fb-67481c2cfc00,old_only,excluded_vendor,active,gartentisch-opera-carronde,Fermob,Gartentische
5a2e43d3-eed8-408b-9e9e-1c7b914ac60f,old_only,excluded_vendor,active,fermob-bellevie-3-sitzer,Fermob,Gartensofas
5a2f9486-65e7-4506-8867-8c169c1bde6e,old_only,excluded_vendor,active,fermob-bridge-luxembourg,Fermob,Gartenstühle
5a380793-b33a-44fe-8e10-3789d2700252,old_only,excluded_vendor,active,beistelltisch-cocotte-55x44,Fermob,Beistelltische
5a3a4c5c-fb01-4f80-8a69-76be990793b8,old_only,excluded_vendor,active,fermob-bellevie-3-sitzer,Fermob,Gartensofas
5a4d36fd-2cf7-4972-ae02-a50f22dc9337,old_only,excluded_vendor,active,fermob-bellevie-zusammenstellung-3b,Fermob,Gartensofas
5a5a2af2-7881-4db1-9252-968b3cc5b8f8,old_only,excluded_vendor,active,fermob-bellevie-3-sitzer,Fermob,Gartensofas
5a5f6621-e92d-456d-8937-4d650a0b7780,old_only,excluded_vendor,active,fermob-surprising-fussablage,Fermob,Hocker
5a71c7ad-744d-45e7-b5c3-915cce1b4acd,old_only,excluded_vendor,active,fermob-tisch-bellevie,Fermob,Gartentische
5a74ee04-94f2-4e07-9ff6-f2d4e1e86423,old_only,excluded_vendor,active,brokis-deckenleuchte-memory-ceiling,Brokis,Deckenleuchten
5a8ec718-268d-48c7-9a6f-e61268bae037,old_only,excluded_vendor,active,fermob-bellevie-1-sitzer-modul-links,Fermob,Gartensofas
5a9f4e0f-4a4b-4c14-86e0-e8aad2aaae8d,old_only,excluded_vendor,active,gartentisch-petale-kopie,Fermob,Gartentische
5aa0ad45-3f9d-4e20-a4df-cc4a306e26a0,old_only,excluded_vendor,active,fermob-rollende-bar-luxembourg,Fermob,Servierwagen
5aa11654-4301-4fc7-acf8-33e7330ea25c,old_only,excluded_vendor,active,fermob-bellevie-2-sitzer-modul-links,Fermob,Gartensofas
5acd6aa9-57a5-4a1f-ba9f-070430f8f7dd,old_only,excluded_vendor,active,fermob-bellevie-zusammenstellung-3a,Fermob,Gartensofas
5b00b073-7f65-428e-9d9b-acdb39e7afe9,old_only,excluded_vendor,active,fermob-bellevie-hoher-tisch-74x80cm,Fermob,Bartische
5b10da1e-2616-421f-83e0-bada4c73867e,old_only,excluded_vendor,active,fermob-1900-bank,Fermob,Sitzbänke
5b21f644-4f47-4348-8507-1249432a06d9,old_only,excluded_vendor,active,gartentisch-opera-carronde,Fermob,Gartentische
5b3cf45f-5a26-4f92-91e2-5fd78912fd4c,old_only,excluded_product_type,active,tribu-accessoires-laterne,Tribù,Laternen
5b46afc6-cdf7-4485-8e2d-76cf3665caca,old_only,excluded_vendor,active,fermob-lorette-runder-tisch-d110,Fermob,Beistelltische
5b5805f3-ac87-4fd6-bc9d-0ee55bf7891e,old_only,excluded_vendor,active,gartentisch-craft-kopie,Fermob,Gartentische
5b72e335-7bbb-4679-b715-91ed63820a59,old_only,excluded_vendor,active,fermob-alize-beistelltisch,Fermob,Beistelltische
5b960844-4323-4f79-9c66-90aa2f8f1f38,old_only,excluded_vendor,active,gartentisch-petale-kopie,Fermob,Gartentische
5b9f9727-3834-4a2f-aa00-9265360bb676,old_only,excluded_vendor,active,extremis-hopper-picnic-hellwood-300cm,Extremis,Gartentische
5ba00db6-8868-4f3e-ab34-ed52bf49a22d,old_only,excluded_vendor,active,ofyr-butcher-block-storage,Ofyr,Küchen
5ba2e76d-9540-4dbf-8d7c-30d1b630e61c,old_only,excluded_vendor,active,fermob-bellevie-2-sitzer-polsterhocker,Fermob,Sitzbänke
5ba789c4-c3ca-4bc8-b182-92a6304fbc70,old_only,excluded_vendor,active,fermob-cocotte-basse,Fermob,Beistelltische
5bbe700a-eb1e-4eff-b5b8-fde6976b4683,old_only,excluded_vendor,active,brokis-stehlampe-ballons-pc857,Brokis,Stehlampen
5bd594b3-0cc8-4e89-9975-4ed4646329ac,old_only,excluded_vendor,active,fermob-luxembourg-doppelter-sessel,Fermob,Sessel
5bdc7e54-f8c3-4d21-a692-1dabcfffa191,old_only,excluded_vendor,active,glaskerze-led-candle-sandstone,Piffany,Kerzen
5bf48f15-c5c8-40ac-b8d8-acb71025193f,old_only,excluded_vendor,active,gartenstuhl-studie,Fermob,Gartenstühle
5c04bf0a-9d25-47b4-b9fc-1670fb32feb5,old_only,excluded_vendor,active,gartentisch-romane-rund,Fermob,Gartentische
5c205252-aea9-4fd3-92fe-a49d4551e082,old_only,excluded_vendor,active,fermob-caractere-tisch-90x190,Fermob,Gartentische
5c50aa9c-ab69-4aac-b4b8-50e58f0ff2a2,old_only,excluded_vendor,active,fermob-itac-zylindrische-vase-h-76-cm,Fermob,Vasen
5c633ce5-5432-42c0-8a31-89d2e01af8a1,old_only,excluded_product_type,active,warmflasche-calmo,Weich Alpaca,Accessoires
5c718703-b2c6-4a29-a85d-8a7d636af603,old_only,excluded_vendor,active,fermob-bellevie-1-sitzer-modul-links,Fermob,Gartensofas
5c8208f5-c455-483b-8399-c1551bc3dffb,old_only,excluded_vendor,active,extremis-hopper-picnic-hellwood-180cm,Extremis,Gartentische
5c838eaa-f396-4c96-99de-daf377daa3d7,old_only,excluded_vendor,active,fermob-tisch-bellevie,Fermob,Gartentische
5c881c70-f117-40cd-8796-ed9c511d52dd,old_only,excluded_vendor,active,extremis-hopper-picnic-hellwood-180cm,Extremis,Gartentische
5ca1226b-b37f-41b8-b2b5-a89ac0d1a586,old_only,excluded_vendor,active,brokis-stehlampe-ballons-pc858,Brokis,Stehlampen
5caf1a24-24b0-4fbd-8d15-35acd8cfb226,old_only,excluded_vendor,active,gartentisch-opera-carronde,Fermob,Gartentische
5cc4001f-f711-41bc-bc43-674a25b81d85,old_only,excluded_vendor,active,fermob-stuhl-luxembourg,Fermob,Gartenstühle
5cf8f79a-1da6-4cc4-b50a-f465061a9eed,old_only,excluded_vendor,active,gartentisch-opera-oval,Fermob,Gartentische
5cfc86bb-3133-4544-aa9d-392b41f9e97d,old_only,excluded_vendor,active,fermob-luxembourg-bridge-barstuhl,Fermob,Barstühle
5d01141d-4cc3-47a8-a9c3-d37cc070f27f,old_only,excluded_vendor,active,fermob-airloop-tisch-o-60cm,Fermob,Gartentische
5d0172ec-55ad-4a71-9635-10f3f507696e,old_only,excluded_vendor,active,fermob-bellevie-3-sitzer-club-sofa-mit-kissen,Fermob,Gartensofas
5d0239fc-d31c-4fa0-a215-220e7c758b48,old_only,excluded_vendor,active,fermob-bellevie-zusammenstellung-3a,Fermob,Gartensofas
5d24182a-f2a3-427b-983c-06243ffcce93,old_only,excluded_product_type,active,ethnicraft-organic-skulptur,Ethnicraft,Dekoration
5d425d09-b891-4c3e-8759-2e8ccb5e3d3e,old_only,excluded_vendor,active,ofyr-grill-island,Ofyr,Grills
5d46e033-f749-40b6-94f3-53ad39cc8dbc,old_only,excluded_vendor,active,wandlampe-memory-wall,Brokis,Wandleuchten
5d4baf99-c615-4bed-b002-d4af2a673108,old_only,excluded_vendor,active,fermob-set-h12-balad,Fermob,Tischlampen
5d4fb07e-4381-4ec7-afb5-12d430803b3c,old_only,excluded_vendor,active,fermob-tisch-bellevie,Fermob,Gartentische
5d5186e8-0633-4c42-9b9b-261ce0e32383,old_only,excluded_vendor,active,fermob-bistro-barstuhl,Fermob,Barstühle
5d5d4a9d-4770-4d4a-b687-3e202663f400,old_only,excluded_vendor,active,fermob-bellevie-2-sitzer-modul-links,Fermob,Gartensofas
5d635793-ce69-4fe1-97d8-6e7f23c272e7,old_only,excluded_vendor,active,fermob-bistro-metallstuhl,Fermob,Gartenstühle
5d70a63d-563a-4f40-b920-67d198f43f29,old_only,excluded_vendor,active,fermob-airloop-tisch-o-60cm,Fermob,Gartentische
5d744d70-70dd-49e8-a59a-d8900aca008f,old_only,excluded_vendor,active,fermob-gartensofa-bellevie-2-sitzer,Fermob,Gartensofas
5d7e0ac3-6e6c-43e2-9b6e-c5bd5c541c77,old_only,excluded_vendor,active,fermob-1900-kaffeetisch,Fermob,Beistelltische
5d83e8a0-9c4a-4901-90c8-2bdc5906c664,old_only,excluded_vendor,active,fermob-gartensofa-bellevie-2-sitzer,Fermob,Gartensofas
5db324c1-3bd3-4004-9e95-df7097810567,old_only,excluded_vendor,active,fermob-luxembourg-kid-tisch-76x55cm,Fermob,Gartentische
5dc78889-d39d-4922-8554-2fd8c4ec5c8c,old_only,excluded_vendor,active,fermob-bellevie-3-sitzer-club-sofa-mit-kissen,Fermob,Gartensofas
5de58b36-f276-4a97-a1ac-187263d44c74,old_only,excluded_vendor,active,fermob-bellevie-1-sitzer-polsterhocker,Fermob,Hocker
5de7977a-4fbe-4f67-a8d4-fdbf80e184e2,old_only,excluded_vendor,active,fermob-lorette-runder-tisch-d110,Fermob,Beistelltische
5dfac2a3-4e91-433c-b91d-e1f93070c416,old_only,excluded_vendor,active,fermob-bellevie-sessel,Fermob,Sessel
5e348a21-9372-48f9-a7b2-6466bba231c8,old_only,excluded_vendor,active,fermob-bellevie-zusammenstellung-2b,Fermob,Gartensofas
5e3cd228-30b5-4457-a3d5-6b430d358039,old_only,excluded_product_type,active,cane-line-grow-pflanzengefass,Cane-line,Dekoration
5e3ebfc7-cf1c-4aa5-b92f-7c6082554b92,old_only,excluded_vendor,active,fermob-gartensofa-bellevie-2-sitzer,Fermob,Gartensofas
5e4394ed-ac97-4f76-9090-4c9f34ea270b,old_only,excluded_vendor,active,gartentisch-craft-kopie,Fermob,Gartentische
5e47b9ab-a737-49a2-b5db-5dfdc7de0b3f,old_only,excluded_vendor,active,thonet-freischwinger-s33,Thonet,Stühle
5e4ec0fa-610f-4fb4-aab7-e632d76de3ca,old_only,excluded_vendor,active,fermob-bellevie-halbhoher-tisch-74x80cm,Fermob,Gartentische
5e56d594-00ea-48fa-bc31-13b77b415a82,old_only,excluded_vendor,active,fermob-bellevie-zusammenstellung-2a-1,Fermob,Gartensofas
5e56ea20-1399-4bf2-acd7-4b6568c41066,old_only,excluded_vendor,active,fermob-bellevie-zusammenstellung-1a,Fermob,Gartensofas
5e58ce4f-ca36-4ad1-b8fb-281fcd2544d4,old_only,excluded_vendor,active,fermob-bellevie-2-sitzer-modul-links,Fermob,Gartensofas
5e6210ae-defb-4020-b65c-91433d8488ad,old_only,excluded_vendor,active,fermob-stuhl-luxembourg,Fermob,Gartenstühle
5e732389-ee34-4353-a087-fe8b7b56dfd2,old_only,excluded_vendor,active,gartentisch-ribamelle,Fermob,Gartentische
5e899b0c-e14c-4015-ae35-80f4514a0e83,old_only,excluded_vendor,active,fermob-bellevie-3-sitzer,Fermob,Gartensofas
5e8e5555-0c80-4728-99d8-3724b51a807a,old_only,excluded_vendor,active,fermob-bistro-stehtisch-71x71cm,Fermob,Bartische
5e9f0d8a-8e27-41e9-8e6c-4b46e16e88cd,old_only,excluded_vendor,active,gartentisch-romane,Fermob,Gartentische
5ea68384-b519-40db-9c82-661363888ec1,old_only,excluded_vendor,active,fermob-bellevie-2-sitzer-modul-mitte,Fermob,Gartensofas
5eb9a312-0c89-4c8a-b6ce-e27c30415b3c,old_only,excluded_vendor,active,fermob-bellevie-zusammenstellung-1b,Fermob,Gartensofas
5ed4d493-b302-4315-9bea-5198fc22c440,old_only,excluded_vendor,active,gubi-bl1-tisch-lampe,Gubi,Tischlampen
5edb79f1-132b-4d73-bc8e-ff1035ae5917,old_only,excluded_vendor,active,fermob-bellevie-1-sitzer-modul-rechts,Fermob,Gartensofas
5edde628-2a3b-4703-82fc-b5c2a491eba3,old_only,excluded_vendor,active,fermob-bistro-metallstuhl,Fermob,Gartenstühle
5edf23c1-39df-429c-bb64-281578ac7d92,old_only,excluded_vendor,active,fermob-bellevie-1-sitzer-polsterhocker,Fermob,Hocker
5ee29013-bd8f-4dc9-bb65-73e2d91dabfe,old_only,excluded_vendor,active,fermob-bellevie-2-sitzer-eckmodul-links,Fermob,Gartensofas
5efe7c66-5b22-42f2-b76f-cb2dc812bebf,old_only,excluded_vendor,active,fermob-bellevie-hoher-tisch-140x80cm,Fermob,Bartische
5f014bd6-220d-428d-a666-ee877875141f,old_only,excluded_vendor,active,fermob-gartensofa-bellevie-2-sitzer,Fermob,Gartensofas
5f024be2-ddaa-45c1-8421-b3f2411a929f,old_only,excluded_vendor,active,kerze-pillar-smooth-led-uyuni-ivory-o5-x-2-8cm,Piffany,Kerzen
5f036b86-0aa0-4cc0-a72a-53d790ef7d57,old_only,excluded_vendor,active,tischlampe-spectra,Brokis,Tischlampen
5f04464f-e3be-4b24-b07e-5bfefd8d5a48,old_only,excluded_vendor,active,fermob-bellevie-1-sitzer-polsterhocker,Fermob,Hocker
5f06edda-5e12-4032-b6be-6401d44215a4,old_only,excluded_vendor,active,fermob-bellevie-1-sitzer-polsterhocker,Fermob,Hocker
5f181511-337e-484b-a414-0a87c10a3ac6,old_only,excluded_vendor,active,brokis-stehlampe-ballons-pc857,Brokis,Stehlampen
5f23d805-b250-4351-baf8-8da39017eb7f,old_only,excluded_vendor,active,fermob-bellevie-2-sitzer-eckmodul-rechts,Fermob,Gartensofas
5f26a066-2350-4eaf-bbc8-daedc4592b59,old_only,excluded_vendor,active,fermob-luxembourg-tisch-165x100cm,Fermob,Gartentische
5f2f70ad-5d09-48a7-a098-5ad3c59a00d5,old_only,excluded_vendor,active,fermob-bistro-metallstuhl,Fermob,Gartenstühle
5f345daf-8ee7-4b72-8066-374c8a8a8bff,old_only,excluded_product_type,active,natures-collection-hot-water-bottle-1,Natures Collection,Dekoration
5f3f3009-9633-4524-bba6-d9c92c9efce7,old_only,excluded_vendor,active,umbrosa-sonnenschirm-spectra,Umbrosa,Sonnenschirme
5f4e1d8e-870c-4599-8922-f0fd02811933,old_only,excluded_vendor,active,fermob-gartensofa-bellevie-2-sitzer,Fermob,Gartensofas
5f4fa1f6-95dc-4051-87f6-69d61133a290,old_only,excluded_vendor,active,fermob-bellevie-sessel-fur-den-essbereich,Fermob,Gartenstühle
5f6fad36-727e-4df4-ba16-7e53a25cef6f,old_only,excluded_product_type,active,tribu-schutzhullen,Tribù,Abdeckungen
5f71317c-95ba-4376-ba6d-ea131b7a0e35,old_only,excluded_vendor,active,gubi-multi-lite-tischlampe,Gubi,Tischlampen
5f7eabb6-21f1-4914-bb24-0369d7011662,old_only,excluded_vendor,active,fermob-bellevie-1-sitzer-modul-mitte,Fermob,Gartensofas
5f9cd651-fdd3-4173-b3a1-616a86b16d29,old_only,excluded_vendor,active,ofyr-horizontal-skwewer-set-xl,Ofyr,Grillzubehör
5faedf3d-9305-4d8c-8d79-a68654991f81,old_only,excluded_vendor,active,fermob-bellevie-3-sitzer,Fermob,Gartensofas
5fafc12b-da3d-4a09-bd81-cb2bf104a806,old_only,excluded_vendor,active,brokis-deckenleuchte-memory-ceiling,Brokis,Deckenleuchten
5fbef33f-8b55-4538-8c91-5a0945a29390,old_only,excluded_vendor,active,gartentisch-costa-ausziehbar,Fermob,Gartentische
5fcd7f2e-872f-43e4-abeb-4e3c67304622,old_only,excluded_vendor,active,fermob-luxembourg-hoher-tisch,Fermob,Gartentische
5fd130b2-8d05-4e06-96bb-20511ecfd5cb,old_only,excluded_product_type,active,warmflasche-calmo,Weich Alpaca,Accessoires
5fd89b6f-564e-4d2a-92bf-bc147175b21c,old_only,excluded_vendor,active,armlehnstuhl-studie,Fermob,Gartenstühle
5ff34a36-fd75-4b74-a91a-43ee8d1b3151,old_only,excluded_vendor,active,fermob-bellevie-sessel-fur-den-essbereich,Fermob,Gartenstühle
600219f0-d2dd-4c3a-b18e-58ca916f9ae3,old_only,excluded_vendor,active,fermob-lorette-runder-tisch-d110,Fermob,Beistelltische
601db63e-b394-429e-8cc2-2a610f0c1b5e,old_only,excluded_vendor,active,fermob-bellevie-hoher-tisch-140x80cm,Fermob,Bartische
6030086d-82b8-4244-9fc1-8cabc871e8d0,old_only,excluded_vendor,active,fermob-bistro-tisch-d60,Fermob,Gartentische
603cb68c-c0a8-4968-bb3c-170c540b427d,old_only,excluded_vendor,active,fermob-bridge-luxembourg,Fermob,Gartenstühle
604a41d7-f74c-4ea3-8b49-8538c594d6f7,old_only,excluded_vendor,active,fermob-bellevie-3-sitzer,Fermob,Gartensofas
60557f85-dc85-4302-b290-478f0f650950,old_only,excluded_vendor,active,fermob-luxembourg-lounge-sessel,Fermob,Sessel
605a3ca1-bb7e-4aa4-8139-8738b1f5db4c,old_only,excluded_vendor,active,fermob-luxembourg-kid-stuhl,Fermob,Gartenstühle
6066c150-5eb7-479e-96f5-202f3ef67b6a,old_only,excluded_vendor,active,fermob-schaukelstuhl-luxembourg,Fermob,Sessel
6073323f-90d7-4a69-8c88-6532833255b7,old_only,excluded_vendor,active,fermob-bellevie-sessel-fur-den-essbereich,Fermob,Gartenstühle
60750374-86dc-4b26-a556-c7ba33bb562c,old_only,excluded_product_type,active,gommaire-ali-duftkerze,Gommaire,Kerzen
6089b104-b0bc-4001-97b6-fc7617916fef,old_only,excluded_vendor,active,gartentisch-opera-carronde,Fermob,Gartentische
6092380b-c2fc-4ff0-ad7f-ea6f4c97dadc,old_only,excluded_vendor,active,fermob-bistrostuhl-naturel,Fermob,Gartenstühle
6094a4cd-7c90-4fb2-ad60-d1ca56175f3c,old_only,excluded_vendor,active,fermob-bellevie-1-sitzer-modul-mitte,Fermob,Gartensofas
60a57ba0-e098-4fd1-be9e-dee8d34f8ce2,old_only,excluded_vendor,active,fermob-bellevie-1-sitzer-modul-links,Fermob,Gartensofas
60b1536e-7457-4882-bd38-d55b76edd6b9,old_only,excluded_product_type,active,cane-line-grow-pflanzengefass,Cane-line,Dekoration
60b39fe5-cd17-4195-8fbd-16a6bf8dd255,old_only,excluded_vendor,active,fermob-luxembourg-hoher-tisch,Fermob,Gartentische
60b41ea9-d3b1-4e23-ab2f-e1a485b26a9d,old_only,excluded_product_type,active,manutti-flex-konzept-5-schutzhulle,Manutti,Abdeckungen
60b44f8a-8983-44f8-b136-1ea6491d2b4a,old_only,excluded_vendor,active,fermob-bellevie-sessel-fur-den-essbereich,Fermob,Gartenstühle
60b45195-0cae-41e9-adef-1ef8e73fe180,old_only,excluded_vendor,active,gartentisch-floreal,Fermob,Gartentische
60b7c227-0619-4f2c-b548-9d3e5075f45a,old_only,excluded_vendor,active,fermob-bellevie-zusammenstellung-1a,Fermob,Gartensofas
60d74866-28fd-425c-982d-936a31c15bd1,old_only,excluded_vendor,active,fermob-bellevie-1-sitzer-polsterhocker,Fermob,Hocker
60f37139-4671-46e7-b462-089126b74768,old_only,excluded_vendor,active,fermob-basket-blumenkasten-lang,Fermob,Topf
61035f1b-6404-4b72-8792-38b06842780b,old_only,excluded_vendor,active,fermob-bellevie-2-sitzer-modul-mitte,Fermob,Gartensofas
610ca84f-a372-4d37-832c-7559d3782781,old_only,excluded_vendor,active,fermob-bellevie-1-sitzer-polsterhocker,Fermob,Hocker
61158b7b-3b6c-486e-ae42-06a7475d814e,old_only,excluded_vendor,active,fermob-luxembourg-hoher-tisch,Fermob,Gartentische
6115f7bc-d80f-4cb4-afa2-8ba0da122e65,old_only,excluded_vendor,active,fermob-bellevie-2-sitzer-club-sofa-mit-kissen,Fermob,Gartensofas
611b1169-aaaa-45eb-9f6b-fc6e16c76063,old_only,excluded_vendor,active,fermob-bellevie-zusammenstellung-1a,Fermob,Gartensofas
6120e344-4723-4c4b-8fb6-1189aa2febbf,old_only,excluded_vendor,active,fermob-rolltisch-guinguette,Fermob,Servierwagen
612bcad0-e4e7-4aab-b356-53a87459d320,old_only,excluded_vendor,active,fermob-bellevie-zusammenstellung-2a-1,Fermob,Gartensofas
613f43ed-cd60-4e2c-b2ed-e9b4ca1ea446,old_only,excluded_vendor,active,fermob-bellevie-3-sitzer-club-sofa-mit-kissen,Fermob,Gartensofas
61434111-e418-4c81-98b8-17e84d254c3a,old_only,excluded_vendor,active,fermob-bellevie-1-sitzer-modul-mitte,Fermob,Gartensofas
617bc164-2b68-481a-aa46-2722333ae809,old_only,excluded_vendor,active,fermob-bellevie-2-sitzer-modul-links,Fermob,Gartensofas
618dbf11-1290-4ffc-9e6a-5ac07bbacca6,old_only,excluded_vendor,active,fermob-bank-bellevie,Fermob,Sitzbänke
61942b21-94e1-407e-8b4d-effc962284d1,old_only,excluded_vendor,active,umbrosa-sonnenschirm-spectra,Umbrosa,Sonnenschirme
61a99223-6dcc-467b-9aac-fbb8af5d8e4d,old_only,excluded_vendor,active,fermob-basket-blumenkasten-hoch,Fermob,Topf
61c86b56-0fd3-4a86-85a6-0a7268c28d01,old_only,excluded_vendor,active,kerzen-ladestation,Piffany,Accessoires
61c8783e-e927-4c42-931f-f8450a211d55,old_only,excluded_vendor,active,fermob-bellevie-zusammenstellung-3a,Fermob,Gartensofas
61c8ed8e-4ffa-4f5a-9692-575755b9f714,old_only,excluded_vendor,active,fermob-bellevie-zusammenstellung-1b,Fermob,Gartensofas
61dfed68-59d2-4857-858f-ca8b442fe004,old_only,excluded_vendor,active,fermob-bellevie-zusammenstellung-1a,Fermob,Gartensofas
61f6267b-225b-48f5-8c9c-e96adf7c936d,old_only,excluded_vendor,active,fermob-bellevie-1-sitzer-polsterhocker,Fermob,Hocker
61f87af2-a1a1-4607-9009-ebe57c74590d,old_only,excluded_vendor,active,fermob-luxembourg-barstuhl,Fermob,Barstühle
61fa7b8c-caac-4cef-bed4-66bc1aba2e54,old_only,excluded_vendor,active,thonet-stuhl-209-m,Thonet,Stühle
620bc53c-b1f4-448f-bdb0-b7529acbe8bd,old_only,excluded_vendor,active,gartentisch-floreal,Fermob,Gartentische
62329287-ee13-4270-aab0-a1f9558c7ff9,old_only,excluded_product_type,active,scapa-kissenbezug-como,Scapa,Dekoration
6237a7d4-fcda-41f1-92a2-0bd019cb9975,old_only,excluded_vendor,active,gartentisch-floreal,Fermob,Gartentische
6242c4c5-7e21-412e-9f09-9533a0244e15,old_only,excluded_vendor,active,fermob-bellevie-1-sitzer-modul-rechts,Fermob,Gartensofas
624fc65c-611c-446b-93aa-15331903ed29,old_only,excluded_vendor,active,fermob-bellevie-zusammenstellung-1b,Fermob,Gartensofas
625172b3-07a9-44d0-ba40-49c90bcefac5,old_only,excluded_vendor,active,fermob-basket-blumenkasten-lang,Fermob,Topf
62572175-a83b-441f-901f-9fdc77a6d890,old_only,excluded_vendor,active,fermob-bellevie-1-sitzer-modul-rechts,Fermob,Gartensofas
625cacc9-0355-498c-bf9b-58299b49f188,old_only,excluded_vendor,active,gubi-grashoppa-stehleuchte,Gubi,Stehlampen
6264c678-e130-4d3d-a555-f695bbced162,old_only,excluded_vendor,active,fermob-bellevie-2-sitzer-modul-rechts,Fermob,Gartensofas
626b7cec-1b5f-4dc4-a216-11dba25b1cbe,old_only,excluded_vendor,active,fermob-bebop-d80,Fermob,Beistelltische
628a1cf5-fcb0-41c4-b451-0ed86b2762d5,old_only,excluded_vendor,active,kerze-pillar-smooth-led-uyuni-ivory-o10-1-x-10-1cm,Piffany,Kerzen
628ddca3-22e5-49fd-8f02-9743c79b4a77,old_only,excluded_vendor,active,fermob-bellevie-3-sitzer,Fermob,Gartensofas
62a6e893-0b99-4450-b714-cef46fe1bf81,old_only,excluded_vendor,active,fermob-luxembourg-bridge-barstuhl,Fermob,Barstühle
62b057b6-78c6-4049-9f15-38dfce5a1ac6,old_only,excluded_vendor,active,umbrosa-sonnenschirm-spectra,Umbrosa,Sonnenschirme
62ce3b76-8e76-4853-8401-a292313a1778,old_only,excluded_product_type,active,geschenkgutschein,Homestorys,Geschenkgutscheine
62f416fa-a229-4ecf-a9df-262209d520a4,old_only,excluded_vendor,active,thonet-stuhl-209-m,Thonet,Stühle
630160af-93ca-47a0-a3c3-2acf0dbb38f4,old_only,excluded_vendor,active,umbrosa-sonnenschirm-spectra,Umbrosa,Sonnenschirme
6307bfb7-783c-4df0-b8a6-e74c9075a27c,old_only,excluded_vendor,active,fermob-bellevie-tisch-140x80cm,Fermob,Gartentische
630e46bd-d3b4-4797-a043-6deb1d0a85c7,old_only,excluded_vendor,active,gartentisch-floreal,Fermob,Gartentische
6337e8de-37e3-45e6-94d8-db060139e3a0,old_only,excluded_vendor,active,umbrosa-spectra-forward-sonnenschirm,Umbrosa,Sonnenschirme
634089ee-10e4-42c2-b1c7-c002867e2485,old_only,excluded_vendor,active,fermob-luxembourg-barstuhl-1,Fermob,Barstühle
6346c3a7-ff25-4ded-962d-66a3713effbb,old_only,excluded_product_type,active,kleiderhaken-pi,Ethnicraft,Kleiderhaken
634d0a6c-44a0-45d5-8fb0-aa83c2989ca5,old_only,excluded_vendor,active,fermob-tiefer-sessel-luxembourg,Fermob,Sessel
6360f050-488f-42ce-9bd9-4664a17dafc8,old_only,excluded_vendor,active,fermob-bellevie-zusammenstellung-1a,Fermob,Gartensofas
6363baf9-fc27-41c9-bf27-f29ff9a9b713,old_only,excluded_vendor,active,fermob-alize-deporte,Fermob,Beistelltische
63828188-bde9-4631-ba27-7b3c1612854b,old_only,excluded_vendor,active,fermob-bellevie-sessel-fur-den-essbereich,Fermob,Gartenstühle
63884c03-1a0b-4d31-b3fb-e8b747b7dabb,old_only,excluded_vendor,active,gartentisch-floreal,Fermob,Gartentische
639d4e9f-a7c6-4cf8-9b7d-c7a4b09eb8d5,old_only,excluded_vendor,active,gubi-timberline-stehlampe,Gubi,Stehlampen
63be79f5-8134-4bec-845d-152f05fb13a6,old_only,excluded_vendor,active,gartentisch-flower-kopie,Fermob,Gartentische
63c18063-a60d-401c-8852-1763c5f000f2,old_only,excluded_vendor,active,fermob-bellevie-1-sitzer-modul-links,Fermob,Gartensofas
63c8507b-dab5-453f-bd55-459cd097dd95,old_only,excluded_vendor,active,fermob-1900-tisch-d117,Fermob,Gartentische
63f1da97-306c-429c-bea7-c9e08500564c,old_only,excluded_vendor,active,fermob-bellevie-zusammenstellung-2b,Fermob,Gartensofas
63facae6-e50a-4eac-9938-731626dd1076,old_only,excluded_vendor,active,fermob-bistro-tisch-d60,Fermob,Gartentische
63fb7c9b-aee9-4001-8305-2b054dca9f42,old_only,excluded_product_type,active,warmflasche-calmo,Weich Alpaca,Accessoires
6401deb5-6502-43cb-9985-e00fa6f9cacb,old_only,excluded_vendor,active,fermob-bistro-stehtisch-71x71cm,Fermob,Bartische
6418b583-f897-4c8b-8d4c-06a1ef6735e3,old_only,excluded_vendor,active,fermob-airloop-tisch-o-60cm,Fermob,Gartentische
641f88dd-9015-4d13-8526-21aef0be3ad6,old_only,excluded_vendor,active,fermob-bistro-metallstuhl,Fermob,Gartenstühle
642cffcc-d374-499c-a992-a78a598a0b80,old_only,excluded_vendor,active,fermob-gartensofa-bellevie-2-sitzer,Fermob,Gartensofas
64361a13-b3a9-4811-9fa3-82720aea8e90,old_only,excluded_vendor,active,fermob-1900-bank,Fermob,Sitzbänke
64425df8-4f77-4c9b-ba49-ace3172cd9ae,old_only,excluded_vendor,active,fermob-bellevie-1-sitzer-modul-rechts,Fermob,Gartensofas
6462f82b-bf71-4e54-8be4-2dd46298783d,old_only,excluded_product_type,active,tribu-schutzhullen,Tribù,Abdeckungen
646f1054-1fb9-47af-bb35-cc0d95ca7362,old_only,excluded_product_type,active,natures-collection-schaffell-handtasche-maxi-glory,Natures Collection,Accessoires
647bed17-3463-45ed-8e6f-162476c60bb7,old_only,excluded_product_type,active,cane-line-laterne-lighthouse,Cane-line,Laternen
64809bbd-907b-4e7b-b9bf-639d548a80cf,old_only,excluded_vendor,active,fermob-kleiner-niedriger-bestelltisch,Fermob,Beistelltische
648d1040-a2e3-4543-a8f3-f7b026c4a860,old_only,excluded_vendor,active,fermob-bistro-tisch-d77,Fermob,Gartentische
64a4f793-50ee-425f-aaf1-9621039b3380,old_only,excluded_vendor,active,fermob-1900-cabriolet-sessel,Fermob,Sessel
64aca802-b082-4218-80f7-e221448044eb,old_only,excluded_product_type,active,tribu-schutzhullen,Tribù,Abdeckungen
64b4a5bb-2055-409d-8688-e955ae2ea5eb,old_only,excluded_vendor,active,fermob-luxembourg-tisch-165x100cm,Fermob,Gartentische
64b4d11a-dff1-4394-8ba0-806a3e1624c3,old_only,excluded_vendor,active,umbrosa-spectra-forward-sonnenschirm,Umbrosa,Sonnenschirme
64c0db6c-b44a-4cf5-9c73-f6c138c910eb,old_only,excluded_vendor,active,umbrosa-paraflex-wall-square-230,Umbrosa,Sonnenschirme
64d553f0-f789-443d-af92-6699f03f5e56,old_only,excluded_vendor,active,fermob-caractere-tisch-90x190,Fermob,Gartentische
64d9a2b8-77aa-408e-a051-f5ff9c4a72b3,old_only,excluded_vendor,active,brokis-deckenleuchte-memory-ceiling,Brokis,Deckenleuchten
64de750a-ce3e-467c-b1a1-bec22389006b,old_only,excluded_vendor,active,fermob-bellevie-zusammenstellung-3b,Fermob,Gartensofas
64f2a5a4-8c03-43fd-ae33-89290bd4cdbf,old_only,excluded_vendor,active,fermob-bellevie-3-sitzer-club-sofa-mit-kissen,Fermob,Gartensofas
64f52912-ee4f-4ef1-a4ea-9bec3a9061db,old_only,excluded_vendor,active,fermob-luxembourg-lounge-sessel,Fermob,Sessel
65147c91-ca36-47ef-9f62-eb844c3df8d0,old_only,excluded_vendor,active,fermob-bellevie-2-sitzer-modul-links,Fermob,Gartensofas
6519f012-567e-460d-ba29-8a19e2ae15a1,old_only,excluded_vendor,active,fermob-luxembourg-kid-bank,Fermob,Sitzbänke
65479800-7f83-4b59-9fb8-316f4f66b88c,old_only,excluded_vendor,active,fermob-bebop-niedriger-tisch-120-x-70-x-29cm,Fermob,Beistelltische
6563505c-8fa8-4e10-8424-d60874d5e9b3,old_only,excluded_vendor,active,fermob-bellevie-zusammenstellung-3b,Fermob,Gartensofas
656d74c3-c28f-444c-ad0c-f8bcbd9a7095,old_only,excluded_product_type,active,warmflasche-calmo,Weich Alpaca,Accessoires
6573a7c8-5373-4bec-ba04-ef1e00f68e33,old_only,excluded_vendor,active,fermob-1900-kaffeetisch,Fermob,Beistelltische
65747820-d3ee-4c44-bac8-7cea0205e4d3,old_only,excluded_vendor,active,gubi-loungesessel-mr01,Gubi,Sessel
65832876-721e-44ee-8230-1f3dec2ad8cf,old_only,excluded_vendor,active,fermob-bellevie-2-sitzer-modul-rechts,Fermob,Gartensofas
65855852-173c-4336-8e08-af820ca3e85c,old_only,excluded_vendor,active,fermob-aplo-wandhalterung,Fermob,Accessoires
6588668b-24c8-456d-8f9c-d81d8d3b08a5,old_only,excluded_vendor,active,fermob-cadiz-tiefer-sessel,Fermob,Sessel
658e0630-ff4b-4ca0-8b81-6d33d3376ed3,old_only,excluded_vendor,active,gartentisch-petale-kopie,Fermob,Gartentische
6593815b-87fd-426b-b9cf-015a59f260d1,old_only,excluded_vendor,active,gartentisch-opera-carronde,Fermob,Gartentische
65968588-fe6d-42b5-89ac-8589620b83cb,old_only,excluded_vendor,active,fermob-bellevie-barhocker,Fermob,Barstühle
6596f80c-69af-4ead-8238-aaa8b97fb801,old_only,excluded_vendor,active,fermob-lorette-bridge,Fermob,Gartenstühle
659ad9e5-533e-4ce5-9d84-4c3195008a8d,old_only,excluded_vendor,active,fermob-alize-sonnenliege-xs,Fermob,Sonnenliegen
65a1eaae-ce1a-46db-8593-c08167e5741b,old_only,excluded_vendor,active,brokis-stehlampe-balloons-pc856,Brokis,Stehlampen
65b703d4-5414-4974-80f5-3140b86307d3,old_only,excluded_vendor,active,fermob-bellevie-zusammenstellung-2a-1,Fermob,Gartensofas
65b7e050-70b6-45fa-883b-e77d1c7febfc,old_only,excluded_vendor,active,brokis-deckenleuchte-memory-ceiling,Brokis,Deckenleuchten
65bc365d-869e-49d6-a508-dd749db9a34b,old_only,excluded_vendor,active,fermob-bellevie-sessel,Fermob,Sessel
65bdac75-fa83-4f44-8fb0-f8838763e15c,old_only,excluded_vendor,active,fermob-gartensofa-bellevie-2-sitzer,Fermob,Gartensofas
65c77e1d-62c5-4f60-ba5b-d727bc96128a,old_only,excluded_vendor,active,fermob-surprising-fussablage,Fermob,Hocker
65c872b7-b6a0-471b-a809-efcf4c96a99e,old_only,excluded_product_type,active,tribu-eclipse-runder-lyptusholz-sonnenschirm,Tribù,Sonnenschirme
65d39208-914a-49e2-9718-abd2288cb667,old_only,excluded_vendor,active,fermob-alize-deporte,Fermob,Beistelltische
65ffe462-e373-4f85-bbe6-20733063fad1,old_only,excluded_vendor,active,fermob-bellevie-zusammenstellung-1b,Fermob,Gartensofas
6604fa06-545e-48d1-9c0f-8ae9f5b57b24,old_only,excluded_vendor,active,gartentisch-petale,Fermob,Gartentische
66121538-b8ae-4068-be8f-7fc84d611547,old_only,excluded_vendor,active,fermob-bellevie-1-sitzer-modul-mitte,Fermob,Gartensofas
661d646b-2e02-4312-a98d-f4f1d6f78996,old_only,excluded_vendor,active,fermob-caractere-tisch-128x128cm,Fermob,Gartentische
6632d7e0-c014-4b7a-877c-819823bf92f5,old_only,excluded_vendor,active,fermob-tiefer-sessel-luxembourg,Fermob,Sessel
66349bc4-6760-4412-8284-0585cb47ee1f,old_only,excluded_vendor,active,brokis-deckenleuchte-memory-ceiling,Brokis,Deckenleuchten
663b3b0b-57ee-4951-b33c-611bacb148c5,old_only,excluded_vendor,active,fermob-bellevie-sessel,Fermob,Sessel
663b97b2-e009-4281-8a3a-4d36569e5744,old_only,excluded_vendor,active,fermob-bellevie-hoher-tisch-140x80cm,Fermob,Bartische
6646012c-6939-4014-b2aa-04fb87c378b1,old_only,excluded_vendor,active,fermob-bellevie-1-sitzer-polsterhocker,Fermob,Hocker
664da27d-26e3-4408-acc7-9d1d86709cfe,old_only,excluded_vendor,active,ofyr-grill-xl-corten,Ofyr,Grills
66542dbf-c074-42ea-9317-fb8e205c16ff,old_only,excluded_vendor,active,fermob-bellevie-sessel,Fermob,Sessel
6672586a-643f-4d5f-992c-0942ef853485,old_only,excluded_vendor,active,brokis-stehlampe-ballons-pc857,Brokis,Stehlampen
667c72c5-4233-4709-9a94-4e743bf88cb2,old_only,excluded_vendor,active,piffany-mr-wattson-original-tischlampe-chiltern-green,Piffany,Tischlampen
668042cc-8104-4e65-8753-6f576f179dfa,old_only,excluded_vendor,active,fermob-tisch-bellevie,Fermob,Gartentische
668d7ca6-6ae9-4e79-b1fa-8283c1044a16,old_only,excluded_vendor,active,fermob-bellevie-1-sitzer-modul-rechts,Fermob,Gartensofas
66938fb1-90c4-42d0-8256-6bbc17c0b4c1,old_only,excluded_vendor,active,fermob-bellevie-sessel-fur-den-essbereich,Fermob,Gartenstühle
66994c7d-8255-488d-a738-729fdabf1e39,old_only,excluded_vendor,active,gartentisch-romane-rund,Fermob,Gartentische
669d8419-a5d7-41b2-bb59-908ad1d30739,old_only,excluded_vendor,active,fermob-bellevie-sessel-fur-den-essbereich,Fermob,Gartenstühle
669fe0ea-0985-4e7e-8be3-a853cc56d4bd,old_only,excluded_vendor,active,fermob-lorette-bridge,Fermob,Gartenstühle
66a6f361-2f4e-46c5-99c3-ba58ee4a518b,old_only,excluded_vendor,active,fermob-bellevie-2-sitzer-club-sofa-mit-kissen,Fermob,Gartensofas
66abfb0a-fda0-4fec-b569-9ea339a13dde,old_only,excluded_vendor,active,fermob-bellevie-3-sitzer-club-sofa-mit-kissen,Fermob,Gartensofas
66ac1065-8b08-463a-ba50-a1c8d344808a,old_only,excluded_vendor,active,fermob-rollende-bar-luxembourg,Fermob,Servierwagen
66ac5157-6dc3-46d0-b146-80887330a19f,old_only,excluded_product_type,active,tribu-eclipse-quadratischer-lyptusholz-sonnenschirm,Tribù,Sonnenschirme
66b2e53f-e1f8-43ab-b7e8-9c1c0df8e2c9,old_only,excluded_product_type,active,manutti-flex-3s-deep-seater-schutzhulle,Manutti,Abdeckungen
66be6751-9ea7-422b-91c1-3d9567231046,old_only,excluded_product_type,active,tribu-eclipse-quadratischer-aluminium-sonnenschirm,Tribù,Sonnenschirme
66d2f002-5104-48f5-8707-0947cbb778d3,old_only,excluded_vendor,active,fermob-bellevie-3-sitzer,Fermob,Gartensofas
66d632b9-e5ed-4411-bf09-dc9e857799c2,old_only,excluded_vendor,active,umbrosa-sonnenschirm-spectra,Umbrosa,Sonnenschirme
66deca20-3f88-4448-8e18-1ab2d55903f9,old_only,excluded_vendor,active,fermob-1900-cabriolet-sessel,Fermob,Sessel
66ee214b-3787-441c-8c2b-ce5a617d082d,old_only,excluded_vendor,active,fermob-bellevie-zusammenstellung-3b,Fermob,Gartensofas
66f3b9e9-1a8e-4dfc-8d18-e6eae3b1163e,old_only,excluded_vendor,active,fermob-1900-cabriolet-sessel,Fermob,Sessel
66f7d60d-2562-4c6a-bb64-396a0c79391b,old_only,excluded_vendor,active,fermob-bellevie-halbhoher-tisch-140x80cm,Fermob,Gartentische
673f0592-7be0-43bf-8803-330e90e05c24,old_only,excluded_vendor,active,gartentisch-romane-rund,Fermob,Gartentische
676254a0-0fe3-45f2-871b-b845ef242b04,old_only,excluded_product_type,active,cane-line-parasols-sunshade-sonnenschirm-antrazit,Cane-line,Sonnenschirme
677b23f7-cc2b-4a5e-975d-21886d40781b,old_only,excluded_vendor,active,thonet-s32-spvh,Thonet,Stühle
6782deda-0537-4038-9be9-09fb15871595,old_only,excluded_vendor,active,fermob-bellevie-sessel-fur-den-essbereich,Fermob,Gartenstühle
678fbfe1-275d-4624-8161-64d4c51b875d,old_only,excluded_vendor,active,fermob-bistro-tisch-97x57cm,Fermob,Gartentische
679c6818-aab3-4ca2-a26e-5840d347aa65,old_only,excluded_vendor,active,teelicht-400-uyuni-led-nordic-white,Piffany,Kerzen
67bb62f7-6a86-40ae-ad0f-a6d39d354418,old_only,excluded_product_type,active,tribu-schutzhullen,Tribù,Abdeckungen
67c0945d-46be-45f8-93f7-b9395efc1056,old_only,excluded_vendor,active,umbrosa-spectra-forward-sonnenschirm,Umbrosa,Sonnenschirme
67c6d35b-c7c4-4ac8-98ed-f3b7cf4997b4,old_only,excluded_vendor,active,fermob-luxembourg-bridge-barstuhl,Fermob,Barstühle
67d8e88c-b58d-4e1d-8d43-c57c993048a6,old_only,excluded_vendor,active,fermob-sitzbank-luxembourg-kompakt,Fermob,Sitzbänke
67e17d79-4f9b-4f40-bb08-bcdcf49711a6,old_only,excluded_vendor,active,fermob-bellevie-zusammenstellung-2a-1,Fermob,Gartensofas
67e44dc2-9caf-4165-9c97-01c8af4fd5cc,old_only,excluded_vendor,active,fermob-calvi-tisch-160-x-80-cm,Fermob,Gartentische
67e49056-4583-48b3-afe7-679a94dff7b2,old_only,excluded_vendor,active,fermob-bellevie-zusammenstellung-1b,Fermob,Gartensofas
67f706ba-6c9d-4bc3-8f3c-0351ee9e97ed,old_only,excluded_vendor,active,fermob-cadiz-barstuhl,Fermob,Barstühle
6806f870-957f-4bb2-be71-63de16962f5b,old_only,excluded_vendor,active,fermob-rolltisch-guinguette,Fermob,Servierwagen
680ff6d4-2467-44c2-87ca-0872f558709c,old_only,excluded_vendor,active,fermob-bellevie-sessel,Fermob,Sessel
68194f84-25fb-4ea8-8ed4-f6e0821c52ef,old_only,excluded_vendor,active,fermob-luxembourg-kid-stuhl,Fermob,Gartenstühle
683b9737-8d64-42a5-8985-adf0f486a38b,old_only,excluded_vendor,active,fermob-bellevie-zusammenstellung-3b,Fermob,Gartensofas
685d827b-2e2d-4403-ae4b-2ad558a3e45b,old_only,excluded_vendor,active,fermob-bistro-tisch-d96,Fermob,Gartentische
685fdc82-b7ff-458f-b0bd-d8326696f81d,old_only,excluded_vendor,active,fermob-bellevie-zusammenstellung-2b,Fermob,Gartensofas
686c831e-7a97-47ff-95cf-6f680c3a7e29,old_only,excluded_vendor,active,fermob-bistro-tisch-d96,Fermob,Gartentische
686e6518-6b6e-412c-a125-70c550960b58,old_only,excluded_vendor,active,gubi-hangelampe-1965-pendant,Gubi,Hängeleuchten
687957cd-3a16-4741-9cc0-55402c4dc438,old_only,excluded_vendor,active,fermob-bellevie-zusammenstellung-2b,Fermob,Gartensofas
687b44af-b2a3-4d4e-91c8-d4848adaf235,old_only,excluded_vendor,active,fermob-bellevie-2-sitzer-modul-mitte,Fermob,Gartensofas
68836622-eb87-4236-b832-c227fd3da2ee,old_only,excluded_product_type,active,natural-collection-tibetisches-schafsfell-85x50-cm,Natures Collection,Dekoration
6885a65f-5c23-4c98-aef8-c869677620ca,old_only,excluded_vendor,active,fermob-bellevie-hoher-tisch-140x80cm,Fermob,Bartische
6886c8ab-9b6f-4df3-a0b6-e4888d63e334,old_only,excluded_vendor,active,fermob-sitzbank-luxembourg-kompakt,Fermob,Sitzbänke
68886e49-d59b-4ade-b0f2-a101dd8dd053,old_only,excluded_vendor,active,fermob-bellevie-1-sitzer-modul-mitte,Fermob,Gartensofas
689210d3-aaa3-4725-a516-34aed42723d3,old_only,excluded_vendor,active,fermob-bellevie-2-sitzer-eckmodul-rechts,Fermob,Gartensofas
689825d4-462c-4c86-ae31-005077a4bac9,old_only,excluded_vendor,active,fermob-bellevie-2-sitzer-polsterhocker,Fermob,Sitzbänke
689b977b-1982-4f00-8e1a-24ec499906b0,old_only,excluded_vendor,active,fermob-bellevie-sessel,Fermob,Sessel
689c7947-2f66-4d29-8252-9483a496292b,old_only,excluded_vendor,active,gartentisch-costa-ausziehbar,Fermob,Gartentische
689d6739-69c1-4e4b-b1c2-49f9811a4e07,old_only,excluded_vendor,active,gartentisch-romane,Fermob,Gartentische
68a8d93a-5739-4fe5-846c-67668f994ad8,old_only,excluded_vendor,active,gartentisch-petale-kopie,Fermob,Gartentische
68c9d7ee-294e-4199-9feb-bbe6fc56f45d,old_only,excluded_product_type,active,usm-haller-schubladenkasten-inos-k1,USM Haller,Accessoires
68faab9f-b88f-43e1-b7ff-2b1374d858e5,old_only,excluded_vendor,active,fermob-bellevie-tisch-140x80cm,Fermob,Gartentische
68fc8a97-cd94-4178-a260-bd33dba4a791,old_only,excluded_vendor,active,fermob-bellevie-tisch-140x80cm,Fermob,Gartentische
69188d2a-be0f-4a74-84ff-e12be99c9583,old_only,excluded_vendor,active,fermob-armlehnstuhl-studie,Fermob,Stühle
691d078a-b8a2-4777-bbfa-43d8f2ace73e,old_only,excluded_vendor,active,fermob-bellevie-1-sitzer-modul-rechts,Fermob,Gartensofas
69261ddc-163c-4c5b-8e37-58644670a5f4,old_only,excluded_vendor,active,ofyr-spatula-set,Ofyr,Grillzubehör
69285ad6-241a-4d93-a4b6-420973582827,old_only,excluded_vendor,active,fermob-1900-kaffeetisch,Fermob,Beistelltische
693e6952-0a38-4970-8e0f-9c80e4ec2a4a,old_only,excluded_vendor,active,fermob-1900-kaffeetisch,Fermob,Beistelltische
6967ac15-cbc8-4ea3-ace8-a98734e77dea,old_only,excluded_vendor,active,fermob-1900-kaffeetisch,Fermob,Beistelltische
696f1de4-7c5a-4acf-96c6-94ff00701108,old_only,excluded_vendor,active,fermob-bistrostuhl-naturel,Fermob,Gartenstühle
6990b7bc-c13f-4b03-ab94-bc2ba0688796,old_only,excluded_vendor,active,gartentisch-ribamelle,Fermob,Gartentische
69958e9d-91be-4181-86da-60d0a0ad8749,old_only,excluded_vendor,active,mini-pillar-kerze-uyuni-ivory,Piffany,Kerzen
699dbf6c-7a04-456f-9dbf-05f721aed9ba,old_only,excluded_vendor,active,gartentisch-romane-rund,Fermob,Gartentische
699e70a7-3776-4d63-850b-6f47d5aadc8b,old_only,excluded_vendor,active,fermob-bistro-tisch-71x71cm,Fermob,Gartentische
69a06f34-0fa4-4d2a-b107-17de14f1f048,old_only,excluded_vendor,active,gartentisch-floreal,Fermob,Gartentische
69a40f64-aba6-4b41-a5fd-2e2a58057314,old_only,excluded_product_type,active,manutti-schutzhulle-flex-konzept-1,Manutti,Abdeckungen
69a662b2-b35d-487c-a606-b0f2c86e7a6e,old_only,excluded_vendor,active,fermob-luxembourg-tisch-mit-4-fusse-80x80,Fermob,Gartentische
69ab7282-f640-40e2-bbc1-5f7632d953d4,old_only,excluded_vendor,active,fermob-tisch-bellevie,Fermob,Gartentische
69b99960-7895-4ad2-a194-65ab49620bf2,old_only,excluded_vendor,active,fermob-bellevie-2-sitzer-polsterhocker,Fermob,Sitzbänke
69bb9f42-a87f-4d74-9410-7061ffd002f9,old_only,excluded_vendor,active,fermob-basket-blumenkasten-hoch,Fermob,Topf
69bc5edb-1533-43f6-8a09-0ea67b1588c7,old_only,excluded_vendor,active,fermob-rollende-bar-luxembourg,Fermob,Servierwagen
69c5bb61-6f8e-4827-bb59-07b788e67673,old_only,excluded_vendor,active,gubi-esstischstuhl-beetle-3d-furnier,Gubi,Stühle
69c72094-e750-40e6-a675-8c2fd4e01236,old_only,excluded_vendor,active,fermob-bellevie-zusammenstellung-2b,Fermob,Gartensofas
69d05b29-7405-486d-be37-5cb69c46fc3a,old_only,excluded_vendor,active,kerze-outdoor-candle-smooth,Piffany,Kerzen
69d86d27-572e-4173-8a81-776ea3db3295,old_only,excluded_product_type,active,cane-line-laterne-lighthouse,Cane-line,Laternen
69e3e48a-8cb7-43a3-b5f2-dbf0592bf6b9,old_only,excluded_vendor,active,fermob-lampe-h38-balad,Fermob,Tischlampen
69e63dcc-d67c-4003-bead-a5ba7485ae6f,old_only,excluded_vendor,active,fermob-luxembourg-tisch-80x80cm,Fermob,Gartentische
6a05d2f2-efb7-4ad9-aaba-9827acbc8ec2,old_only,excluded_vendor,active,fermob-luxembourg-kid-tisch-76x55cm,Fermob,Gartentische
6a07bdef-dd8e-465a-b3ec-b7dd5c37d098,old_only,excluded_vendor,active,fermob-basket-blumenkasten-lang,Fermob,Topf
6a2a7c1e-8107-45ba-a335-d0e888e76cbf,old_only,excluded_vendor,active,gartentisch-floreal,Fermob,Gartentische
6a2d777b-da8f-45fd-b517-ce3d3931d9de,old_only,excluded_vendor,active,thonet-118f-holzstuhl-mit-armlehnen,Thonet,Stühle
6a2ede6d-135d-4d83-9e61-86656238813c,old_only,excluded_vendor,active,beistelltisch-alize-o48,Fermob,Beistelltische
6a30824b-9858-4a2c-9bce-2de0e03b5e3e,old_only,excluded_vendor,active,fermob-bellevie-2-sitzer-polsterhocker,Fermob,Sitzbänke
6a3a1ecb-aa74-4681-805e-bfbf61a93b83,old_only,excluded_vendor,active,fermob-bellevie-zusammenstellung-2b,Fermob,Gartensofas
6a4aaaa2-9af8-4d59-9564-df3961e496ed,old_only,excluded_vendor,active,fermob-1900-tisch-d96,Fermob,Gartentische
6a4b404c-eb50-4741-8f6b-1d13d368eb65,old_only,excluded_vendor,active,fermob-bellevie-2-sitzer-club-sofa-mit-kissen,Fermob,Gartensofas
6a519eb8-9d01-446c-af78-999c1f8238c7,old_only,excluded_vendor,active,brokis-deckenleuchte-memory-ceiling,Brokis,Deckenleuchten
6a52550c-413c-4571-8a59-dfe0b400a2c4,old_only,excluded_vendor,active,gubi-bl1-tisch-lampe,Gubi,Tischlampen
6a5a17a9-0ae3-45b8-85d7-aa73267ea5f2,old_only,excluded_vendor,active,fermob-bellevie-3-sitzer,Fermob,Gartensofas
6a6871d7-b8c2-4db2-b0df-48bb886eb31c,old_only,excluded_vendor,active,gartentisch-romane,Fermob,Gartentische
6a793508-f764-486f-badc-8db2d49a52af,old_only,excluded_vendor,active,fermob-bellevie-3-sitzer-club-sofa-mit-kissen,Fermob,Gartensofas
6a7de47f-bf57-4d16-a42b-ac821c7b0a07,old_only,excluded_vendor,active,fermob-sonnenliege-alize,Fermob,Sonnenliegen
6a811e74-7525-4dfb-9a19-7196f3ebfb96,old_only,excluded_product_type,active,tribu-schutzhullen,Tribù,Abdeckungen
6a8f58dc-cbbc-4fd7-8623-951b616f2ef6,old_only,excluded_vendor,active,fermob-bellevie-2-sitzer-modul-rechts,Fermob,Gartensofas
6a90b14a-0898-47fc-9faf-9ffcaa6c8799,old_only,excluded_product_type,active,geschenkgutschein,Homestorys,Geschenkgutscheine
6a94f712-cafb-4e1c-ae8c-163a7f35aea9,old_only,excluded_vendor,active,sonnenschirm-versa-ux-300x300-80,Umbrosa,Sonnenschirme
6aa9b258-4de4-4d74-8ef3-81bf86e7cb7e,old_only,excluded_vendor,active,fermob-rolltisch-guinguette,Fermob,Servierwagen
6aab17de-c2b5-4f19-85fc-f7ea4ce0f662,old_only,excluded_vendor,active,fermob-bistrostuhl-naturel,Fermob,Gartenstühle
6aacd879-c962-4586-a410-35e0ce662270,old_only,excluded_vendor,active,fermob-bellevie-zusammenstellung-1a,Fermob,Gartensofas
6ac9d987-1b33-46c4-bcee-c8bcb165a29e,old_only,excluded_vendor,active,fermob-bellevie-sessel-fur-den-essbereich,Fermob,Gartenstühle
6acfe27a-a74c-4512-b8d6-1d92c5894fbf,old_only,excluded_vendor,active,fermob-bellevie-sessel,Fermob,Sessel
6ad17a09-514a-4f11-a32c-543c448a42e3,old_only,excluded_vendor,active,extremis-hopper-picnic-iroko-240cm,Extremis,Gartentische
6aed9943-b12b-4410-aa62-d2892e49492e,old_only,excluded_vendor,active,fermob-luxembourg-kid-bank,Fermob,Sitzbänke
6b1b0124-065b-48ef-a560-ef593734d2d6,old_only,excluded_vendor,active,fermob-bellevie-1-sitzer-modul-links,Fermob,Gartensofas
6b29c6f0-e364-4fb1-a345-737f278aad3b,old_only,excluded_vendor,active,fermob-bellevie-3-sitzer-club-sofa-mit-kissen,Fermob,Gartensofas
6b3a58cf-7570-4132-bdff-f5b6a2805a75,old_only,excluded_vendor,active,fermob-bellevie-1-sitzer-modul-links,Fermob,Gartensofas
6b40df41-82de-43a8-aaad-eac56a9e199f,old_only,excluded_vendor,active,brokis-stehlampe-balloons-pc856,Brokis,Stehlampen
6b43f69e-18e8-4cf7-8bae-e0bd56ae3161,old_only,excluded_vendor,active,fermob-luxembourg-gueridon-haut-80x80cm,Fermob,Bartische
6b454090-dfc1-4c87-8dd2-f9ea42ad3a83,old_only,excluded_product_type,active,vetsak-decke-ted-blanked,Vetsak,Decken
6b45e002-280a-4d6f-ac64-19c5b578d013,old_only,excluded_vendor,active,fermob-bellevie-2-sitzer-eckmodul-rechts,Fermob,Gartensofas
6b4635cf-828f-45fa-8a76-4e123926013f,old_only,excluded_vendor,active,brokis-stehlampe-ballons-pc857,Brokis,Stehlampen
6b4ca908-7079-431f-a3f1-9993a34c2238,old_only,excluded_vendor,active,fermob-bellevie-2-sitzer-eckmodul-rechts,Fermob,Gartensofas
6b5ba7dd-2ce1-498a-86b7-4969fff0cc89,old_only,excluded_vendor,active,fermob-luxembourg-kid-bank,Fermob,Sitzbänke
6b5d1a96-d92c-4ad2-85e6-88aba8b96502,old_only,excluded_vendor,active,fermob-bistro-stehtisch-71x71cm,Fermob,Bartische
6b70c44f-ba30-4671-a0ae-21908cde510e,old_only,excluded_vendor,active,fermob-bellevie-zusammenstellung-2a-1,Fermob,Gartensofas
6b93ad42-9753-4a0a-b0b2-43b6c94b4eb7,old_only,excluded_vendor,active,fermob-1900-cabriolet-sessel,Fermob,Sessel
6b959cdd-07f2-4492-9a52-85e214b0f240,old_only,excluded_vendor,active,fermob-1900-tisch-d117,Fermob,Gartentische
6b99d84d-dafb-4009-a98c-c8d26db25e03,old_only,excluded_vendor,active,fermob-bellevie-1-sitzer-modul-links,Fermob,Gartensofas
6ba7ab82-e5c1-4713-abe7-baad81fcba1f,old_only,excluded_vendor,active,fermob-bellevie-sessel-fur-den-essbereich,Fermob,Gartenstühle
6bb88fae-4ee5-4cfc-9bbc-a3a04a60b905,old_only,excluded_product_type,active,cane-line-parasols-hyde-luxe-hanging-sonnenschirm-3x4-1,Cane-line,Sonnenschirme
6bc26966-fce4-4a04-aff0-b899eb0bf0b7,old_only,excluded_vendor,active,fermob-bistro-stehtisch-71x71cm,Fermob,Bartische
6bd1e3ae-2171-4239-a40a-597d624938c8,old_only,excluded_vendor,active,fermob-bellevie-1-sitzer-modul-mitte,Fermob,Gartensofas
6bdc04c2-c610-4aa2-8660-c34c80da247f,old_only,excluded_vendor,active,fermob-bellevie-zusammenstellung-3b,Fermob,Gartensofas
6becfb9c-1116-474e-8a2c-d0cae7391b85,old_only,excluded_vendor,active,fermob-bellevie-sessel-fur-den-essbereich,Fermob,Gartenstühle
6bef4bbe-baf0-4f37-b952-aa8e33ee95aa,old_only,excluded_vendor,active,ofyr-tischsets-schwarz,Ofyr,Grillzubehör
6bef7f34-e1c9-4422-882b-dcbcba514971,old_only,excluded_product_type,active,gommaire-handtuchtrager-finn,Gommaire,Dekoration
6bf80791-a618-42b7-b0d7-885032c31ea0,old_only,excluded_vendor,active,brokis-stehlampe-ballons-pc857,Brokis,Stehlampen
6bfccc88-0011-4ae6-b28d-b65a5d514aa8,old_only,excluded_vendor,active,gubi-multi-lite-tischlampe,Gubi,Tischlampen
6c0d632f-84c3-4dd6-b32c-8b25b4f7cdb9,old_only,excluded_product_type,active,ona-verdampfer-schwarz,Homestorys,Aromatherapie
6c14f354-4e45-48fe-b63d-d958d41be5b0,old_only,excluded_vendor,active,fermob-bellevie-sessel,Fermob,Sessel
6c1f4f0b-0abd-42f0-bcb3-698e5d8ca1af,old_only,excluded_vendor,active,fermob-1900-tisch-d96,Fermob,Gartentische
6c20d12e-3a86-450d-810f-39e3936c0626,old_only,excluded_vendor,active,fermob-bellevie-barhocker,Fermob,Barstühle
6c23951c-b1ef-4c6e-9104-ee297a2dd31f,old_only,excluded_vendor,active,gartentisch-ribamelle,Fermob,Gartentische
6c3955a5-085c-42bb-8473-3e4365b4d4c5,old_only,excluded_vendor,active,fermob-1900-bank,Fermob,Sitzbänke
6c4381fb-7db8-4184-be91-2232d7798ff0,old_only,excluded_vendor,active,fermob-luxembourg-niedriger-doppelter-tisch,Fermob,Couchtische
6c553fc5-380b-4daf-a4ef-41f850768b85,old_only,excluded_vendor,active,gubi-esstischstuhl-beetle-gepolstert,Gubi,Stühle
6c589d0f-6f8d-4bb6-a517-62374cca9077,old_only,excluded_vendor,active,fermob-stuhl-studie,Fermob,Stühle
6c65c44c-12ce-48e5-afe0-b9750eeafeee,old_only,excluded_vendor,active,fermob-bellevie-2-sitzer-eckmodul-links,Fermob,Gartensofas
6c7b536d-19a2-431d-baf9-281e129c4d94,old_only,excluded_vendor,active,fermob-bellevie-zusammenstellung-1a,Fermob,Gartensofas
6c7c5de2-ba5e-4dc7-bcc7-0e2ba0f38dc4,old_only,excluded_product_type,active,tribu-schutzhullen,Tribù,Abdeckungen
6cbb7235-0a3d-49af-9db8-77624ce96282,old_only,excluded_vendor,active,fermob-bebop-d80,Fermob,Beistelltische
6cc7bcf5-f7e5-4633-b2ac-d00fcf16dc63,old_only,excluded_vendor,active,fermob-bistro-balkontisch,Fermob,Gartentische
6cc9e90e-4b71-4790-8db8-d1d3003e2acc,old_only,excluded_vendor,active,fermob-bellevie-2-sitzer-modul-links,Fermob,Gartensofas
6cf71e35-b297-497d-a203-150c128cfa58,old_only,excluded_vendor,active,ofyr-kamado-bge-table-black-pro-65-teakholz,Ofyr,Grills
6d0b3750-f008-45c9-806d-ce570166cc10,old_only,excluded_vendor,active,fermob-bellevie-3-sitzer-club-sofa-mit-kissen,Fermob,Gartensofas
6d1046fa-a703-4563-84e3-80409da95ada,old_only,excluded_vendor,active,thonet-118f-holzstuhl-mit-armlehnen,Thonet,Stühle
6d12d651-c630-4ce8-9cb0-bce1e97c60e2,old_only,excluded_vendor,active,fermob-bellevie-2-sitzer-polsterhocker,Fermob,Sitzbänke
6d1bd40a-7e4a-4d9e-9f52-6a2930861d20,old_only,excluded_vendor,active,gartentisch-craft-kopie,Fermob,Gartentische
6d1fe7cb-def6-461c-a439-55751a59168c,old_only,excluded_vendor,active,armlehnstuhl-studie,Fermob,Gartenstühle
6d2b30d0-b89e-4a18-92bb-0eb605a97385,old_only,excluded_vendor,active,umbrosa-paraflex-wall-round-270,Umbrosa,Sonnenschirme
6d30ca0a-8ad7-4d33-a056-48c5331e438d,old_only,excluded_vendor,active,fermob-alize-fussteil,Fermob,Hocker
6d428cdc-3374-4b5f-b3cb-cafdc25af8bc,old_only,excluded_vendor,active,gartentisch-floreal,Fermob,Gartentische
6d45db1d-81b8-4217-b33a-ed6c68e066ff,old_only,excluded_vendor,active,fermob-niedriger-tisch-bellevie,Fermob,Couchtische
6d4b2585-7c05-42e4-98ee-161021f71377,old_only,excluded_vendor,active,fermob-bellevie-3-sitzer-club-sofa-mit-kissen,Fermob,Gartensofas
6d4c20d0-a164-4ac4-b776-7952c6002350,old_only,excluded_vendor,active,fermob-1900-cabriolet-sessel,Fermob,Sessel
6d5a2833-fd33-4401-a2c4-3192d794c3d3,old_only,excluded_vendor,active,fermob-kleiner-niedriger-bestelltisch,Fermob,Beistelltische
6d9350e3-2046-4139-8c2e-90cdbb7d2724,old_only,excluded_vendor,active,fermob-airloop-tisch-o-60cm,Fermob,Gartentische
6da1bc00-b827-4c82-948f-cd0fe2ec1906,old_only,excluded_vendor,active,fermob-bellevie-1-sitzer-modul-rechts,Fermob,Gartensofas
6daf6542-f975-418d-bad0-76ac244ee891,old_only,excluded_vendor,active,fermob-tisch-luxembourg,Fermob,Gartentische
6daffc52-4463-410c-b31c-b64ff591ee6f,old_only,excluded_vendor,active,fermob-bellevie-sessel-fur-den-essbereich,Fermob,Gartenstühle
6dc0a31c-8b28-4cdd-a86f-bfa9c86e23a2,old_only,excluded_vendor,active,fermob-bellevie-2-sitzer-eckmodul-rechts,Fermob,Gartensofas
6dd6a87c-0437-4782-9b8f-7d51ad3755b3,old_only,excluded_vendor,active,fermob-bistro-tisch-75x57,Fermob,Gartentische
6ddd0ff9-eb7c-4784-a4a0-c1b2e121d8fd,old_only,excluded_vendor,active,fermob-luxembourg-lounge-stuhl,Fermob,Sessel
6df2e2ba-60e8-4d66-b511-9dfb98f1fab1,old_only,excluded_vendor,active,gartentisch-opera-oval,Fermob,Gartentische
6e0a0519-eef9-4ea7-aac7-c34bce9ffb4a,old_only,excluded_vendor,active,gubi-stemlite-tischlampe,Gubi,Tischlampen
6e1cf90d-2bda-4766-96b8-f665b2f518fc,old_only,excluded_vendor,active,kerze-pillar-led-uyuni-carmine-red-o7-8-x-20cm,Piffany,Kerzen
6e2c503d-6e78-4ec2-ba8f-118ef04accb4,old_only,excluded_vendor,active,fermob-bellevie-zusammenstellung-2a-1,Fermob,Gartensofas
6e381741-9bb9-4a8b-9110-53c8400867a2,old_only,excluded_vendor,active,fermob-1900-bank,Fermob,Sitzbänke
6e446c1c-ae40-4a98-84b3-0ee23f166ec0,old_only,excluded_vendor,active,gartentisch-costa-ausziehbar,Fermob,Gartentische
6e47722e-fd10-4394-a4c4-324d67a30ec3,old_only,excluded_vendor,active,fermob-luxembourg-niedriger-tisch-mit-rollen,Fermob,Couchtische
6e4aad56-7848-43ce-a30b-a49d6b425e60,old_only,excluded_vendor,active,fermob-bellevie-zusammenstellung-1b,Fermob,Gartensofas
6e50806b-aeff-4ef5-bc5a-dd6624bc5127,old_only,excluded_vendor,active,fermob-luxembourg-tisch-165x100cm,Fermob,Gartentische
6e59999a-4548-4538-9934-cc834d1b2e78,old_only,excluded_vendor,active,fermob-stuhl-surprising,Fermob,Gartenstühle
6e63e02f-34bc-475a-bb48-a913af19c68a,old_only,excluded_vendor,active,gartentisch-flower-kopie,Fermob,Gartentische
6e7ead0b-ba1b-4876-9dc2-27a564f9ce72,old_only,excluded_vendor,active,fermob-bellevie-3-sitzer,Fermob,Gartensofas
6e88fcd4-e0b0-4efb-97c8-73dbf00717e9,old_only,excluded_product_type,active,ethnicraft-tablett-second-nature-laenglich,Ethnicraft,Accessoires
6e8bedb0-89cc-4230-a113-c333c7454aaf,old_only,excluded_vendor,active,ofyr-grill-island-pro,Ofyr,Grills
6e9285bf-5a6a-4ab8-86cb-39e4f10751f5,old_only,excluded_vendor,active,wandlampe-memory-wall,Brokis,Wandleuchten
6e9ca6b7-206a-4ad7-9e68-76c4b13838e3,old_only,excluded_vendor,active,fermob-bellevie-zusammenstellung-3a,Fermob,Gartensofas
6e9ee230-655b-4405-953f-dfb437a2dba2,old_only,excluded_vendor,active,fermob-bellevie-zusammenstellung-2b,Fermob,Gartensofas
6eb32716-fbf6-406d-a369-fdc4da879d0e,old_only,excluded_vendor,active,fermob-bellevie-tisch-196x90cm,Fermob,Gartentische
6eb3a7b4-5fcd-4bb9-adfd-c5fbd9eb3d59,old_only,excluded_vendor,active,fermob-surprising-fussablage,Fermob,Hocker
6ec8185c-ba75-46e5-a4e8-265f89b057fa,old_only,excluded_product_type,active,handytasche-gwen-phonebag,Natures Collection,Accessoires
6ee16a4f-4102-4636-94a6-3dcca3c4f387,old_only,excluded_vendor,active,fermob-bellevie-2-sitzer-eckmodul-rechts,Fermob,Gartensofas
6ee7a875-c453-4e8c-8753-0f9a5e3e8e20,old_only,excluded_vendor,active,gartentisch-caractere-190x90,Fermob,Gartentische
6eec62b2-718a-4807-bea7-db4bdbde2612,old_only,excluded_vendor,active,extremis-gartentisch-pantagruel,Extremis,Gartentische
6ef54fe7-9569-49f2-bfa2-9e4ccf14231c,old_only,excluded_vendor,active,fermob-luxembourg-gueridon-haut-80x80cm,Fermob,Bartische
6ef59afd-effa-4d15-a5b8-e835aa9c8f49,old_only,excluded_vendor,active,fermob-luxembourg-tisch-143x80,Fermob,Gartentische
6ef8b777-d1ff-47ae-ba76-5cdb10a7c2f3,old_only,excluded_vendor,active,fermob-bellevie-sessel-fur-den-essbereich,Fermob,Gartenstühle
6efa4583-72d1-429d-b74a-10d540bb429b,old_only,excluded_vendor,active,ofyr-pizzaofen,Ofyr,Grillzubehör
6efe059d-84ef-4553-a789-7a10edd90d3f,old_only,excluded_product_type,active,warmflasche-calmo,Weich Alpaca,Accessoires
6effca8e-35e9-48da-8884-17c497d00ef4,old_only,excluded_vendor,active,fermob-cocotte-basse,Fermob,Beistelltische
6f029a04-3bb3-4e94-8ddb-02a1a766c19b,old_only,excluded_vendor,active,fermob-alize-fussteil-tiefer-sessel,Fermob,Hocker
6f19d1ea-e4ad-4577-9426-704b21da95cf,old_only,excluded_vendor,active,fermob-bellevie-1-sitzer-modul-links,Fermob,Gartensofas
6f1abf9d-6572-4561-9ccf-c6578198eaf9,old_only,excluded_vendor,active,fermob-bellevie-3-sitzer,Fermob,Gartensofas
6f2f6de8-1069-480c-887c-36b8b40476ae,old_only,excluded_vendor,active,fermob-bistro-tisch-75x57,Fermob,Gartentische
6f378ba0-7154-47a2-9d38-3b13b6661c0e,old_only,excluded_vendor,active,fermob-bellevie-zusammenstellung-1a,Fermob,Gartensofas
6f39fa2f-cc2e-4fff-a86e-b9731c5da8ec,old_only,excluded_vendor,active,fermob-bellevie-2-sitzer-polsterhocker,Fermob,Sitzbänke
6f3aa625-46d0-45c4-ada4-524527f8821c,old_only,excluded_vendor,active,gubi-esstischstuhl-beetle-gepolstert,Gubi,Stühle
6f43b566-6c78-43ce-b379-abc4b3b43b6b,old_only,excluded_product_type,active,tribu-eclipse-aluminium-sonnenschirm,Tribù,Sonnenschirme
6f582973-1aa9-4c36-871e-ef30be70804f,old_only,excluded_vendor,active,wandlampe-memory-wall,Brokis,Wandleuchten
6f7e55f8-b4b6-437a-8a21-1f45c694493d,old_only,excluded_vendor,active,fermob-bellevie-1-sitzer-modul-mitte,Fermob,Gartensofas
6f82dc05-695d-4e73-910a-03b00b50540d,old_only,excluded_vendor,active,gartentisch-floreal,Fermob,Gartentische
6f959e54-4479-44dd-9373-35f904b70839,old_only,excluded_vendor,active,fermob-gartensofa-bellevie-2-sitzer,Fermob,Gartensofas
6fa10703-35a7-4111-8ea0-d224561f79a3,old_only,excluded_product_type,active,warmflasche-calmo,Weich Alpaca,Accessoires
6fa3fe68-f2be-4e5e-8943-d731bd0e9ab5,old_only,excluded_vendor,active,wandlampe-memory-wall,Brokis,Wandleuchten
6fa5b4ef-e4f1-401c-b540-bc2d767d79ca,old_only,excluded_vendor,active,schaukelstuhl-surprising,Fermob,Sessel
6fb42900-f546-408f-a6af-3161e6c934f8,old_only,excluded_vendor,active,fermob-1900-tisch-d96,Fermob,Gartentische
6fb7bc27-3a8f-4572-9f8d-30cde2cd257e,old_only,excluded_vendor,active,gartentisch-ribamelle,Fermob,Gartentische
6fb7dfb6-e4f8-4496-b78b-dcaaeebaea42,old_only,excluded_vendor,active,fermob-bellevie-2-sitzer-eckmodul-links,Fermob,Gartensofas
6fd08acc-2284-40ab-ae33-a0a7efc5c59c,old_only,excluded_vendor,active,fermob-bellevie-1-sitzer-modul-links,Fermob,Gartensofas
6fd810e4-e729-4355-9a95-5b0f238c2089,old_only,excluded_vendor,active,fermob-alize-beistelltisch,Fermob,Beistelltische
6fdf24b6-60fb-42e2-a6b8-b754e1da0f92,old_only,excluded_vendor,active,extremis-hopper-picnic-hellwood-360cm,Extremis,Gartentische
6ff4774e-98d6-46f5-8861-8e666eeaf381,old_only,excluded_vendor,active,wandlampe-memory-wall,Brokis,Wandleuchten
700c669d-f9bf-4983-8e6c-b284aac22d46,old_only,excluded_vendor,active,fermob-bank-louisiana-150cm,Fermob,Sitzbänke
7017e8a0-b173-4e6b-a283-35eb6aa7975e,old_only,excluded_vendor,active,fermob-color-mix-kissen-44x30cm,Fermob,Sitzkissen
701eb519-1c99-4f84-a0fb-3ea50ffc2a49,old_only,excluded_vendor,active,gartentisch-ribamelle,Fermob,Gartentische
70263b4d-c9e0-4bba-9d53-da83003b40b0,old_only,excluded_vendor,active,fermob-luxembourg-lounge-sessel,Fermob,Sessel
70274633-ff92-4b09-8fe0-71e1eda0e1a1,old_only,excluded_vendor,active,fermob-bellevie-zusammenstellung-1a,Fermob,Gartensofas
703e9b85-8423-49ef-bde8-42e9130511c9,old_only,excluded_vendor,active,extremis-gartentisch-hopper-picnic-aa,Extremis,Gartentische
7079a48c-bd73-4f2b-a15a-dc11d54a0f81,old_only,excluded_vendor,active,fermob-caractere-tisch-128x128cm,Fermob,Gartentische
707daf5b-805f-437b-a470-536c178bb4fb,old_only,excluded_vendor,active,fermob-bellevie-3-sitzer,Fermob,Gartensofas
708185ea-b539-4e0c-ba5b-70a3e7c1ec6a,old_only,excluded_vendor,active,fermob-bellevie-sessel-fur-den-essbereich,Fermob,Gartenstühle
70857f66-838b-4346-b4c6-9dd5231046b3,old_only,excluded_vendor,active,extremis-gartentisch-pantagruel,Extremis,Gartentische
7086579e-4652-46d2-8c25-430ef150617a,old_only,excluded_vendor,active,fermob-surprising-tiefer-sessel,Fermob,Sessel
7090099d-d818-4098-912d-cb5e35b55b0c,old_only,excluded_vendor,active,fermob-bellevie-halbhoher-tisch-140x80cm,Fermob,Gartentische
70a20dd4-0ec7-48d2-b31d-d6ab5537deda,old_only,excluded_vendor,active,fermob-bellevie-2-sitzer-club-sofa-mit-kissen,Fermob,Gartensofas
70bb5fb5-4e0a-4f61-a6bb-5de711a5f908,old_only,excluded_product_type,active,tasche-mini-glory-shopper,Natures Collection,Accessoires
70d949f1-74f1-4a1b-97ab-a9d8791de138,old_only,excluded_product_type,active,natures-collection-man-slipper-double-face-sheepskin,Natures Collection,Dekoration
70de8b6f-dfeb-47fc-a07a-823830f66c0c,old_only,excluded_vendor,active,fermob-bistro-tisch-75x57,Fermob,Gartentische
70e7d0b0-5b58-4714-8023-c2ef4da9684f,old_only,excluded_vendor,active,fermob-bistro-barstuhl,Fermob,Barstühle
710d3483-7646-4d08-974c-67f6325e6b17,old_only,excluded_product_type,active,natures-collection-hot-water-bottle,Natures Collection,Accessoires
712a5f24-35f9-48ec-a235-e031ab823725,old_only,excluded_vendor,active,fermob-bellevie-3-sitzer-club-sofa-mit-kissen,Fermob,Gartensofas
7145f9f3-a4ef-431d-86cc-8df0bf82ca0b,old_only,excluded_vendor,active,armlehnstuhl-studie,Fermob,Gartenstühle
714aa896-79eb-4204-9236-4bb8dccfa3b5,old_only,excluded_vendor,active,fermob-aplo-wandhalterung,Fermob,Accessoires
715d15a9-440d-48a4-9cc4-5c0056a05f4e,old_only,excluded_vendor,active,fermob-bellevie-2-sitzer-eckmodul-links,Fermob,Gartensofas
716bbae6-9f3b-4448-aa4b-7ecce2f535bf,old_only,excluded_vendor,active,fermob-alize-beistelltisch,Fermob,Beistelltische
716e5ce2-0ae9-4bba-90ce-e7de1e91a056,old_only,excluded_vendor,active,fermob-bellevie-2-sitzer-modul-links,Fermob,Gartensofas
716ec3a7-7eaa-4142-83cf-e86a839f58eb,old_only,excluded_vendor,active,ofyr-soft-cover,Ofyr,Grillzubehör
717cfb42-4ab4-46d4-9556-e289c4e3d027,old_only,excluded_vendor,active,fermob-luxembourg-lounge-sessel,Fermob,Sessel
7184298e-60cb-417d-b47c-3f4275e82463,old_only,excluded_vendor,active,brokis-stehlampe-ballons-pc858,Brokis,Stehlampen
7198f59b-6d65-4b55-a2ed-3847094deea7,old_only,excluded_product_type,active,tribu-schutzhullen,Tribù,Abdeckungen
71b08c35-73f4-4c75-a8f2-a322fd6be8f2,old_only,excluded_vendor,active,umbrosa-spectra-straight-alu,Umbrosa,Sonnenschirme
71ba7a0e-75a5-4e6f-9d30-2534ee28dd7c,old_only,excluded_vendor,active,gartentisch-petale,Fermob,Gartentische
71c60297-b70d-472d-a315-809cb4700a6b,old_only,excluded_vendor,active,fermob-basket-blumenkasten-hoch,Fermob,Topf
71c8132c-7f77-4671-9ad8-8f1288218f09,old_only,excluded_vendor,active,fermob-bellevie-zusammenstellung-2b,Fermob,Gartensofas
71ef865d-4fcd-4d53-addf-31a7dbc6bc90,old_only,excluded_vendor,active,fermob-bellevie-1-sitzer-polsterhocker,Fermob,Hocker
71f7b2d8-2451-4c71-9d61-4d83eb54533c,old_only,excluded_vendor,active,fermob-bellevie-tisch-196x90cm,Fermob,Gartentische
72096168-2036-4e2f-a987-3e1ef03dfdab,old_only,excluded_vendor,active,fermob-bistro-tisch-97x57cm,Fermob,Gartentische
7218e823-0f98-4873-8c0d-5f81e0dd2518,old_only,excluded_vendor,active,fermob-bellevie-2-sitzer-eckmodul-rechts,Fermob,Gartensofas
7222e57c-786b-4333-9f19-349384f06cf2,old_only,excluded_vendor,active,brokis-stehlampe-ballons-pc858,Brokis,Stehlampen
7223c3ff-4453-44b3-a225-a127621becb2,old_only,excluded_vendor,active,fermob-bellevie-2-sitzer-modul-mitte,Fermob,Gartensofas
722f753a-6d45-4928-b5de-b9efe0f787b2,old_only,excluded_vendor,active,extremis-gartentisch-pantagruel-picnic,Extremis,Gartentische
72411eb2-87e4-441d-8f37-ab5b2949ef53,old_only,excluded_vendor,active,gartentisch-floreal,Fermob,Gartentische
724c344e-db34-486c-80fb-0b3185c821da,old_only,excluded_vendor,active,fermob-bellevie-1-sitzer-polsterhocker,Fermob,Hocker
724d5317-f87b-4c4d-82c3-d1ead98da39c,old_only,excluded_vendor,active,gartentisch-petale-kopie,Fermob,Gartentische
725611fe-7f7a-4407-8f9e-f71795e8fd2a,old_only,excluded_vendor,active,tischlampe-knut-clindro-table,Brokis,Stehlampen
7273c794-e532-4a74-82c3-3d7d4a7a5d9f,old_only,excluded_vendor,active,fermob-stuhl-luxembourg,Fermob,Gartenstühle
72aad370-374d-44f7-a9c6-1a32a5ac9e23,old_only,excluded_vendor,active,fermob-bistrotisch-d117,Fermob,Gartentische
72ced323-709f-44a9-b913-e56135a495e2,old_only,excluded_vendor,active,umbrosa-spectra-straight-alu,Umbrosa,Sonnenschirme
72dd24fe-2c02-4277-8f0b-2e9713d46282,old_only,excluded_vendor,active,fermob-bellevie-zusammenstellung-1b,Fermob,Gartensofas
72e6de4c-a4a2-402d-9bd7-9fcae1ffc601,old_only,excluded_vendor,active,fermob-basket-blumenkasten-lang,Fermob,Topf
72f5c10c-45e2-4675-9bb8-cfdfcd47f5de,old_only,excluded_vendor,active,fermob-bellevie-2-sitzer-club-sofa-mit-kissen,Fermob,Gartensofas
72f927d7-b5b6-4b12-8369-ee607aed703c,old_only,excluded_vendor,active,fermob-bellevie-hoher-tisch-140x80cm,Fermob,Bartische
72f92b6e-c6fc-4ba0-8390-452c834d5b61,old_only,excluded_vendor,active,fermob-caractere-tisch-128x128cm,Fermob,Gartentische
730e0603-e4e9-489e-a9a3-faf69c248b2e,old_only,excluded_vendor,active,fermob-caractere-tisch-90x190,Fermob,Gartentische
730f3622-9bc0-4b93-ab8a-fa7d5fef8d76,old_only,excluded_vendor,active,fermob-rollende-bar-luxembourg,Fermob,Servierwagen
7316da81-e7ac-4559-ac85-f6be04471cbd,old_only,excluded_vendor,active,fermob-bellevie-2-sitzer-eckmodul-links,Fermob,Gartensofas
7319c074-9153-4d22-8287-37dfedddfbd5,old_only,excluded_vendor,active,fermob-bellevie-1-sitzer-modul-links,Fermob,Gartensofas
73213689-fa93-4fa1-938e-196b40c45fc3,old_only,excluded_vendor,active,fermob-bellevie-sessel-fur-den-essbereich,Fermob,Gartenstühle
732b3747-0510-46c3-99d1-e59ad785653a,old_only,excluded_vendor,active,lampe-bonbori-outdoor,Brokis,Stehlampen
7346d0eb-2c23-469b-8cbb-3ea3cad2e257,old_only,excluded_vendor,active,fermob-bellevie-3-sitzer,Fermob,Gartensofas
735def2e-e936-46a3-bf18-628e649583eb,old_only,excluded_vendor,active,fermob-lorette-runder-tisch-d110,Fermob,Beistelltische
7373511a-e691-4874-99d9-bf0473f19da6,old_only,excluded_vendor,active,gartentisch-costa-ausziehbar,Fermob,Gartentische
7377e8f8-0b16-49c2-9654-06fe006c027e,old_only,excluded_vendor,active,fermob-fusshocker-surprising,Fermob,Sessel
737873c3-b28e-477d-89e1-942725dcdece,old_only,excluded_vendor,active,fermob-luxembourg-kid-tisch-76x55cm,Fermob,Gartentische
73801425-f3db-48fb-898c-9c287c7a49d3,old_only,excluded_product_type,active,tribu-sealer-natural,Tribù,Pflegeprodukte
7386a5ca-c59b-4607-ad42-b1430d56001c,old_only,excluded_vendor,active,fermob-bellevie-zusammenstellung-1a,Fermob,Gartensofas
738f4af2-6807-41af-8c6f-311e08279283,old_only,excluded_vendor,active,fermob-bellevie-zusammenstellung-3a,Fermob,Gartensofas
73932247-8d96-4b0f-abbb-9d56a37e84bb,old_only,excluded_vendor,active,fermob-bellevie-sessel-fur-den-essbereich,Fermob,Gartenstühle
73aeb4bc-6223-4bd4-9ab5-dab244b4d0d2,old_only,excluded_vendor,active,fermob-bellevie-3-sitzer-club-sofa-mit-kissen,Fermob,Gartensofas
73bd983e-115c-423e-802a-5b968e3ffbfe,old_only,excluded_vendor,active,fermob-bellevie-2-sitzer-modul-links,Fermob,Gartensofas
73c22929-9fc4-4ef6-9b40-560a4df26dc4,old_only,excluded_product_type,active,tasche-mini-glory-shopper,Natures Collection,Accessoires
73dca2ac-2d74-4395-adee-ad80d1cf217a,old_only,excluded_vendor,active,fermob-luxembourg-tisch-165x100cm,Fermob,Gartentische
73e3a1bb-2793-4407-9fdc-5f07109569b6,old_only,excluded_vendor,active,gartentisch-opera-oval,Fermob,Gartentische
73e640bb-0920-44a3-af48-1f5135a6b810,old_only,excluded_vendor,active,fermob-sitzbank-luxembourg-kompakt,Fermob,Sitzbänke
73f0af68-d4e1-4b29-9a69-31e33bab2884,old_only,excluded_vendor,active,fermob-bridge-luxembourg,Fermob,Gartenstühle
73f4b02b-256e-4df4-9077-0ee215ec4c19,old_only,excluded_vendor,active,gubi-bl1-tisch-lampe,Gubi,Tischlampen
74191cf8-10cd-4363-aacc-99a0e136d29c,old_only,excluded_vendor,active,fermob-luxembourg-tisch-80x80cm,Fermob,Gartentische
7424a268-8c7f-4c88-82fa-afdd2ea34103,old_only,excluded_vendor,active,fermob-bellevie-2-sitzer-eckmodul-links,Fermob,Gartensofas
744ea6f9-ca0f-47ec-afe4-3cf5e05016a0,old_only,excluded_vendor,active,fermob-bellevie-1-sitzer-modul-mitte,Fermob,Gartensofas
745a914e-241d-48ed-ba90-0873e61e5c8d,old_only,excluded_product_type,active,tribu-eclipse-quadratischer-aluminium-sonnenschirm,Tribù,Sonnenschirme
74619816-47cd-447d-82e3-4bfda7e06fcb,old_only,excluded_vendor,active,fermob-bellevie-2-sitzer-eckmodul-rechts,Fermob,Gartensofas
7465ce5c-782e-467c-b3d3-31838acec396,old_only,excluded_vendor,active,sonnenschirm-versa-ux-300x300-80,Umbrosa,Sonnenschirme
746a1c43-d7a1-490b-b6b1-668ad044d81a,old_only,excluded_vendor,active,fermob-luxembourg-lounge-sessel,Fermob,Sessel
7480521b-3995-4330-bf78-528fad2a8ca4,old_only,excluded_product_type,active,libeco-gus-decke,Libeco,Decken
74991800-ea74-4a96-aea7-b07e0b6855ef,old_only,excluded_vendor,active,kerze-pillar-rustic-led-uyuni-forest-black-o7-8-x-10cm,Piffany,Kerzen
74a0f240-9669-477c-b283-cb976be9b3b8,old_only,excluded_vendor,active,fermob-gartensofa-bellevie-2-sitzer,Fermob,Gartensofas
74a84825-811d-40e2-881e-bdce9543b7d3,old_only,excluded_vendor,active,fermob-bellevie-3-sitzer-club-sofa-mit-kissen,Fermob,Gartensofas
74b64d54-d459-4e02-9d3b-154cf443b8c9,old_only,excluded_vendor,active,fermob-bellevie-tisch-140x80cm,Fermob,Gartentische
74b95911-d9ae-4e99-812c-239ce522b0d9,old_only,excluded_vendor,active,fermob-cocotte-beistelltisch,Fermob,Beistelltische
74d556b2-6872-4774-b1f2-388d15e91608,old_only,excluded_vendor,active,fermob-bistro-tisch-d77,Fermob,Gartentische
74d9530a-58a7-4da4-973e-de946bfc5ba4,old_only,excluded_vendor,active,fermob-luxembourg-tisch-mit-4-fusse-80x80,Fermob,Gartentische
74dac267-d68a-4637-af3c-e46c918b25a8,old_only,excluded_product_type,active,cane-line-parasols-harbour-sonnenschirm-3x3,Cane-line,Sonnenschirme
74e4cdf4-2919-4255-823b-3043a3b0942f,old_only,excluded_vendor,active,fermob-gartensofa-bellevie-2-sitzer,Fermob,Gartensofas
74eb32b4-1080-4053-9f02-d9cb928be89d,old_only,excluded_vendor,active,fermob-bellevie-1-sitzer-modul-links,Fermob,Gartensofas
74f214e8-9692-4307-ac5b-faf662d42af4,old_only,excluded_vendor,active,ofyr-bumper,Ofyr,Grillzubehör
74fdd93f-ac87-42b9-9c3a-21d36152ee30,old_only,excluded_vendor,active,extremis-gartentisch-pantagruel-picnic,Extremis,Gartentische
750e594a-8c96-43a4-aa27-2d289b6116f6,old_only,excluded_vendor,active,fermob-bellevie-zusammenstellung-1a,Fermob,Gartensofas
75103cc8-e57d-4d77-8897-f18ee9efc9d9,old_only,excluded_vendor,active,fermob-bank-bellevie,Fermob,Sitzbänke
7511acb5-761b-4ff4-a536-413f5def3895,old_only,excluded_vendor,active,gartentisch-craft,Fermob,Gartentische
751c8f52-f735-48a7-9f72-b4bae97903e3,old_only,excluded_vendor,active,gartentisch-craft,Fermob,Gartentische
752b69e9-64b6-4d6f-94a4-7fc5ba56f75c,old_only,excluded_vendor,active,fermob-bellevie-2-sitzer-club-sofa-mit-kissen,Fermob,Gartensofas
75360f1d-ca12-405e-add9-285130d8775a,old_only,excluded_vendor,active,fermob-bellevie-tisch-140x80cm,Fermob,Gartentische
753729c4-c1d3-4052-8abc-90a430b79c57,old_only,excluded_vendor,active,fermob-lorette-bridge,Fermob,Gartenstühle
75424855-0089-4d2b-bfe1-4c9f6947cd43,old_only,excluded_vendor,active,fermob-schaukelstuhl-luxembourg,Fermob,Sessel
7544e453-22fd-46c9-95cc-f6f5714886ce,old_only,excluded_vendor,active,fermob-basket-blumenkasten-hoch,Fermob,Topf
755412b7-4bbf-414d-a19e-45684f1f9733,old_only,excluded_vendor,active,umbrosa-spectra-straight-alu,Umbrosa,Sonnenschirme
755f4f1c-3d9e-440e-82e6-1180fa6b5b51,old_only,excluded_vendor,active,fermob-bellevie-2-sitzer-eckmodul-rechts,Fermob,Gartensofas
7566ae2c-03bf-40c2-8309-3405ddf2745a,old_only,excluded_vendor,active,fermob-bellevie-3-sitzer-club-sofa-mit-kissen,Fermob,Gartensofas
757ba1bf-cfa7-43a7-8ead-7bd39af89a6e,old_only,excluded_vendor,active,gubi-esstischstuhl-beetle,Gubi,Stühle
75899b4f-20d3-4ff4-a474-f51f353f296c,old_only,excluded_vendor,active,fermob-bellevie-2-sitzer-modul-links,Fermob,Gartensofas
758bdd38-6b8a-4967-8a07-049863297ae0,old_only,excluded_vendor,active,fermob-bellevie-zusammenstellung-2a-1,Fermob,Gartensofas
759aeb48-5be7-43da-9c77-6073366a5c21,old_only,excluded_vendor,active,fermob-bellevie-sessel,Fermob,Sessel
759eee17-1558-41ef-9d51-d9bc13758eca,old_only,excluded_vendor,active,fermob-bellevie-3-sitzer,Fermob,Gartensofas
75a98205-e6c2-477e-9aea-0d36ed4249f1,old_only,excluded_vendor,active,gartentisch-craft-kopie,Fermob,Gartentische
75ab0bda-6875-4352-9a76-b7b45d102cff,old_only,excluded_vendor,active,umbrosa-sonnenschirm-spectra-straight,Umbrosa,Sonnenschirme
75ae9107-860c-43ad-ba99-8ac57ea42be1,old_only,excluded_vendor,active,fermob-bellevie-2-sitzer-modul-rechts,Fermob,Gartensofas
75d10e3d-e879-49d5-8e3d-defe9d17b177,old_only,excluded_vendor,active,fermob-kleiner-niedriger-bestelltisch,Fermob,Beistelltische
75e7ae69-dda0-457b-ad3c-afccaeb8c9d1,old_only,excluded_vendor,active,gubi-grashoppa-stehleuchte,Gubi,Stehlampen
7607bab5-d947-41c9-9f34-23b6063dbbad,old_only,excluded_vendor,active,fermob-bellevie-1-sitzer-modul-links,Fermob,Gartensofas
7617084c-e50c-4b05-8366-184fdb352a87,old_only,excluded_vendor,active,fermob-bellevie-2-sitzer-club-sofa-mit-kissen,Fermob,Gartensofas
761afd34-e242-46bd-9866-594d2a4f591b,old_only,excluded_vendor,active,gartentisch-ribamelle,Fermob,Gartentische
761f3ac5-e318-4f76-bc3e-b3ed35f0ef1d,old_only,excluded_vendor,active,fermob-bistro-barstuhl,Fermob,Barstühle
7635563f-af38-4dcc-ae8f-2af623038874,old_only,excluded_vendor,active,fermob-bellevie-zusammenstellung-1b,Fermob,Gartensofas
763907aa-da5d-419e-96bc-e27754320a23,old_only,excluded_vendor,active,fermob-bellevie-2-sitzer-modul-mitte,Fermob,Gartensofas
763def46-fa29-42b4-af5c-d0ce109767c7,old_only,excluded_product_type,active,led-wachskerze-carla-23cm,Sirius,Dekoration
7649232f-4415-4573-a5c2-c6f87da3d198,old_only,excluded_product_type,active,plaid-cielo,Weich Alpaca,Decken
7649edfa-a487-460b-8a2e-02d87b7ab299,old_only,excluded_vendor,active,fermob-stuhl-surprising,Fermob,Gartenstühle
764abfd1-f7ac-4abd-8b3e-adaad8b36055,old_only,excluded_vendor,active,fermob-bellevie-3-sitzer,Fermob,Gartensofas
7656e394-fcd1-441b-a8b8-c0efb63bd5c8,old_only,excluded_vendor,active,gartentisch-floreal,Fermob,Gartentische
7657743b-11d9-426f-8ae5-af241a4a8ae1,old_only,excluded_product_type,active,vetsak-decke-ted-blanked,Vetsak,Decken
7665d2bf-5421-4945-b5eb-f1fa2f205030,old_only,excluded_vendor,active,fermob-gartensofa-bellevie-2-sitzer,Fermob,Gartensofas
7670230f-4d59-4978-88c0-e1df0c2c6f2f,old_only,excluded_vendor,active,fermob-bellevie-zusammenstellung-2a-1,Fermob,Gartensofas
7672e0f9-0e89-43c1-82e7-7593b684a307,old_only,excluded_vendor,active,fermob-bellevie-sessel-fur-den-essbereich,Fermob,Gartenstühle
768207da-f5ea-4b7d-84f1-2fe1de8a158f,old_only,excluded_vendor,active,fermob-bistro-balkontisch,Fermob,Gartentische
769c7a2a-477d-45ea-a652-b2d86c6e315e,old_only,excluded_vendor,active,fermob-cocotte-beistelltisch,Fermob,Beistelltische
76a871e6-ba4c-461d-b1c1-16a843b8cd91,old_only,excluded_vendor,active,fermob-luxembourg-kid-bank,Fermob,Sitzbänke
76b01f52-dbc1-495e-9589-54cfc4384321,old_only,excluded_vendor,active,fermob-bellevie-sessel,Fermob,Sessel
76b21302-8d83-44e9-bdd1-8e21d402b9a1,old_only,excluded_vendor,active,fermob-bistro-tisch-d96,Fermob,Gartentische
76b6bb1a-2958-4f3b-bc5b-28fcd67c626e,old_only,excluded_vendor,active,gartentisch-craft-kopie,Fermob,Gartentische
76bff112-5815-4753-8e8d-0fd183082426,old_only,excluded_vendor,active,wandlampe-memory-wall,Brokis,Wandleuchten
76c41159-a822-4f21-a905-f4751e034641,old_only,excluded_vendor,active,thonet-stuhl-209,Thonet,Stühle
76e0063e-4a3e-45b8-93bb-a988d851463e,old_only,excluded_vendor,active,fermob-bellevie-2-sitzer-eckmodul-rechts,Fermob,Gartensofas
76f5cf1b-ea8f-4508-84b1-fcec621ee80b,old_only,excluded_vendor,active,fermob-bellevie-zusammenstellung-2b,Fermob,Gartensofas
76fca005-8bcf-42f4-91b1-9d8c89afa324,old_only,excluded_vendor,active,fermob-bellevie-3-sitzer-club-sofa-mit-kissen,Fermob,Gartensofas
77032ca1-c7cd-4c18-96cf-c2fd796c8b31,old_only,excluded_vendor,active,fermob-cocotte-beistelltisch,Fermob,Beistelltische
7715cf81-442a-454f-85c4-52f2800cf353,old_only,excluded_vendor,active,fermob-bellevie-zusammenstellung-2b,Fermob,Gartensofas
7717ef04-4d7a-45e5-ae13-ced53d38c5de,old_only,excluded_vendor,active,fermob-bellevie-3-sitzer,Fermob,Gartensofas
7727d473-1a31-46c2-bab5-6e86585f70fc,old_only,excluded_vendor,active,fermob-kleiner-niedriger-bestelltisch,Fermob,Beistelltische
7730c609-cfac-4b3c-ad29-c7f01aff3b10,old_only,excluded_vendor,active,umbrosa-spectra-straight-alu,Umbrosa,Sonnenschirme
7744e70b-41e6-4bfa-a3d3-f39bf6777789,old_only,excluded_product_type,active,wachsobjekt-copenhague,Sirius,Dekoration
7747b445-ec7d-43ff-8802-e7cae46c1d64,old_only,excluded_vendor,active,gartentisch-petale-kopie,Fermob,Gartentische
77499fe5-1da1-4b1f-a9e1-f114fa08ff0b,old_only,excluded_vendor,active,fermob-bellevie-halbhoher-tisch-140x80cm,Fermob,Gartentische
7750f9be-80b8-4bae-a37b-663dc5bd559e,old_only,excluded_vendor,active,fermob-bellevie-2-sitzer-modul-mitte,Fermob,Gartensofas
77568634-2d37-4085-95c8-7043c038a9dd,old_only,excluded_vendor,active,extremis-hopper-picnic-iroko-300cm,Extremis,Gartentische
775e03ba-30f7-4fbb-aac7-db024aa03426,old_only,excluded_vendor,active,fermob-cocotte-basse,Fermob,Beistelltische
777b0148-e7a3-4a22-bed5-7d873a67b236,old_only,excluded_vendor,active,fermob-lorette-armlehnstuhl-problem-fauteuil-und-bridge,Fermob,Sitzbänke
777cde01-7414-4710-a54c-7cff2682e772,old_only,excluded_vendor,active,fermob-bank-louisiana-150cm,Fermob,Sitzbänke
778540f3-d448-4801-b148-1d92ced6a1ca,old_only,excluded_product_type,active,tribu-eclipse-quadratischer-lyptusholz-sonnenschirm,Tribù,Sonnenschirme
77877f77-b7ac-4071-ac86-6a34db415b87,old_only,excluded_vendor,active,fermob-luxembourg-lounge-stuhl,Fermob,Sessel
77a09b80-3a94-4f14-ba0b-622c711ecbc8,old_only,excluded_vendor,active,gartentisch-petale-kopie,Fermob,Gartentische
77a4b88d-e9c0-460c-9fc7-596f54db7be7,old_only,excluded_vendor,active,fermob-bellevie-2-sitzer-eckmodul-rechts,Fermob,Gartensofas
77aefa1c-2d85-4905-8d47-c96057763667,old_only,excluded_product_type,active,tasche-mini-glory-shopper,Natures Collection,Accessoires
77c9c00b-2a1e-4335-ac87-503238ec2640,old_only,excluded_vendor,active,fermob-bellevie-sessel,Fermob,Sessel
77d32fae-5e69-4a70-a13a-30a811a8d84b,old_only,excluded_vendor,active,gartentisch-craft-kopie,Fermob,Gartentische
77e2b464-62eb-4706-abdf-1b9915ea2e40,old_only,excluded_vendor,active,fermob-surprising-tiefer-sessel,Fermob,Sessel
77f23072-8b55-404a-ba41-004e1783fd47,old_only,excluded_vendor,active,fermob-ios-stielvase,Fermob,Vasen
77f4c91a-cf62-40ea-9489-d551cec7521a,old_only,excluded_vendor,active,stabkerzen-uyuni-led-ivory,Piffany,Kerzen
780440e8-3129-46fb-91ee-8548c10211df,old_only,excluded_vendor,active,fermob-kleiner-niedriger-bestelltisch,Fermob,Beistelltische
7827d97f-85c5-439f-b188-dee9489bc107,old_only,excluded_vendor,active,gartentisch-ribamelle,Fermob,Gartentische
78335d6f-8555-48b5-a941-87f20675323c,old_only,excluded_vendor,active,fermob-bistrostuhl-naturel,Fermob,Gartenstühle
78342ff8-2102-4143-96f7-b377f53f24f2,old_only,excluded_vendor,active,fermob-bellevie-3-sitzer,Fermob,Gartensofas
7836afaf-63f8-47a3-b581-e0d79ac4106b,old_only,excluded_vendor,active,gartentisch-craft-kopie,Fermob,Gartentische
784d80a3-ec9e-43f7-ae48-cf33cbf0fce2,old_only,excluded_vendor,active,fermob-1900-cabriolet-sessel,Fermob,Sessel
7854416e-849a-4391-8d21-34a237228ad2,old_only,excluded_vendor,active,fermob-luxembourg-tisch-165x100cm,Fermob,Gartentische
78584a5b-99c7-4a7c-9bfd-4e3bb364cada,old_only,excluded_vendor,active,fermob-luxembourg-niedriger-doppelter-tisch,Fermob,Couchtische
786ba0dc-1b4d-4bc0-96f7-2809fa597c69,old_only,excluded_product_type,active,cane-line-grow-pflanzengefass,Cane-line,Dekoration
78722004-ba53-44b5-b3e9-3f1716c3df20,old_only,excluded_product_type,active,ethnicraft-teakreiniger-outdoor,Ethnicraft,Pflegeprodukte
787f51af-945a-4c6f-b7f2-ea1fa7a380d6,old_only,excluded_vendor,active,fermob-luxembourg-hoher-tisch,Fermob,Gartentische
7897a03e-54de-4aaa-875e-00ee96435a9a,old_only,excluded_vendor,active,fermob-lighting-mooon-lampe-h63cm,Fermob,Tischlampen
78a46646-0780-4cb7-84c3-e705deb35ef8,old_only,excluded_vendor,active,fermob-bellevie-1-sitzer-polsterhocker,Fermob,Hocker
78a75ef6-795a-4d8b-9d5b-29f5f6a0551d,old_only,excluded_vendor,active,fermob-lorette-bridge,Fermob,Gartenstühle
78aeb8ad-4f88-4a48-b594-272fe00211cd,old_only,excluded_vendor,active,fermob-bistrotisch-d117,Fermob,Gartentische
78b24ed6-ad8e-4b48-897a-476ae37f9900,old_only,excluded_vendor,active,fermob-bistrotisch-d117,Fermob,Gartentische
78ba2c4a-bcf9-4102-a971-037b974f63d1,old_only,excluded_vendor,active,fermob-bellevie-zusammenstellung-3b,Fermob,Gartensofas
78c21fb3-070b-4ce1-89e1-905e509decaa,old_only,excluded_vendor,active,fermob-luxembourg-lounge-sessel,Fermob,Sessel
78c7571f-94e7-48c9-8fa9-8ed8d9de5601,old_only,excluded_vendor,active,fermob-cocotte-beistelltisch,Fermob,Beistelltische
78e31d54-5f5f-4a9a-9cc6-5e3927e4164e,old_only,excluded_vendor,active,umbrosa-paraflex-wall-square-230,Umbrosa,Sonnenschirme
78f4b8f5-e4f9-4e91-bb3f-8ee307f61521,old_only,excluded_vendor,active,umbrosa-sonnenschirm-spectra-straight,Umbrosa,Sonnenschirme
78f604ab-39f7-4867-81e6-8ed43650f82c,old_only,excluded_vendor,active,fermob-bellevie-2-sitzer-eckmodul-rechts,Fermob,Gartensofas
78fe3fe0-01f1-42fe-b281-84eb5833050e,old_only,excluded_vendor,active,fermob-bellevie-1-sitzer-modul-links,Fermob,Gartensofas
79022c8b-d08e-4618-a946-ad700b71125d,old_only,excluded_vendor,active,fermob-luxembourg-gueridon-haut-80x80cm,Fermob,Bartische
790d42e6-5d14-43a5-bcd4-3e1a829fd5d7,old_only,excluded_vendor,active,fermob-1900-kaffeetisch,Fermob,Beistelltische
7921036c-6d1f-4d21-bddf-202d7cd94cab,old_only,excluded_vendor,active,fermob-bellevie-halbhoher-tisch-74x80cm,Fermob,Gartentische
7934e6bd-f41e-4120-9d90-c250fe491a4f,old_only,excluded_vendor,active,fermob-1900-cabriolet-sessel,Fermob,Sessel
795f66d0-7f46-44f4-b004-a424d4906f71,old_only,excluded_vendor,active,fermob-bellevie-zusammenstellung-3a,Fermob,Gartensofas
7971a80b-6900-4cb1-a7aa-2870713490cc,old_only,excluded_vendor,active,fermob-caractere-tisch-90x190,Fermob,Gartentische
7973f2f8-1cc4-490d-a4d2-35935752ad9a,old_only,excluded_vendor,active,fermob-bellevie-zusammenstellung-2b,Fermob,Gartensofas
79829b2e-c6b2-4ce7-922f-12ea9946ced1,old_only,excluded_vendor,active,fermob-bellevie-2-sitzer-eckmodul-rechts,Fermob,Gartensofas
79844573-f8e9-465a-b410-eeb357ebd3cf,old_only,excluded_vendor,active,thonet-freischwinger-s33-n,Thonet,Stühle
79e8e091-469a-4216-8ca7-dba2d8d6e8d2,old_only,excluded_vendor,active,gartenstuhl-studie,Fermob,Gartenstühle
79fb381d-a88b-4737-8057-8afd7e0847e5,old_only,excluded_vendor,active,fermob-bellevie-1-sitzer-modul-links,Fermob,Gartensofas
7a22c083-a7be-4f91-a406-bd4d0b276b3d,old_only,excluded_product_type,active,handytasche-gwen-phonebag,Natures Collection,Accessoires
7a2e219e-7528-41b4-b215-92d3446fb7b8,old_only,excluded_vendor,active,ofyr-fire-guard-ring,Ofyr,Grillzubehör
7a3a7458-5eee-428b-a632-891a6a54ccb2,old_only,excluded_vendor,active,gartentisch-craft-kopie,Fermob,Gartentische
7a460bd6-751f-4ae4-bc79-bcd5875581a9,old_only,excluded_vendor,active,fermob-1900-bank,Fermob,Sitzbänke
7a4f637b-cde6-4571-8511-6a23bb57a0e4,old_only,excluded_vendor,active,ofyr-lederschurze,Ofyr,Accessoires
7a51b145-d7d2-47e9-ad2f-b92aa44716be,old_only,excluded_vendor,active,fermob-bellevie-1-sitzer-polsterhocker,Fermob,Hocker
7a5dfc44-e20e-4e2a-a317-f1606d967672,old_only,excluded_vendor,active,gubi-moon-multi-lite-pendant-small,Gubi,Hängeleuchten
7a693ad8-3727-4b19-87b6-cdb80b6cc0ef,old_only,excluded_vendor,active,fermob-surprising-fussablage,Fermob,Hocker
7a6ecfee-3b46-48c1-9f61-ba13be421ff6,old_only,excluded_vendor,active,fermob-bellevie-2-sitzer-polsterhocker,Fermob,Sitzbänke
7a82343d-74f6-4538-821b-f13fc8bfb1cf,old_only,excluded_vendor,active,fermob-bellevie-zusammenstellung-3b,Fermob,Gartensofas
7a850181-e17a-4419-81c0-4d5434705321,old_only,excluded_vendor,active,fermob-tisch-luxembourg,Fermob,Gartentische
7a8cca59-ecc3-4745-9f88-c617ed5a96b6,old_only,excluded_vendor,active,fermob-bellevie-2-sitzer-eckmodul-links,Fermob,Gartensofas
7a8d0d65-308f-45fe-bd9c-3f73e72da176,old_only,excluded_vendor,active,fermob-bellevie-zusammenstellung-3b,Fermob,Gartensofas
7a99a14a-ee08-4545-bdb6-d3d16ea3b5f5,old_only,excluded_vendor,active,kerze-melted-pillar-smooth-led-uyuni-nordic-white-o5x4-5cm,Piffany,Kerzen
7a9d07a7-ae53-4404-b88a-b4956f0663d5,old_only,excluded_vendor,active,fermob-luxembourg-niedriger-doppelter-tisch,Fermob,Couchtische
7aa2ef58-0a8d-4490-a321-f1be44525ff9,old_only,excluded_product_type,active,cane-line-parasols-hyde-luxe-hanging-sonnenschirm-3x4-1,Cane-line,Sonnenschirme
7aae9a55-22be-4dd9-9580-4884b7474b05,old_only,excluded_vendor,active,fermob-luxembourg-bank-3-4-sitzer,Fermob,Sitzbänke
7ac12a30-3034-4e30-838c-0ef535450b5e,old_only,excluded_vendor,active,fermob-armlehnstuhl-studie,Fermob,Stühle
7ac25bc1-fcaa-4f14-aa0c-da957c91b959,old_only,excluded_vendor,active,fermob-bellevie-sessel-fur-den-essbereich,Fermob,Gartenstühle
7ac614b7-f97e-43e7-8866-215d433fb629,old_only,excluded_vendor,active,fermob-bellevie-1-sitzer-modul-rechts,Fermob,Gartensofas
7ac85196-e6f7-4663-b5ca-3f6f7e1b8491,old_only,excluded_vendor,active,fermob-bellevie-sessel-fur-den-essbereich,Fermob,Gartenstühle
7ad37761-4404-45be-9112-93b7ff14c18a,old_only,excluded_product_type,active,tasche-mini-glory-shopper,Natures Collection,Accessoires
7af81c04-eff3-4e82-8a27-3e51b6d57d98,old_only,excluded_vendor,active,fermob-bellevie-3-sitzer,Fermob,Gartensofas
7afafc43-3665-45e1-a5e9-7cc61ed416b8,old_only,excluded_vendor,active,umbrosa-sonnenschirm-spectra,Umbrosa,Sonnenschirme
7b008c27-efd9-43c1-ac10-fb849f788ae6,old_only,excluded_vendor,active,gartentisch-ribamelle,Fermob,Gartentische
7b0b26a1-6176-438d-8b14-cf327d35255f,old_only,excluded_vendor,active,gartentisch-floreal,Fermob,Gartentische
7b0bea1a-ebd6-4159-a45d-76b2cd700cb8,old_only,excluded_product_type,active,tribu-schutzhullen,Tribù,Abdeckungen
7b149501-274c-42b8-9b64-0006b625a7a8,old_only,excluded_vendor,active,fermob-luxembourg-tisch-165x100cm,Fermob,Gartentische
7b15c5c6-ad0b-4255-9c4b-a3fdccd1fc09,old_only,excluded_vendor,active,fermob-luxembourg-doppelter-sessel,Fermob,Sessel
7b196d98-048e-4990-b9c9-96fe0001c5f3,old_only,excluded_vendor,active,fermob-bellevie-1-sitzer-modul-links,Fermob,Gartensofas
7b19d675-0421-4b09-bc35-faba9f5bd10a,old_only,excluded_vendor,active,gartentisch-romane-rund,Fermob,Gartentische
7b20277e-8c47-440d-9b10-f248cccb3938,old_only,excluded_vendor,active,fermob-bellevie-hoher-tisch-74x80cm,Fermob,Bartische
7b22fb52-b36e-4b83-9dd9-557955c7c277,old_only,excluded_vendor,active,gubi-esstischstuhl-beetle,Gubi,Stühle
7b23869c-86cd-4e13-b60c-93dec1b3a48a,old_only,excluded_vendor,active,fermob-bellevie-1-sitzer-modul-rechts,Fermob,Gartensofas
7b38f06e-f6d6-4f28-863b-3c267a0ef36d,old_only,excluded_vendor,active,gartentisch-romane,Fermob,Gartentische
7b4496bc-77c1-427b-9589-2873f7728d1e,old_only,excluded_vendor,active,fermob-bellevie-3-sitzer,Fermob,Gartensofas
7b58c88d-b5a4-47cd-a190-ecf641bd2c3b,old_only,excluded_vendor,active,fermob-bellevie-zusammenstellung-2b,Fermob,Gartensofas
7b6c2963-8f97-40f7-a5c1-ad5e2bf4faf8,old_only,excluded_vendor,active,fermob-gartensofa-bellevie-2-sitzer,Fermob,Gartensofas
7b9730c3-4104-4586-a0d6-754120ed545b,old_only,excluded_vendor,active,fermob-bellevie-zusammenstellung-3a,Fermob,Gartensofas
7b99fccc-75ac-4da2-92c3-37de45022063,old_only,excluded_vendor,active,fermob-luxembourg-lounge-stuhl,Fermob,Sessel
7b9fba7a-2f7e-43b6-9d5a-c36b18e0a872,old_only,excluded_vendor,active,umbrosa-sonnenschirm-spectra,Umbrosa,Sonnenschirme
7ba2d16b-8d6f-40ab-8a9b-e78907915e95,old_only,excluded_vendor,active,extremis-gartentisch-pantagruel,Extremis,Gartentische
7ba5a895-6182-4388-a491-a24e5a2da3da,old_only,excluded_vendor,active,umbrosa-sonnenschirm-spectra-straight,Umbrosa,Sonnenschirme
7ba96095-bb92-485a-a931-bbd99b71f18c,old_only,excluded_vendor,active,fermob-bistrostuhl-naturel,Fermob,Gartenstühle
7ba9e146-90fe-4d48-b1b9-f312e38d3c72,old_only,excluded_vendor,active,fermob-bistro-kissen-38-x-30-cm,Fermob,Sitzkissen
7bb057e2-8206-41b7-b31f-102d342262e1,old_only,excluded_vendor,active,gubi-epic-dining-table-rund-130cm,Gubi,Esstische
7bc0dc7c-e498-47fb-bf82-9b83731413ce,old_only,excluded_vendor,active,fermob-bellevie-2-sitzer-polsterhocker,Fermob,Sitzbänke
7bc3ca7a-8aab-402f-977a-8c4766337a47,old_only,excluded_vendor,active,fermob-bellevie-zusammenstellung-2a-1,Fermob,Gartensofas
7be6e6be-122f-4dca-8cb1-29c0f1365dfe,old_only,excluded_vendor,active,fermob-1900-stuhl,Fermob,Gartenstühle
7beabd34-4d95-44cf-ba0d-792c4cdbf968,old_only,excluded_vendor,active,fermob-bellevie-zusammenstellung-2a-1,Fermob,Gartensofas
7beda501-fe7f-4a31-b626-6545b230a690,old_only,excluded_vendor,active,fermob-bistro-tisch-d96,Fermob,Gartentische
7bf40116-1019-49ed-bce0-a24550109607,old_only,excluded_vendor,active,fermob-luxembourg-gueridon-haut-80x80cm,Fermob,Bartische
7bf5a07f-9836-45eb-b745-e26785bd813a,old_only,excluded_vendor,active,fermob-luxembourg-kid-stuhl,Fermob,Gartenstühle
7bf946d4-82ab-4030-9720-bb863bdb2317,old_only,excluded_product_type,active,cane-line-grow-pflanzengefass,Cane-line,Dekoration
7c025421-dc84-46c1-b057-aac464e74632,old_only,excluded_vendor,active,fermob-bellevie-zusammenstellung-3b,Fermob,Gartensofas
7c0ba224-9f9d-41bb-bf74-713b6b686b4d,old_only,excluded_vendor,active,fermob-bellevie-3-sitzer,Fermob,Gartensofas
7c277a03-8c02-4788-8e0b-ad5679fc1355,old_only,excluded_vendor,active,fermob-1900-cabriolet-sessel,Fermob,Sessel
7c384770-8d2a-49c4-8041-784d840bbbab,old_only,excluded_vendor,active,fermob-rollende-bar-luxembourg,Fermob,Servierwagen
7c46a640-ba7c-488e-a972-7f2fb26f5ee2,old_only,excluded_vendor,active,fermob-bellevie-2-sitzer-eckmodul-rechts,Fermob,Gartensofas
7c5b3c7f-f1e6-4633-b5da-ca6795156116,old_only,excluded_vendor,active,fermob-bellevie-tisch-140x80cm,Fermob,Gartentische
7c6156e5-aaa8-4911-926d-62ff6283f283,old_only,excluded_vendor,active,fermob-bistro-balkontisch,Fermob,Gartentische
7c660008-6053-4f2f-bf9a-844032fb2add,old_only,excluded_product_type,active,ethnicraft-roller-max-papierkorb-mahagoni,Ethnicraft,Dekoration
7c6f5438-c90f-440b-b030-54e0448e2015,old_only,excluded_vendor,active,fermob-luxembourg-niedriger-doppelter-tisch,Fermob,Couchtische
7c86d6c9-5d6c-4c9a-b387-19c41196d50c,old_only,excluded_vendor,active,fermob-cadiz-tiefer-sessel,Fermob,Sessel
7c892e74-d842-41de-a6c7-9c130cbc38a4,old_only,excluded_vendor,active,kerze-pillar-candle-smooth-led-uyuni-outdoor-b8-4-x-h20cm,Piffany,Kerzen
7c8d7e53-df62-42a7-8343-49cde0261158,old_only,excluded_vendor,active,fermob-1900-stuhl,Fermob,Gartenstühle
7c9dc253-12fb-44da-8810-479209f90264,old_only,excluded_vendor,active,fermob-luxembourg-lounge-sessel,Fermob,Sessel
7caa7f07-4f63-434a-ada8-ea25662e00e4,old_only,excluded_vendor,active,fermob-bellevie-2-sitzer-modul-links,Fermob,Gartensofas
7cb6024d-ab21-4238-8e92-7ed78a1f290c,old_only,excluded_vendor,active,fermob-caractere-tisch-128x128cm,Fermob,Gartentische
7cbbee23-6a19-4a9f-b045-8dd0be26ebdc,old_only,excluded_vendor,active,fermob-bellevie-tisch-74x80cm,Fermob,Gartentische
7cc21d85-4d1e-4b64-92bc-5487c6f284b2,old_only,excluded_vendor,active,fermob-color-mix-kissen-44x30cm,Fermob,Sitzkissen
7cc85af8-afad-4f5c-a730-084e5ac3db14,old_only,excluded_vendor,active,gubi-multi-lite-tischlampe,Gubi,Tischlampen
7cd7db56-0e4f-471b-9937-8d1a860bfe60,old_only,excluded_vendor,active,fermob-gartensofa-bellevie-2-sitzer,Fermob,Gartensofas
7ce4b98c-6dae-47f5-a282-57d7e2efa48e,old_only,excluded_vendor,active,fermob-bellevie-zusammenstellung-3b,Fermob,Gartensofas
7d091795-8b1e-4314-b127-f7c5b0e2212f,old_only,excluded_product_type,active,warmflasche-calmo,Weich Alpaca,Accessoires
7d0a04fe-4801-4983-a7aa-8827c4e4c760,old_only,excluded_vendor,active,fermob-bank-bellevie,Fermob,Sitzbänke
7d1f1900-fe44-4b6c-a9d6-ec6f0b5bbbe1,old_only,excluded_vendor,active,fermob-bellevie-zusammenstellung-3b,Fermob,Gartensofas
7d28a421-29ab-471c-bd4d-5066ea01e346,old_only,excluded_vendor,active,fermob-bellevie-3-sitzer,Fermob,Gartensofas
7d2adcb2-c5e9-43ab-8563-f74b8c368ac0,old_only,excluded_vendor,active,extremis-hopper-picnic-hellwood-240cm,Extremis,Gartentische
7d42e0e2-94a3-4bca-8311-6ec9a7cedf54,old_only,excluded_vendor,active,gubi-hangelampe-howard-pendant,Gubi,Hängeleuchten
7d46cd24-7efe-46d6-a391-ae8a2638cebf,old_only,excluded_vendor,active,ofyr-accessoires-buffado-set,Ofyr,Accessoires
7d4b3af0-5886-4b82-8dd3-38e34038478f,old_only,excluded_vendor,active,fermob-bellevie-1-sitzer-modul-mitte,Fermob,Gartensofas
7d4c152d-38a1-4e6e-b838-8c822e92c214,old_only,excluded_vendor,active,umbrosa-spectra-straight-alu,Umbrosa,Sonnenschirme
7d5f9678-b13b-4a76-8f09-8535e24612f5,old_only,excluded_vendor,active,umbrosa-sonnenschirm-spectra,Umbrosa,Sonnenschirme
7d683267-d29e-4fea-a3a6-80b01c736675,old_only,excluded_vendor,active,fermob-bellevie-2-sitzer-modul-mitte,Fermob,Gartensofas
7d6e1dfd-956b-44ab-9d23-91d893382f47,old_only,excluded_vendor,active,gartentisch-petale-kopie,Fermob,Gartentische
7d75e7e3-2f14-4aa9-ae7d-3a5d73d923c7,old_only,excluded_vendor,active,fermob-bellevie-sessel-fur-den-essbereich,Fermob,Gartenstühle
7d7e6651-1e15-4a49-b0d3-803d5f6f01a2,old_only,excluded_vendor,active,gartentisch-romane,Fermob,Gartentische
7d843821-c57f-463d-bde7-2ad2a631b4b8,old_only,excluded_vendor,active,fermob-gartensofa-bellevie-2-sitzer,Fermob,Gartensofas
7d91e798-e83e-4459-a68d-a09c66518e54,old_only,excluded_vendor,active,fermob-bank-mit-ruckenlehne-bellevie,Fermob,Sitzbänke
7d921dca-a626-4429-b70f-added7ebec75,old_only,excluded_product_type,active,tasche-mini-glory-shopper,Natures Collection,Accessoires
7da8a7c1-9368-4627-96ee-8a775db95c08,old_only,excluded_vendor,active,fermob-itac-zylindrische-vase-h76,Fermob,Vasen
7da94f36-acc0-4613-b8b4-17e0cfb85a35,old_only,excluded_vendor,active,gartentisch-floreal,Fermob,Gartentische
7db26686-3c55-4a97-8a50-4e14aa02e781,old_only,excluded_product_type,active,manutti-flex-2s-deep-seater-schutzhulle,Manutti,Abdeckungen
7dbbf3f3-4263-4762-9aa1-57c9ea84e812,old_only,excluded_vendor,active,wandlampe-memory-wall,Brokis,Wandleuchten
7dcbc92d-963c-4073-8800-64ea8902a6f6,old_only,excluded_vendor,active,fermob-bellevie-3-sitzer-club-sofa-mit-kissen,Fermob,Gartensofas
7de3157c-cc6a-40ca-8b6c-0c827dd17af6,old_only,excluded_vendor,active,fermob-bellevie-zusammenstellung-2a-1,Fermob,Gartensofas
7dea2cd6-d373-4ed9-9b31-4f4000745448,old_only,excluded_vendor,active,gartentisch-romane-rund,Fermob,Gartentische
7df36562-7b3b-4287-8c60-ddb9ae710204,old_only,excluded_vendor,active,fermob-gartensofa-bellevie-2-sitzer,Fermob,Gartensofas
7df6e8b7-b964-4b3b-b6cd-39bc59b5ffed,old_only,excluded_vendor,active,fermob-bellevie-2-sitzer-modul-rechts,Fermob,Gartensofas
7df79814-d4b7-4aba-8066-e7d10b3a8dea,old_only,excluded_vendor,active,extremis-gartentisch-hopper-picnic-aa,Extremis,Gartentische
7e177528-0ec0-4b9f-aa61-6043c76657f3,old_only,excluded_product_type,active,scapa-handgestrickter-kissenbezug-lulu-oatmeal,Scapa,Dekoration
7e26d108-96b8-4233-b84d-473d154d5e0d,old_only,excluded_vendor,active,fermob-bellevie-zusammenstellung-2b,Fermob,Gartensofas
7e2a139d-496a-42c2-a3b9-742496d95220,old_only,excluded_vendor,active,fermob-bellevie-2-sitzer-eckmodul-rechts,Fermob,Gartensofas
7e3ecbf1-916b-4973-b02b-fce22fd26eaa,old_only,excluded_vendor,active,fermob-stuhl-luxembourg,Fermob,Gartenstühle
7e3f8d8f-5d1a-4793-8a40-c23d263cc828,old_only,excluded_vendor,active,fermob-bellevie-2-sitzer-club-sofa-mit-kissen,Fermob,Gartensofas
7e50593a-c867-43fe-8740-fce7d3b6d449,old_only,excluded_vendor,active,fermob-bellevie-zusammenstellung-3b,Fermob,Gartensofas
7e564765-ce8b-4dda-9372-813425a3747d,old_only,excluded_vendor,active,umbrosa-sonnenschirm-spectra,Umbrosa,Sonnenschirme
7e5fade9-9491-4319-ac6a-f9900513448b,old_only,excluded_vendor,active,fermob-luxembourg-kid-stuhl,Fermob,Gartenstühle
7e62e2ed-638a-4453-9a4e-bc4610537874,old_only,excluded_vendor,active,fermob-gartensofa-bellevie-2-sitzer,Fermob,Gartensofas
7e8ad901-5341-49ac-8a7a-a1a4428a1086,old_only,excluded_vendor,active,umbrosa-spectra-straight-alu,Umbrosa,Sonnenschirme
7ea13665-4cac-47c7-8225-44c18b23d909,old_only,excluded_vendor,active,fermob-bellevie-2-sitzer-club-sofa-mit-kissen,Fermob,Gartensofas
7ead90dc-fef4-40ae-9b0a-36ebe794352b,old_only,excluded_vendor,active,fermob-gartensofa-bellevie-2-sitzer,Fermob,Gartensofas
7ec157d6-e0a0-4045-8a20-200f406f40bc,old_only,excluded_vendor,active,fermob-bellevie-2-sitzer-modul-rechts,Fermob,Gartensofas
7ec75131-74d5-498f-b12c-02de2afb060e,old_only,excluded_product_type,active,natures-collection-hot-water-bottle,Natures Collection,Accessoires
7ecd6453-5cf9-46a5-bc8e-53015e9cb73c,old_only,excluded_vendor,active,wandlampe-memory-wall,Brokis,Wandleuchten
7ed2ca69-da9f-4366-8f8c-236a0afeda0f,old_only,excluded_vendor,active,extremis-hopper-picnic-hellwood-240cm,Extremis,Gartentische
7edba5ec-91d8-461b-a1cf-581690e3b215,old_only,excluded_product_type,active,manutti-schutzhulle-torsa-runder-esstisch-100,Manutti,Abdeckungen
7ee495a2-aabc-488f-b0b8-83a4e048ce49,old_only,excluded_vendor,active,fermob-aplo-hangegurt,Fermob,Hängeleuchten
7ef36b22-a05e-4d64-b11d-144f4bcdb4cd,old_only,excluded_vendor,active,fermob-bellevie-1-sitzer-modul-mitte,Fermob,Gartensofas
7ef3932b-562e-4147-9d99-15a46f776263,old_only,excluded_vendor,active,fermob-bellevie-stuhl-v2,Fermob,Gartenstühle
7f3a7d32-c7a5-4195-ac3c-7c457047a1f0,old_only,excluded_vendor,active,fermob-bellevie-2-sitzer-modul-links,Fermob,Gartensofas
7f3cc9ab-1bce-4ab3-898c-f893595dd8e3,old_only,excluded_product_type,active,handytasche-gwen-phonebag,Natures Collection,Accessoires
7f4000c6-a3a8-4c31-8114-02f57bfeb961,old_only,excluded_vendor,active,gartentisch-petale,Fermob,Gartentische
7f44d5bd-705a-4bde-9ee6-c59593fa4401,old_only,excluded_vendor,active,fermob-luxembourg-tisch-143x80,Fermob,Gartentische
7f64eba6-7b51-40b0-8545-307d027a1313,old_only,excluded_vendor,active,fermob-bellevie-sessel,Fermob,Sessel
7f669d70-b548-458f-bbc2-be2cc5dee6e3,old_only,excluded_vendor,active,gubi-hangelampe-1965-pendant,Gubi,Hängeleuchten
7f7f6ade-c8b4-40d8-8dcb-702eb03b2452,old_only,excluded_vendor,active,fermob-aplo-lampe-h24cm,Fermob,Tischlampen
7f7f8295-4adc-4ede-844d-87bf739249cd,old_only,excluded_vendor,active,fermob-bellevie-2-sitzer-club-sofa-mit-kissen,Fermob,Gartensofas
7f7ff493-a85b-4021-bdc6-9ffac7705d7a,old_only,excluded_vendor,active,fermob-bistro-barstuhl,Fermob,Barstühle
7f9b71a1-8981-4aee-832b-9be6f20561fe,old_only,excluded_vendor,active,fermob-luxembourg-bridge-barstuhl,Fermob,Barstühle
7fb04a17-4b04-47a3-91aa-128a7ffb304f,old_only,excluded_vendor,active,fermob-bellevie-2-sitzer-eckmodul-rechts,Fermob,Gartensofas
7fb1c3ca-6963-416e-beec-10f92d851efb,old_only,excluded_vendor,active,fermob-bellevie-zusammenstellung-3a,Fermob,Gartensofas
7fb91b38-94d3-48e9-ba84-fd3e0153e522,old_only,excluded_vendor,active,thonet-s32-pv,Thonet,Stühle
7fba3896-b7d0-47fc-a7b0-51251cb19b42,old_only,excluded_vendor,active,extremis-hopper-picnic-iroko-240cm,Extremis,Gartentische
7fbae4d6-043c-4b8f-8d97-889a369f0187,old_only,excluded_vendor,active,brokis-deckenleuchte-memory-ceiling,Brokis,Deckenleuchten
7fc43842-49ed-4505-ba03-006960b9235b,old_only,excluded_vendor,active,fermob-alize-sonnenliege-xs-stereo,Fermob,Sonnenliegen
7fc43f65-f3bb-4b2d-8769-2f2a566eed7f,old_only,excluded_vendor,active,ofyr-lederschurze,Ofyr,Accessoires
7fc62d6c-1f9b-45a1-8aeb-851196dbe721,old_only,excluded_vendor,active,fermob-gartensofa-bellevie-2-sitzer,Fermob,Gartensofas
7fc8c0cf-dde1-4b08-b1fc-e9470194d882,old_only,excluded_vendor,active,fermob-bistro-tisch-117x117cm,Fermob,Gartentische
7fdd3a4d-cc90-4b71-9e1e-078335a00f68,old_only,excluded_vendor,active,gartenstuhl-studie,Fermob,Gartenstühle
7fe33ee4-2fd1-46e6-8183-5b2dd866cd6e,old_only,excluded_vendor,active,fermob-bellevie-halbhoher-tisch-140x80cm,Fermob,Gartentische
8001e1ad-596e-4d21-a47c-0b03a4dc513d,old_only,excluded_vendor,active,fermob-1900-stuhl,Fermob,Gartenstühle
800b51d8-5db1-499f-8c51-26c24d65982e,old_only,excluded_vendor,active,fermob-luxembourg-hoher-tisch,Fermob,Gartentische
80156ba7-3465-4176-801c-038053649a20,old_only,excluded_vendor,active,fermob-bank-louisiana-150cm,Fermob,Sitzbänke
8020bc4f-f718-4e9b-b5ab-a2c1c623d152,old_only,excluded_vendor,active,fermob-bellevie-zusammenstellung-1b,Fermob,Gartensofas
80347518-92d0-41e8-9b17-d349fd3d1e36,old_only,excluded_product_type,active,tribu-schutzhullen,Tribù,Abdeckungen
8037cadb-7168-40be-8aed-3ece6d4a1c7e,old_only,excluded_vendor,active,fermob-bank-louisiana-150cm,Fermob,Sitzbänke
80417549-2219-447b-bb9c-e46b5be10ea1,old_only,excluded_vendor,active,extremis-gartentisch-pantagruel,Extremis,Gartentische
80431cc2-83a1-4fb2-84bc-9574f1bab91a,old_only,excluded_vendor,active,fermob-cocotte-beistelltisch,Fermob,Beistelltische
804baa34-d330-4f5f-be0a-9fcabaa324f0,old_only,excluded_vendor,active,fermob-bellevie-zusammenstellung-1a,Fermob,Gartensofas
80640096-9bd6-4914-92a5-16ab79e526d7,old_only,excluded_vendor,active,extremis-gartentisch-hopper-picnic-aa,Extremis,Gartentische
806bb333-6235-461d-9cbe-30e190e53b90,old_only,excluded_vendor,active,fermob-bistro-tisch-97x57cm,Fermob,Gartentische
806c85eb-32ae-4939-892b-04e49468bd50,old_only,excluded_vendor,active,fermob-alize-beistelltisch,Fermob,Beistelltische
807fa006-b135-4f56-9f61-60d170796b38,old_only,excluded_vendor,active,fermob-luxembourg-gueridon-haut-80x80cm,Fermob,Bartische
80809fd5-9215-475a-9691-bd6382180945,old_only,excluded_vendor,active,fermob-1900-tisch-d117,Fermob,Gartentische
8084bc1d-6dcb-42bd-bde2-832dce93ae15,old_only,excluded_vendor,active,fermob-bellevie-halbhoher-tisch-74x80cm,Fermob,Gartentische
80871f00-1d41-468d-9293-713c1130e39a,old_only,excluded_vendor,active,fermob-bellevie-2-sitzer-modul-mitte,Fermob,Gartensofas
8089869d-0cbb-4529-a7ac-e381248734b3,old_only,excluded_product_type,active,ethnicraft-raumteiler-chopped-mahagoni,Ethnicraft,Dekoration
80975191-1307-45e6-aade-cdf90e727895,old_only,excluded_vendor,active,fermob-luxembourg-kid-bank,Fermob,Sitzbänke
80980dc3-4d8c-402c-a1a3-841c59a19a6f,old_only,excluded_vendor,active,fermob-bank-mit-ruckenlehne-bellevie,Fermob,Sitzbänke
80a83d61-ab9c-4ca2-8800-3ab72fa25350,old_only,excluded_vendor,active,fermob-luxembourg-niedriger-doppelter-tisch,Fermob,Couchtische
80a97693-c69b-4fe1-8742-a6754e647741,old_only,excluded_vendor,active,gartentisch-petale,Fermob,Gartentische
80b3e2b9-5adf-4c4c-8638-8e06b89d43f7,old_only,excluded_vendor,active,ofyr-grill-classic-storage,Ofyr,Grills
80bda72a-63b1-4894-b248-43b8dde54711,old_only,excluded_vendor,active,fermob-bellevie-hoher-tisch-74x80cm,Fermob,Bartische
80cafa14-8ef8-43a1-95b5-14a4c2d585fa,old_only,excluded_vendor,active,gartentisch-ribamelle,Fermob,Gartentische
80d5152d-85f3-4662-bb01-b661ab73875a,old_only,excluded_vendor,active,fermob-gartensofa-bellevie-2-sitzer,Fermob,Gartensofas
810d278b-8722-4bb9-99f3-bac584d0fcc2,old_only,excluded_vendor,active,fermob-gartensofa-bellevie-2-sitzer,Fermob,Gartensofas
8117a97d-5aa2-419f-84e7-4198a8255da9,old_only,excluded_vendor,active,gartentisch-ribamelle,Fermob,Gartentische
812047fd-4af4-4690-b94e-78d9e6387be1,old_only,excluded_vendor,active,umbrosa-paraflex-wall-square-230,Umbrosa,Sonnenschirme
812a787f-445a-4f56-90d5-39565dcf6683,old_only,excluded_vendor,active,fermob-bellevie-2-sitzer-eckmodul-links,Fermob,Gartensofas
812e1153-803a-4834-903c-e5cc4b535bbc,old_only,excluded_vendor,active,fermob-bellevie-1-sitzer-modul-rechts,Fermob,Gartensofas
812e1c45-8f80-442d-9f9f-942a6854cd15,old_only,excluded_vendor,active,brokis-stehlampe-balloons-pc856,Brokis,Stehlampen
814551c3-82f6-401c-809c-1ef16a8f8be4,old_only,excluded_product_type,active,scapa-kissenbezug-ancona,Scapa,Dekoration
815f1318-85bd-4850-9f7f-50315ad78f27,old_only,excluded_product_type,active,weinkuhler-kywie-wildleder,Kywie,Tischaccessoires
815f6743-3206-40be-9215-e6218956785f,old_only,excluded_vendor,active,kerze-pillar-rustic-led-uyuni-caramel-o7-8-x-20-3cm,Piffany,Kerzen
81633089-eb63-4a54-bdb3-a84df7c45c73,old_only,excluded_vendor,active,fermob-bellevie-1-sitzer-modul-mitte,Fermob,Gartensofas
817b94e6-7b9c-4361-9d24-db138a1ef0e3,old_only,excluded_vendor,active,fermob-bellevie-2-sitzer-modul-rechts,Fermob,Gartensofas
818602ff-628f-4be5-9058-c5871da4ee6d,old_only,excluded_vendor,active,fermob-bellevie-2-sitzer-polsterhocker,Fermob,Sitzbänke
81878822-62c7-4d48-b232-fa4e8f80af4a,old_only,excluded_vendor,active,fermob-bellevie-1-sitzer-modul-rechts,Fermob,Gartensofas
819a1208-bb51-4f48-afc1-ac0ff2361dd6,old_only,excluded_vendor,active,fermob-bellevie-zusammenstellung-1b,Fermob,Gartensofas
819e0e06-1c74-4da5-bbb0-b3df19443ce9,old_only,excluded_vendor,active,brokis-stehlampe-ballons-pc858,Brokis,Stehlampen
81ac8298-06d5-437c-af78-f70464e75e10,old_only,excluded_vendor,active,melted-kerze-uyuni-led-sandstone,Piffany,Kerzen
81ad7418-0f32-4362-8e68-66e401cdef63,old_only,excluded_vendor,active,fermob-bellevie-2-sitzer-modul-links,Fermob,Gartensofas
81bfb2a4-93b4-4c5a-8727-e319090f7f17,old_only,excluded_vendor,active,fermob-bank-mit-ruckenlehne-bellevie,Fermob,Sitzbänke
81c70b4d-1da8-485f-a143-f827ebf1ff75,old_only,excluded_vendor,active,fermob-cocotte-beistelltisch,Fermob,Beistelltische
81f2fb61-38cc-457e-b30a-7b5c95628746,old_only,excluded_vendor,active,gartentisch-craft-kopie,Fermob,Gartentische
820b429e-95ef-4a99-aaa3-3e5682954efa,old_only,excluded_vendor,active,fermob-bistro-tisch-d77,Fermob,Gartentische
820fd794-7e98-4f3d-845c-3212b6e91852,old_only,excluded_vendor,active,kerze-christmas-string,Piffany,Kerzen
8211312f-8beb-4bf2-86a7-1371f42310d8,old_only,excluded_vendor,active,gartenstuhl-studie,Fermob,Gartenstühle
821a2ea3-c087-4cdb-8c9b-1102462858aa,old_only,excluded_vendor,active,fermob-bellevie-zusammenstellung-3a,Fermob,Gartensofas
821b1403-9637-43f1-aec4-f6ec4ba509d7,old_only,excluded_vendor,active,brokis-deckenleuchte-memory-ceiling,Brokis,Deckenleuchten
82309b78-1ce6-42d8-88eb-6f9097bdc1f5,old_only,excluded_vendor,active,umbrosa-sonnenschirm-spectra,Umbrosa,Sonnenschirme
823910e5-8583-4f70-a7ba-e333eef039fb,old_only,excluded_vendor,active,gartentisch-romane,Fermob,Gartentische
8242282f-8a75-4ddf-ade1-95ed1b3f1c80,old_only,excluded_vendor,active,fermob-bellevie-2-sitzer-modul-links,Fermob,Gartensofas
825ae8a1-14b3-4896-a5e8-c40b788ad48e,old_only,excluded_vendor,active,fermob-bellevie-2-sitzer-eckmodul-links,Fermob,Gartensofas
825d7eea-c26d-4b45-af8d-7c708285a986,old_only,excluded_vendor,active,fermob-alize-beistelltisch,Fermob,Beistelltische
82617513-d3ca-495e-ad43-47357247b2d5,old_only,excluded_vendor,active,fermob-bellevie-zusammenstellung-3b,Fermob,Gartensofas
8268cc9d-2ece-4746-adc9-035eddc04317,old_only,excluded_product_type,active,natural-collection-tibetisches-schafsfell-85x50-cm,Natures Collection,Dekoration
826aa97b-91d7-453d-875f-7d591376dd32,old_only,excluded_vendor,active,fermob-bellevie-zusammenstellung-3b,Fermob,Gartensofas
826db00e-511d-49a8-9a61-ac6ba924f97b,old_only,excluded_vendor,active,fermob-bistro-tisch-d60,Fermob,Gartentische
8290733d-9e7f-4037-833b-d87753a9798f,old_only,excluded_vendor,active,fermob-bellevie-1-sitzer-polsterhocker,Fermob,Hocker
829f7333-632b-430b-a053-698284ad8565,old_only,excluded_vendor,active,fermob-bellevie-zusammenstellung-3a,Fermob,Gartensofas
82a22490-0d2e-49dd-8db2-7c3d6a099e17,old_only,excluded_vendor,active,fermob-bellevie-zusammenstellung-1a,Fermob,Gartensofas
82a84573-3fec-4327-af51-a2e02a8af190,old_only,excluded_vendor,active,fermob-bellevie-zusammenstellung-1a,Fermob,Gartensofas
82ad1224-46cc-4210-9af2-98d0da60d4c7,old_only,excluded_vendor,active,fermob-bellevie-1-sitzer-modul-rechts,Fermob,Gartensofas
82b41b43-391d-4c60-92af-c2f77016ce67,old_only,excluded_vendor,active,brokis-deckenleuchte-memory-ceiling,Brokis,Deckenleuchten
82b5d7be-300a-4ab9-856e-eb7a6be6033e,old_only,excluded_vendor,active,fermob-bellevie-zusammenstellung-1a,Fermob,Gartensofas
82d13b48-6f8d-46f9-b0e6-a6edf31ac1e8,old_only,excluded_vendor,active,gartentisch-craft,Fermob,Gartentische
82db9640-9708-4a7c-9629-98f179282bab,old_only,excluded_product_type,active,natural-collection-tibetisches-schafsfell-85x50-cm,Natures Collection,Dekoration
82dcd783-676a-441c-ab79-44070ee9c7dd,old_only,excluded_vendor,active,gubi-multi-lite-tischlampe,Gubi,Tischlampen
82e1b208-0a4a-4b1e-af53-4a0fd74b1536,old_only,excluded_product_type,active,handytasche-gwen-phonebag,Natures Collection,Accessoires
82e1e181-1d25-419b-b2d4-92c32a13a67e,old_only,excluded_vendor,active,fermob-lorette-ovaler-tisch-160x90,Fermob,Gartentische
82ea8f73-686c-4034-91ad-19ced674e5f0,old_only,excluded_vendor,active,fermob-bellevie-stuhl-v2,Fermob,Gartenstühle
82f4da9b-f666-4ff0-ad73-71e50ab4bc77,old_only,excluded_product_type,active,tribu-schutzhullen,Tribù,Abdeckungen
82f61faf-ff9b-446c-ad4f-c42fdfbfa1cc,old_only,excluded_product_type,active,natures-collection-hot-water-bottle,Natures Collection,Accessoires
830ba2d8-2e36-42aa-9fbe-6320f18c7100,old_only,excluded_vendor,active,fermob-bellevie-2-sitzer-modul-mitte,Fermob,Gartensofas
831951f5-792d-4fb5-8949-2b715aac9e39,old_only,excluded_product_type,active,tribu-eclipse-quadratischer-lyptusholz-sonnenschirm,Tribù,Sonnenschirme
83341694-ea74-4746-92e9-698a2e9790dd,old_only,excluded_vendor,active,fermob-luxembourg-doppelter-sessel,Fermob,Sessel
8334d231-a25a-4940-b769-cef8cfbca3d4,old_only,excluded_vendor,active,fermob-bellevie-1-sitzer-polsterhocker,Fermob,Hocker
83590b7c-3479-40fd-902b-5ee713b63b7f,old_only,excluded_vendor,active,fermob-bellevie-zusammenstellung-1a,Fermob,Gartensofas
835f2817-f43d-4d3f-9151-127f2d2b9a8d,old_only,excluded_product_type,active,warmflasche-calmo,Weich Alpaca,Accessoires
8371b3a4-49d7-4399-a144-6fbae0c1e321,old_only,excluded_product_type,active,scapa-taita-mini-baskets-3er-set,Scapa,Dekoration
837d2e00-1ec2-4e44-8a50-9ae800061387,old_only,excluded_vendor,active,ofyr-butcher-block-storage,Ofyr,Küchen
83997bc7-10e8-4aaa-a0b6-d54d12c07a91,old_only,excluded_vendor,active,fermob-bistro-barstuhl,Fermob,Barstühle
83a85f01-450b-4ef6-8c63-9e01fb69ab7c,old_only,excluded_vendor,active,fermob-bellevie-zusammenstellung-1a,Fermob,Gartensofas
83ad2efc-027c-4dbd-a3d0-9268c176ee3e,old_only,excluded_vendor,active,fermob-stuhl-studie,Fermob,Stühle
83b32053-cc6f-4dae-86b9-822c64d40b6b,old_only,excluded_vendor,active,fermob-bellevie-2-sitzer-polsterhocker,Fermob,Sitzbänke
83cabb29-bc80-4bed-9e58-2b4ff360ad5e,old_only,excluded_vendor,active,fermob-1900-tisch-d96,Fermob,Gartentische
83cb642b-ba66-482f-8d4b-5060c260ca12,old_only,excluded_vendor,active,fermob-bellevie-3-sitzer-club-sofa-mit-kissen,Fermob,Gartensofas
83de311d-a67c-44eb-abc7-4058546a2062,old_only,excluded_product_type,active,scapa-kissenbezug-antrim,Scapa,Dekoration
83df0163-7268-4297-8877-883b6ed03a23,old_only,excluded_vendor,active,fermob-bellevie-zusammenstellung-3a,Fermob,Gartensofas
84059902-fbf5-4553-b874-eef774619a75,old_only,excluded_vendor,active,fermob-gartensofa-bellevie-2-sitzer,Fermob,Gartensofas
84125232-140f-4603-b5e5-800784f89ffe,old_only,excluded_vendor,active,fermob-caractere-tisch-128x128cm,Fermob,Gartentische
8416d308-bc86-4bf4-b263-7adf81364cd5,old_only,excluded_vendor,active,fermob-airloop-tisch-o-60cm,Fermob,Gartentische
841bcdec-ab22-40d7-a653-1b11c2a947ca,old_only,excluded_vendor,active,gartentisch-ribamelle,Fermob,Gartentische
84200cec-6c51-4f35-b65e-d036091859e2,old_only,excluded_vendor,active,fermob-bellevie-2-sitzer-club-sofa-mit-kissen,Fermob,Gartensofas
8427147e-aa4c-46cf-b956-61971bb1e641,old_only,excluded_vendor,active,fermob-bellevie-2-sitzer-modul-rechts,Fermob,Gartensofas
842dd0ea-1e74-46f9-8da2-616fb4a32b97,old_only,excluded_vendor,active,fermob-bellevie-2-sitzer-club-sofa-mit-kissen,Fermob,Gartensofas
84301ac5-7d8e-4916-94fc-77a16bba69f0,old_only,excluded_vendor,active,gartentisch-romane,Fermob,Gartentische
8439143a-f3cc-4da7-8736-06cfd98e883e,old_only,excluded_vendor,active,fermob-surprising-fussablage,Fermob,Hocker
846aacac-def9-4aa3-9194-1017ff5dadf6,old_only,excluded_vendor,active,fermob-alize-deporte,Fermob,Beistelltische
8475573c-a8e8-4b08-ab7f-a32e54a8fc31,old_only,excluded_vendor,active,fermob-bellevie-2-sitzer-modul-mitte,Fermob,Gartensofas
84855cd8-e91b-49cb-abce-a8082b154c9e,old_only,excluded_vendor,active,fermob-stuhl-surprising,Fermob,Gartenstühle
848b1fab-2f3d-4dcd-a928-d84bc7112a48,old_only,excluded_vendor,active,fermob-bellevie-2-sitzer-modul-links,Fermob,Gartensofas
84907cbf-1357-409c-9fff-2e37e72c4057,old_only,excluded_vendor,active,gartentisch-flower-kopie,Fermob,Gartentische
849395a5-4dfe-45b9-95ee-99741e57d3ee,old_only,excluded_vendor,active,umbrosa-paraflex-wall-round-271,Umbrosa,Sonnenschirme
849cfe0d-bd3d-44d2-97f2-1e5797da0067,old_only,excluded_vendor,active,kerze-outdoor-stumpemkerze-glatt,Piffany,Kerzen
84ac57e4-5e22-4677-ab48-ac8ed5548bfd,old_only,excluded_vendor,active,fermob-ios-stielvase,Fermob,Vasen
84afeb8a-3245-4088-a00e-caa930365d01,old_only,excluded_vendor,active,fermob-bellevie-2-sitzer-club-sofa-mit-kissen,Fermob,Gartensofas
84cd779e-ceaa-4daa-ae3c-25c287088ba3,old_only,excluded_vendor,active,fermob-bellevie-2-sitzer-modul-mitte,Fermob,Gartensofas
84e4cb12-7708-4305-8fc6-2e705bdee884,old_only,excluded_vendor,active,ofyr-accessoires-kochbuch-en-de,Ofyr,Accessoires
84f09325-5846-4faa-94ad-c2aa00ee0a46,old_only,excluded_vendor,active,fermob-bellevie-2-sitzer-club-sofa-mit-kissen,Fermob,Gartensofas
8513ed78-6dea-4dba-8fee-7301f8d5caef,old_only,excluded_vendor,active,fermob-lorette-armlehnstuhl-problem-fauteuil-und-bridge,Fermob,Sitzbänke
853417b3-f0d0-47aa-8bd5-b6cd3150bd4d,old_only,excluded_vendor,active,gartentisch-flower-kopie,Fermob,Gartentische
8534cb0b-afe1-4944-ada2-3dd073dee2a5,old_only,excluded_vendor,active,fermob-bellevie-2-sitzer-eckmodul-links,Fermob,Gartensofas
8558acf4-89fc-4a15-9176-9a16de578326,old_only,excluded_vendor,active,fermob-bellevie-2-sitzer-modul-links,Fermob,Gartensofas
855d1b34-083e-44ed-8a57-4467a759d7ae,old_only,excluded_vendor,active,fermob-bellevie-stuhl-v2,Fermob,Gartenstühle
855d24fd-addb-4317-a379-443878933b07,old_only,excluded_vendor,active,fermob-bellevie-2-sitzer-modul-rechts,Fermob,Gartensofas
8569f585-ed4d-489e-9075-1d6f60dced84,old_only,excluded_vendor,active,fermob-bellevie-sessel-fur-den-essbereich,Fermob,Gartenstühle
856c8022-ec6a-4ad7-bab9-772f41b66396,old_only,excluded_product_type,active,warmflasche-calmo,Weich Alpaca,Accessoires
856f370f-6b56-446a-9f79-787f726f94ff,old_only,excluded_vendor,active,umbrosa-sonnenschirm-spectra,Umbrosa,Sonnenschirme
85885f10-066f-4fa0-bce6-43e2b18fa108,old_only,excluded_vendor,active,gartentisch-craft-kopie,Fermob,Gartentische
858de652-5dfc-4d2f-b65c-261ef39419b7,old_only,excluded_product_type,active,geschenkgutschein,Homestorys,Geschenkgutscheine
85a9ed45-b3a1-4611-bd64-c34a7d827042,old_only,excluded_vendor,active,deckenlampe-puro-contour,Brokis,Hängeleuchten
85abc050-5d82-4556-9cc5-b4b929763b30,old_only,excluded_vendor,active,fermob-bellevie-zusammenstellung-2b,Fermob,Gartensofas
85af4791-dcfc-4ef4-9fe8-9b9604319262,old_only,excluded_vendor,active,umbrosa-paraflex-wall-square-230,Umbrosa,Sonnenschirme
85c1715f-9c7b-43a7-b595-da6cb957e336,old_only,excluded_vendor,active,fermob-luxembourg-lounge-sessel,Fermob,Sessel
85c4dfb1-5fce-4655-bf73-b1b6ad3a21cd,old_only,excluded_vendor,active,fermob-bellevie-zusammenstellung-2a-1,Fermob,Gartensofas
85fe9227-ae4b-43e8-8300-0f32fd61c74b,old_only,excluded_vendor,active,kerze-melted-pillar-smooth-led-uyuni-nordic-white-o7-8x10-1cm,Piffany,Kerzen
8604de55-91f1-44b2-8c93-828a058d71e3,old_only,excluded_vendor,active,fermob-luxembourg-niedriger-doppelter-tisch,Fermob,Couchtische
861ca9f9-f6ac-4633-8386-254f8093ea9d,old_only,excluded_vendor,active,fermob-lederstuhl-bistro,Fermob,Stühle
862fe280-1eab-44cb-9585-079ae28889d4,old_only,excluded_vendor,active,fermob-bellevie-3-sitzer,Fermob,Gartensofas
8639c6e2-9095-47a1-9141-127178338769,old_only,excluded_vendor,active,fermob-ledersessel-surprising,Fermob,Sessel
863adbd2-63da-4cb1-8f23-8c4e4a5e4505,old_only,excluded_vendor,active,umbrosa-spectra-straight-alu,Umbrosa,Sonnenschirme
863e065e-3e50-4e9f-83ff-42c03224bd4e,old_only,excluded_vendor,active,fermob-stuhl-studie,Fermob,Stühle
86443dc7-9a72-4067-aebc-ec3c58a06b09,old_only,excluded_vendor,active,umbrosa-paraflex-wall-round-271,Umbrosa,Sonnenschirme
8645041c-487f-4e0e-b8b8-60bf546b7b4d,old_only,excluded_vendor,active,tischlampe-spectra,Brokis,Tischlampen
8650b795-1a23-4e70-aef8-b67754e37d37,old_only,excluded_vendor,active,fermob-beleuchteter-hocker-inoui-h44,Fermob,Hocker
865af26f-de4b-4cca-8274-9fe2c3bb97f7,old_only,excluded_vendor,active,fermob-luxembourg-tisch-165x100cm,Fermob,Gartentische
86798dba-da3a-4029-b870-0e8a23244e95,old_only,excluded_vendor,active,fermob-bellevie-sessel-fur-den-essbereich,Fermob,Gartenstühle
8685eeb2-28af-49ff-974f-e8a175c02293,old_only,excluded_vendor,active,fermob-surprising-fussablage,Fermob,Hocker
869413ca-8edf-4819-bc95-08444d5ff645,old_only,excluded_vendor,active,wandlampe-memory-wall,Brokis,Wandleuchten
869bb8f7-6586-4232-b663-e124d6bc31a5,old_only,excluded_vendor,active,fermob-bebop-d80,Fermob,Beistelltische
869c1b2e-15d7-4801-91f0-8d1344a03987,old_only,excluded_vendor,active,brokis-stehlampe-ballons-pc857,Brokis,Stehlampen
86ae1b5b-ad15-438e-9c5e-d53563b9bab8,old_only,excluded_vendor,active,gartentisch-flower-kopie,Fermob,Gartentische
86b4d1ad-9a9e-4a79-8119-89c6657e06aa,old_only,excluded_vendor,active,gartentisch-ribamelle,Fermob,Gartentische
86dc627a-c1c7-4f41-9deb-39fb5521e6e3,old_only,excluded_vendor,active,fermob-bellevie-2-sitzer-modul-rechts,Fermob,Gartensofas
86f95140-5d1b-483b-a7b3-a91c2b3ece7c,old_only,excluded_vendor,active,tischlampe-spectra,Brokis,Tischlampen
8701cf1c-5590-4958-b13a-d613df1589d9,old_only,excluded_vendor,active,fermob-bellevie-stuhl-v2,Fermob,Gartenstühle
871a3896-db42-4f73-812c-37f77661c0c0,old_only,excluded_product_type,active,warmflasche-calmo,Weich Alpaca,Accessoires
87232d45-8fa5-4d81-85b5-d367e9287493,old_only,excluded_vendor,active,wandlampe-memory-wall,Brokis,Wandleuchten
872be339-b1cb-4a21-968c-bfc89f6208ef,old_only,excluded_product_type,active,handytasche-gwen-phonebag,Natures Collection,Accessoires
87378870-0090-4bef-b968-0662e203efa4,old_only,excluded_vendor,active,beistelltisch-alize-o48,Fermob,Beistelltische
874eaab4-0b8e-4fd5-84a7-681fc1dd245a,old_only,excluded_vendor,active,fermob-bebop-niedriger-tisch-120-x-70-x-29cm,Fermob,Beistelltische
8759d665-87b3-42bd-9610-d4d211e87575,old_only,excluded_product_type,active,tribu-granite-cleaner-protector,Tribù,Pflegeprodukte
87813811-e878-41d2-9ee3-7ead40c9bfe1,old_only,excluded_vendor,active,fermob-bellevie-tisch-74x80cm,Fermob,Gartentische
8787b410-4cba-46a4-9408-34a22221680e,old_only,excluded_vendor,active,fermob-bellevie-2-sitzer-polsterhocker,Fermob,Sitzbänke
878a709c-5660-4409-9eea-5df5bd831929,old_only,excluded_vendor,active,fermob-bridge-luxembourg,Fermob,Gartenstühle
878f1a3d-a0bd-4228-bfe9-c8ba997fcdea,old_only,excluded_vendor,active,fermob-bistro-metallstuhl,Fermob,Gartenstühle
87921240-02f8-498c-aa52-ddfd3e9cb956,old_only,excluded_vendor,active,gartentisch-petale,Fermob,Gartentische
87ac929e-49e5-42bb-97ef-dc3df9aef22b,old_only,excluded_vendor,active,fermob-bridge-luxembourg,Fermob,Gartenstühle
87bbc081-2943-42f7-8243-7da76ed9fbeb,old_only,excluded_vendor,active,fermob-bellevie-sessel,Fermob,Sessel
87c610b9-8d87-451d-b2d1-5702952ba6a9,old_only,excluded_vendor,active,fermob-lorette-bridge,Fermob,Gartenstühle
87e92e03-0d1a-4875-8bb8-edc4539939f4,old_only,excluded_vendor,active,fermob-1900-stuhl,Fermob,Gartenstühle
87ea0112-2039-4752-a4c6-7be568b74f62,old_only,excluded_product_type,active,tribu-eclipse-quadratischer-lyptusholz-sonnenschirm,Tribù,Sonnenschirme
87efd3ae-9460-4694-b9f7-7908ee3c7df6,old_only,excluded_vendor,active,fermob-bellevie-2-sitzer-eckmodul-rechts,Fermob,Gartensofas
87f786b2-557c-4041-b6eb-63cff4bda603,old_only,excluded_vendor,active,fermob-lorette-armlehnstuhl-problem-fauteuil-und-bridge,Fermob,Sitzbänke
880d8d8e-b7ef-4e65-8c0a-dbc5ade6e41b,old_only,excluded_vendor,active,fermob-bank-mit-ruckenlehne-bellevie,Fermob,Sitzbänke
882c6664-3f5e-4f9b-8cae-c2a5e3abab17,old_only,excluded_vendor,active,fermob-bank-louisiana-150cm,Fermob,Sitzbänke
882e8e96-12c3-4479-8efb-fa958527e3ab,old_only,excluded_vendor,active,brokis-stehlampe-muffin-pc849,Brokis,Stehlampen
88343d2c-8b73-4c41-ac18-362f206b7617,old_only,excluded_vendor,active,fermob-rollende-bar-luxembourg,Fermob,Servierwagen
8839eae0-7304-4156-a219-e98d49354671,old_only,excluded_vendor,active,fermob-bellevie-2-sitzer-modul-rechts,Fermob,Gartensofas
885dc331-4a2c-475f-bc1a-d9754c63cf86,old_only,excluded_vendor,active,fermob-bellevie-2-sitzer-club-sofa-mit-kissen,Fermob,Gartensofas
885e222d-0195-4657-9918-3ec29e1191f4,old_only,excluded_vendor,active,fermob-bellevie-3-sitzer-club-sofa-mit-kissen,Fermob,Gartensofas
88613ae3-3db6-4833-abc7-5168f3185245,old_only,excluded_vendor,active,gubi-bl1-tisch-lampe,Gubi,Tischlampen
8870d232-a73e-496f-9043-14edd2bb6371,old_only,excluded_vendor,active,fermob-bellevie-1-sitzer-modul-mitte,Fermob,Gartensofas
888f04ec-a62e-4c74-9599-5bf32b93f404,old_only,excluded_vendor,active,gartenstuhl-studie,Fermob,Gartenstühle
88a0eff4-f808-486f-9dd1-ae046e088374,old_only,excluded_vendor,active,fermob-gartensofa-bellevie-2-sitzer,Fermob,Gartensofas
88a7e5f7-fd42-4b14-8875-aac879b788a0,old_only,excluded_vendor,active,fermob-bistrotisch-d117,Fermob,Gartentische
88a8fb6d-12c5-468b-b413-e9f9de6a2db8,old_only,excluded_vendor,active,umbrosa-sonnenschirm-spectra-straight,Umbrosa,Sonnenschirme
88a95669-3a66-4c80-b14e-8b9addfc25b4,old_only,excluded_product_type,active,warmflasche-calmo,Weich Alpaca,Accessoires
88ae5e33-188a-4aac-a397-7580983bd17b,old_only,excluded_vendor,active,fermob-tisch-luxembourg,Fermob,Gartentische
88b91fd7-139a-41a2-a547-51d0e4f572b9,old_only,excluded_vendor,active,extremis-hopper-picnic-hellwood-300cm,Extremis,Gartentische
88d358ae-5134-4b8a-bb77-246acaaaeddb,old_only,excluded_product_type,active,warmflasche-calmo,Weich Alpaca,Accessoires
88f36e5b-1fce-42c1-bf64-55bc79a5f2d1,old_only,excluded_product_type,active,scapa-lindion-decke-pearl-grey-135x160,Scapa,Decken
8900ce70-b404-4e1e-a6c7-1c8ebe58c9cc,old_only,excluded_vendor,active,teelicht-uyuni-led-weiss,Piffany,Kerzen
8915d703-0c03-43bc-bbc6-1a902b7689b5,old_only,excluded_vendor,active,fermob-bellevie-sessel,Fermob,Sessel
892f419d-5f85-40e5-a4de-88548204d458,old_only,excluded_product_type,active,warmflasche-calmo,Weich Alpaca,Accessoires
8934ee78-a7fb-4ff5-9192-52811d9898cc,old_only,excluded_product_type,active,scapa-decke-angus,Scapa,Dekoration
893ae21a-4b07-429a-aa56-a9e00c35e84b,old_only,excluded_vendor,active,kerze-pillar-rustic-led-uyuni-sandstone-o7-8-x-20-3cm,Piffany,Kerzen
893e11e3-d289-4f2a-9997-32812e865257,old_only,excluded_vendor,active,fermob-bellevie-1-sitzer-modul-links,Fermob,Gartensofas
8951c3c0-b2f8-4737-8721-480172860e9a,old_only,excluded_vendor,active,fermob-tisch-luxembourg,Fermob,Gartentische
8951eebb-47ce-4ad5-baf5-7db9ef70b34c,old_only,excluded_vendor,active,fermob-surprising-fussablage,Fermob,Hocker
89616144-c918-4bee-97c1-eb29c0eaa433,old_only,excluded_vendor,active,fermob-airloop-tisch-o-60cm,Fermob,Gartentische
8961d261-d9cc-4826-abbf-d4b4783bf934,old_only,excluded_vendor,active,spotted-patchwork-sitzauflage,Spotted,Teppiche
89637ea0-a570-43ef-bde8-307cb8f6fded,old_only,excluded_vendor,active,fermob-bellevie-2-sitzer-modul-mitte,Fermob,Gartensofas
896ae274-bcb0-4991-8cb6-26fa26efda06,old_only,excluded_vendor,active,kerze-tealight-rechargeable-uyuni,Piffany,Kerzen
896cbae9-1705-454d-b2bd-b222d3c177d2,old_only,excluded_vendor,active,fermob-bellevie-1-sitzer-polsterhocker,Fermob,Hocker
89727c52-1564-482a-887c-4ce4b5e65ced,old_only,excluded_vendor,active,extremis-bistroo-tisch-stuhl-kombination,Extremis,Gartentische
8988e2aa-dc3b-4bdd-b948-722296e17b9f,old_only,excluded_vendor,active,gartentisch-romane-rund,Fermob,Gartentische
89897d31-6621-4005-8ac8-07c30cb453b5,old_only,excluded_vendor,active,fermob-bellevie-stuhl-v2,Fermob,Gartenstühle
89904bea-169b-496e-8ff6-b870c45edd9a,old_only,excluded_vendor,active,gartentisch-romane,Fermob,Gartentische
89a51a9c-a731-42a3-aa1b-65660c7eca5f,old_only,excluded_vendor,active,gartensessel-surprising,Fermob,Sessel
89b70878-ed98-4e0f-9ea7-db1bdad9ab74,old_only,excluded_product_type,active,ethnicraft-wandaufhaken-massivholz,Ethnicraft,Kleiderhaken
89c47589-dd2b-441d-aca3-91c36a45c1e1,old_only,excluded_vendor,active,fermob-bellevie-zusammenstellung-3b,Fermob,Gartensofas
89d54d19-786d-4542-94ab-7f146abba9a1,old_only,excluded_vendor,active,fermob-alize-tiefer-sessel,Fermob,Sessel
89e1b42a-df82-4009-a43d-bf87cc64d5b9,old_only,excluded_vendor,active,fermob-bellevie-zusammenstellung-2a-1,Fermob,Gartensofas
89e74a26-a8c7-4b13-acbe-df87f1fd6994,old_only,excluded_vendor,active,extremis-hopper-picnic-iroko-360cm,Extremis,Gartentische
89e81f2e-2832-497b-aa1f-2689b5039910,old_only,excluded_vendor,active,fermob-bellevie-zusammenstellung-3a,Fermob,Gartensofas
8a021482-bfe7-4a31-ac29-f998f1f873ec,old_only,excluded_product_type,active,ethnicraft-organic-skulptur,Ethnicraft,Dekoration
8a1373f2-7822-43a8-ac9e-662f8c80e271,old_only,excluded_vendor,active,fermob-bellevie-1-sitzer-modul-rechts,Fermob,Gartensofas
8a1a2e61-d5a5-4d77-8844-7bdaf6ef9576,old_only,excluded_vendor,active,fermob-bellevie-sessel,Fermob,Sessel
8a2c191a-3316-4c95-9cbd-4ab3ca38ee8a,old_only,excluded_vendor,active,gartentisch-ribamelle,Fermob,Gartentische
8a36fe07-26df-4229-acbe-627d8ea4d911,old_only,excluded_vendor,active,fermob-bellevie-zusammenstellung-2b,Fermob,Gartensofas
8a3b1eeb-fa12-44cf-bda6-bd0c330701c8,old_only,excluded_vendor,active,umbrosa-paraflex-wall-round-270,Umbrosa,Sonnenschirme
8a50b2f3-bc6c-412f-b7d4-a18217298fde,old_only,excluded_vendor,active,gubi-esstischstuhl-beetle-3d-furnier,Gubi,Stühle
8a703fac-fe57-44d4-812a-b17421c9821b,old_only,excluded_vendor,active,gartensessel-bellevie,Fermob,Sessel
8a7853bb-f913-4c50-bb03-a402aada7956,old_only,excluded_vendor,active,fermob-luxembourg-doppelter-sessel,Fermob,Sessel
8a87cdfc-4754-461b-808b-367c315f90a5,old_only,excluded_vendor,active,armlehnstuhl-studie,Fermob,Gartenstühle
8a89d399-a333-4de2-8b9a-6c67a6273adc,old_only,excluded_vendor,active,ofyr-grill-classic-storage-100-pro,Ofyr,Grills
8a8d8bc5-661a-49a5-846c-c4a7085b21c5,old_only,excluded_vendor,active,fermob-bellevie-zusammenstellung-1b,Fermob,Gartensofas
8a90aa5b-a289-4f0f-8613-810e18adb679,old_only,excluded_vendor,active,fermob-bridge-luxembourg,Fermob,Gartenstühle
8a91e54d-d849-4213-b3ef-c553fb84a5ab,old_only,excluded_vendor,active,fermob-bebop-d80,Fermob,Beistelltische
8aa44d9c-f977-46b9-b93d-7a084b5a0041,old_only,excluded_vendor,active,fermob-luxembourg-lounge-stuhl,Fermob,Sessel
8aab2478-abf5-40c3-b323-fbb6ef1831a5,old_only,excluded_vendor,active,ofyr-accessoires-brazilian-grill-set-100,Ofyr,Grillzubehör
8aaf8162-b762-42a3-9a5b-a2042fff8c9a,old_only,excluded_vendor,active,fermob-bistro-tisch-117x117cm,Fermob,Gartentische
8ab5f871-368c-40d2-917a-402fb1612735,old_only,excluded_vendor,active,gartentisch-floreal,Fermob,Gartentische
8ac98127-22d4-4357-8767-bbbbb1dbdd38,old_only,excluded_vendor,active,copy-of-beistelltisch-alize-o48,Fermob,Beistelltische
8ad10c79-b2be-483f-a953-4c0e84920f93,old_only,excluded_vendor,active,fermob-gartensofa-bellevie-2-sitzer,Fermob,Gartensofas
8adb7725-534f-4f51-8339-b81df4945f40,old_only,excluded_vendor,active,kerze-melted-pillar-led-uyuni-sandstone-5-x-4-5cm,Piffany,Kerzen
8adbe23c-0f1a-4537-a027-52cbcd88cebc,old_only,excluded_vendor,active,fermob-bank-mit-ruckenlehne-bellevie,Fermob,Sitzbänke
8ae78a08-b739-46e7-91ed-bbedc93b4303,old_only,excluded_vendor,active,fermob-1900-tisch-d117,Fermob,Gartentische
8afb8ff1-82eb-4438-9541-aec8ed56d8b6,old_only,excluded_vendor,active,gartentisch-costa-ausziehbar,Fermob,Gartentische
8b05e602-8591-46b7-a429-f3827525afc3,old_only,excluded_vendor,active,fermob-bistro-metallstuhl,Fermob,Gartenstühle
8b07727f-71c7-4af9-8908-29e3f80f03ed,old_only,excluded_vendor,active,fermob-bellevie-2-sitzer-modul-links,Fermob,Gartensofas
8b0ecc9f-181d-40b8-98d9-f7d799ea3e1e,old_only,excluded_vendor,active,wandlampe-memory-wall,Brokis,Wandleuchten
8b1efb77-e5e2-403c-beea-eb706f47b181,old_only,excluded_vendor,active,fermob-bellevie-zusammenstellung-2a-1,Fermob,Gartensofas
8b22ac9d-1cd2-4b19-bcd0-234c9d1865c1,old_only,excluded_vendor,active,fermob-bellevie-2-sitzer-polsterhocker,Fermob,Sitzbänke
8b2363be-2ebc-42e2-894a-a80af1be5bf6,old_only,excluded_product_type,active,tribu-eclipse-quadratischer-lyptusholz-sonnenschirm,Tribù,Sonnenschirme
8b2f6223-7443-4dc0-b448-598dd23daae1,old_only,excluded_product_type,active,teak-nero-corrector,Manutti,Pflegeprodukte
8b35b892-f599-41a2-b61c-ed18212943a8,old_only,excluded_vendor,active,gartentisch-romane,Fermob,Gartentische
8b42ffd6-a1b0-47ce-b7be-75aec7d9667e,old_only,excluded_vendor,active,fermob-bellevie-2-sitzer-modul-links,Fermob,Gartensofas
8b4c3c17-0bde-4d35-874d-fc7872ae0ddb,old_only,excluded_vendor,active,fermob-alize-deporte,Fermob,Beistelltische
8b51a095-5ab7-46d3-9d9a-0907f88d5b64,old_only,excluded_vendor,active,fermob-lighting-mooon-lampe-h63cm,Fermob,Tischlampen
8b5f2e23-3ba6-43f5-8dfa-8343564db27c,old_only,excluded_vendor,active,gartentisch-romane,Fermob,Gartentische
8b61f68c-d557-43f4-a5d6-67c083db0d5c,old_only,excluded_vendor,active,fermob-bellevie-zusammenstellung-3b,Fermob,Gartensofas
8b661194-cb33-4b93-bb12-c3b560f3eb5e,old_only,excluded_vendor,active,gartentisch-craft-kopie,Fermob,Gartentische
8b6dc5ad-29d9-4a2f-aa4b-8043e3e4ed78,old_only,excluded_vendor,active,fermob-fouta-strandtuch,Fermob,Decken
8b756f02-b86c-4bc3-a8d8-98d10936f790,old_only,excluded_vendor,active,extremis-gartentisch-pantagruel-picnic,Extremis,Gartentische
8b7cfa66-8cf8-40cf-a88d-11c8f37c9636,old_only,excluded_vendor,active,gartentisch-ribamelle,Fermob,Gartentische
8b8d2efc-906a-43d0-be2e-a6ade464b662,old_only,excluded_vendor,active,fermob-bistro-tisch-d96,Fermob,Gartentische
8bae7432-438a-4a78-8ff8-8852a73827b6,old_only,excluded_vendor,active,fermob-bellevie-1-sitzer-modul-links,Fermob,Gartensofas
8bb8a507-6687-473e-8e00-db710d0911ed,old_only,excluded_vendor,active,fermob-bellevie-3-sitzer,Fermob,Gartensofas
8bca2a0c-7e06-4e0a-af19-8cd57fabfa0c,old_only,excluded_vendor,active,gartentisch-opera-carronde,Fermob,Gartentische
8bd24a55-13b3-4a8a-affd-aaa89513e9c0,old_only,excluded_product_type,active,leaf-warmflasche-32x22-cm,Natures Collection,Dekoration
8c12ef9a-2892-4cf5-8f09-6366ea4d0cdd,old_only,excluded_vendor,active,ofyr-pizzaofen,Ofyr,Grillzubehör
8c1fd8e8-3d7f-4b30-a68c-b9fdc5ef3b43,old_only,excluded_vendor,active,fermob-bellevie-2-sitzer-modul-rechts,Fermob,Gartensofas
8c2b0478-64b7-47c4-92f3-3113efcafe7f,old_only,excluded_vendor,active,fermob-bellevie-1-sitzer-modul-rechts,Fermob,Gartensofas
8c30466a-47f5-4d3f-bb6c-e76bef85234f,old_only,excluded_vendor,active,fermob-2-3-sitzer-bank-mit-ruckenlehne-luxembourg,Fermob,Sitzbänke
8c32a0fc-5630-41a7-a7a9-1aaf45e63c6a,old_only,excluded_vendor,active,fermob-calvi-tisch-160-x-80-cm,Fermob,Gartentische
8c37ba7e-5666-4e4b-a321-b569fae7af91,old_only,excluded_vendor,active,fermob-bistro-tisch-117x117cm,Fermob,Gartentische
8c390cca-734b-4c23-8935-145e12b2ead8,old_only,excluded_vendor,active,umbrosa-sonnenschirm-spectra,Umbrosa,Sonnenschirme
8c61d031-f6b2-4eb6-8f2b-9ba964e1d7d2,old_only,excluded_vendor,active,wandlampe-memory-wall,Brokis,Wandleuchten
8c6dcef2-9753-4269-814f-3af2a20914de,old_only,excluded_vendor,active,fermob-bellevie-1-sitzer-polsterhocker,Fermob,Hocker
8c724cb2-0174-4f55-89be-9be0ed9a8113,old_only,excluded_vendor,active,fermob-bistro-kissen-38-x-30-cm,Fermob,Sitzkissen
8c7c56a1-6733-4697-a4f9-4920429756de,old_only,excluded_product_type,active,natural-collection-tibetisches-schafsfell-85x50-cm,Natures Collection,Dekoration
8c7f6a40-d38d-44f4-9126-4893fbf92afb,old_only,excluded_vendor,active,fermob-bellevie-sessel-fur-den-essbereich,Fermob,Gartenstühle
8c8e08d4-2744-412f-bb51-f9206c4a501e,old_only,excluded_vendor,active,fermob-bellevie-1-sitzer-modul-mitte,Fermob,Gartensofas
8c92b72b-0d7c-4de1-beb7-2126ca492147,old_only,excluded_vendor,active,fermob-surprising-tiefer-sessel,Fermob,Sessel
8ca68de3-c58a-4d32-9d5f-0655a4e09105,old_only,excluded_vendor,active,kerze-pillar-rustic-led-uyuni-caramel-o7-8-x-15-2cm,Piffany,Kerzen
8caefaf7-fb51-4bca-9b69-bd8ecb6c6314,old_only,excluded_product_type,active,handytasche-gwen-phonebag,Natures Collection,Accessoires
8caf2811-f4e3-4cec-b37e-9a04bced6291,old_only,excluded_vendor,active,brokis-mini-muffin-windlichter,Brokis,Accessoires
8cb2da96-4a4e-40bd-ad85-f1800c81db60,old_only,excluded_vendor,active,fermob-bellevie-2-sitzer-eckmodul-links,Fermob,Gartensofas
8cb67290-191b-4a69-b8f1-7ca5a4739106,old_only,excluded_vendor,active,fermob-armlehnstuhl-studie,Fermob,Stühle
8cd0e651-0804-4f34-8dbc-8c7dbaaeaf0f,old_only,excluded_product_type,active,tribu-accessoires-laterne,Tribù,Laternen
8cd2fc7b-b3b1-46b7-8adc-5dd9bcb6e1f2,old_only,excluded_vendor,active,schaukelstuhl-surprising,Fermob,Sessel
8cd79cbb-9c7a-4f60-8f3d-72f0132a589a,old_only,excluded_vendor,active,fermob-bellevie-zusammenstellung-3b,Fermob,Gartensofas
8cdede0e-13f6-405a-a67d-70ab3c9894b2,old_only,excluded_vendor,active,fermob-bellevie-hoher-tisch-74x80cm,Fermob,Bartische
8cfebe38-79ed-4327-8876-1a1983a23f5a,old_only,excluded_vendor,active,stabkerzen-uyuni-led-ivory,Piffany,Kerzen
8d01f9ed-a944-42b2-b4b7-23a8b6929d34,old_only,excluded_vendor,active,fermob-schaukelstuhl-luxembourg,Fermob,Sessel
8d02e51a-b7de-404e-ad55-b50452f24939,old_only,excluded_vendor,active,fermob-luxembourg-kid-tisch-76x55cm,Fermob,Gartentische
8d0431d8-94ec-4d30-a5df-453e73ae8d6b,old_only,excluded_vendor,active,fermob-bellevie-zusammenstellung-3b,Fermob,Gartensofas
8d29148b-4813-4a23-a82a-b81a11a2f856,old_only,excluded_vendor,active,fermob-bellevie-zusammenstellung-1b,Fermob,Gartensofas
8d2d7114-61e2-45eb-8c02-a255d86c277c,old_only,excluded_vendor,active,fermob-bistro-tisch-75x57,Fermob,Gartentische
8d34d4f3-c73d-44bc-ab6c-52350b52155e,old_only,excluded_vendor,active,fermob-bellevie-3-sitzer,Fermob,Gartensofas
8d3b9e0b-fcaf-4d88-b1cc-62c3492560ee,old_only,excluded_vendor,active,gartentisch-craft-kopie,Fermob,Gartentische
8d4927ba-32ee-4e1e-b3ac-f51cbb8e84e6,old_only,excluded_vendor,active,fermob-bank-louisiana-150cm,Fermob,Sitzbänke
8d52ad93-9d97-4f4c-b9ac-55949763b857,old_only,excluded_vendor,active,gartentisch-floreal,Fermob,Gartentische
8d7115db-439e-4a12-b6b1-06bf51d31df6,old_only,excluded_vendor,active,fermob-luxembourg-kid-stuhl,Fermob,Gartenstühle
8d72b7eb-3532-49ad-bf1c-06c4a8659dc1,old_only,excluded_vendor,active,fermob-bellevie-hoher-tisch-74x80cm,Fermob,Bartische
8d7957fa-f5d8-428b-a450-17faedac6115,old_only,excluded_vendor,active,fermob-bellevie-2-sitzer-eckmodul-rechts,Fermob,Gartensofas
8d896e40-4e52-42d9-a9af-2f0164a2604d,old_only,excluded_vendor,active,fermob-luxembourg-hoher-tisch,Fermob,Gartentische
8d9fe433-f393-49d7-9a0f-59c943373427,old_only,excluded_vendor,active,kerze-pillar-smooth-led-uyuni-ivory-o5-8-x-22-cm,Piffany,Kerzen
8da0f0fc-d2cd-44e9-90c9-390fc450bcb7,old_only,excluded_product_type,active,cane-line-parasols-hyde-luxe-hanging-sonnenschirm-3x4-1,Cane-line,Sonnenschirme
8da3dd5b-832d-4733-9daa-8aeeadb0e163,old_only,excluded_vendor,active,fermob-bellevie-1-sitzer-modul-rechts,Fermob,Gartensofas
8da49eac-9597-4047-b06d-27f8a38141de,old_only,excluded_vendor,active,piffany-uyuni-lighting-aa-battery,Piffany,Accessoires
8da87c31-ed56-433b-96a9-6199a0d78747,old_only,excluded_vendor,active,brokis-stehlampe-balloons-pc856,Brokis,Stehlampen
8daa0cd0-dfe5-4369-b421-4314922b925d,old_only,excluded_vendor,active,extremis-hopper-picnic-hellwood-360cm,Extremis,Gartentische
8dc33236-e75d-43fa-92dd-14d0aece0541,old_only,excluded_vendor,active,fermob-1900-tisch-d96,Fermob,Gartentische
8dc337a2-1e5f-499f-b043-9a4b95af45a4,old_only,excluded_vendor,active,gartentisch-flower-kopie,Fermob,Gartentische
8dcdebd4-c78d-44ee-a127-1392f269fef0,old_only,excluded_vendor,active,fermob-luxembourg-bridge-barstuhl,Fermob,Barstühle
8dd26c47-f21e-44b7-b99d-c79db85664d9,old_only,excluded_vendor,active,umbrosa-sonnenschirm-spectra-straight,Umbrosa,Sonnenschirme
8dd8c6b3-44de-496a-8da8-d2b917fb2ade,old_only,excluded_vendor,active,fermob-1900-cabriolet-sessel,Fermob,Sessel
8de31b56-fbd7-467c-aba8-68ede5d9fe4d,old_only,excluded_vendor,active,gartentisch-floreal,Fermob,Gartentische
8deda5b2-3ba7-419c-a4df-6b92cf367b94,old_only,excluded_vendor,active,fermob-bellevie-zusammenstellung-2a-1,Fermob,Gartensofas
8df60d01-caf4-4a7e-8573-bdf255316163,old_only,excluded_vendor,active,extremis-gartentisch-pantagruel-picnic,Extremis,Gartentische
8e035f65-5993-4b80-b080-a41e1f2a996f,old_only,excluded_vendor,active,ofyr-accessoires-soft-cover-und-loschdeckel-set-100,Ofyr,Grillzubehör
8e06bf77-66c3-4bb2-b2a5-1d17e9094e7e,old_only,excluded_vendor,active,fermob-bellevie-halbhoher-tisch-140x80cm,Fermob,Gartentische
8e076cce-69d1-4186-8c89-a60a8041a97a,old_only,excluded_vendor,active,storage-insert-pro,Ofyr,Holzlagerung
8e077076-71b4-4fd6-bc6a-3e621c940f8f,old_only,excluded_vendor,active,fermob-bellevie-halbhoher-tisch-74x80cm,Fermob,Gartentische
8e08e67d-6962-44d8-9296-856d8e44325b,old_only,excluded_vendor,active,fermob-luxembourg-tisch-143x80,Fermob,Gartentische
8e0ec1bd-9ca9-4ce0-9abd-69e46ba5c37b,old_only,excluded_product_type,active,glowbus-growdrop-m,Glowbus,Kerzen
8e133ef2-df8f-400f-88cf-787b2472be08,old_only,excluded_vendor,active,fermob-luxembourg-kid-bank,Fermob,Sitzbänke
8e145ad5-b94b-4507-95ba-072491768b46,old_only,excluded_vendor,active,fermob-bistro-stehtisch-71x71cm,Fermob,Bartische
8e1a32dd-56fb-4610-ba3a-b92b9cfd3f2f,old_only,excluded_vendor,active,fermob-armlehnstuhl-studie,Fermob,Stühle
8e21f65d-eec7-4ebe-8caa-eaf0ca2ef3b3,old_only,excluded_vendor,active,fermob-bank-mit-ruckenlehne-bellevie,Fermob,Sitzbänke
8e267847-5523-49a0-8651-f5744bd61556,old_only,excluded_product_type,active,natures-collection-man-slipper-double-face-sheepskin,Natures Collection,Dekoration
8e2ac288-910b-4df2-b2ce-4fb3c7a193e7,old_only,excluded_vendor,active,fermob-lorette-runder-tisch-d110,Fermob,Beistelltische
8e2cad26-c248-44bc-8b36-81208a7d8845,old_only,excluded_vendor,active,gartentisch-romane,Fermob,Gartentische
8e3c837d-5e56-4169-95c4-90cc29876a05,old_only,excluded_vendor,active,fermob-bank-louisiana-150cm,Fermob,Sitzbänke
8e3dab10-25c2-480d-a0b0-56feb8ce287c,old_only,excluded_vendor,active,fermob-bellevie-3-sitzer-club-sofa-mit-kissen,Fermob,Gartensofas
8e4b3242-69ad-4950-bca0-31676277e68b,old_only,excluded_vendor,active,fermob-1900-stuhl,Fermob,Gartenstühle
8e601762-383b-49bf-90ed-c99609ad8a2a,old_only,excluded_vendor,active,fermob-bellevie-stuhl-v2,Fermob,Gartenstühle
8e608ea8-8962-4c26-ace0-684fbd89e42e,old_only,excluded_vendor,active,fermob-luxembourg-tisch-165x100cm,Fermob,Gartentische
8e64233c-5ce5-4017-aca1-07d6c20f2dcb,old_only,excluded_vendor,active,fermob-bellevie-2-sitzer-club-sofa-mit-kissen,Fermob,Gartensofas
8e793ff6-4e16-4048-bbe8-120f0fbfd8e0,old_only,excluded_vendor,active,gubi-grashoppa-tisch-lampe,Gubi,Tischlampen
8e859182-789d-445e-9151-c7e136b02a3c,old_only,excluded_vendor,active,kerze-pillar-rustic-led-uyuni-o7-8-x-20-3cm,Piffany,Kerzen
8e88184c-1109-4090-aa06-edd3539c30e7,old_only,excluded_vendor,active,fermob-bistro-barstuhl,Fermob,Barstühle
8eb7fb9f-2399-4538-9a96-377cee5bcf28,old_only,excluded_vendor,active,fermob-lorette-ovaler-tisch-160x90,Fermob,Gartentische
8ebda5df-7af3-4388-9723-df7289827cdd,old_only,excluded_vendor,active,fermob-sitzbank-luxembourg-kompakt,Fermob,Sitzbänke
8ec01a5c-507a-4ffc-97f0-b58933658734,old_only,excluded_vendor,active,gartentisch-craft,Fermob,Gartentische
8ec57382-ae7b-4070-9e00-18b08df0c012,old_only,excluded_vendor,active,gartentisch-petale-kopie,Fermob,Gartentische
8ec6bade-c824-4395-9e4b-efced7c41568,old_only,excluded_vendor,active,ofyr-handschuhe,Ofyr,Grillzubehör
8ecedddc-ff79-4f1f-b596-ad37c0303bac,old_only,excluded_vendor,active,fermob-bellevie-sessel-fur-den-essbereich,Fermob,Gartenstühle
8ed66025-e189-4863-827b-9970dc070092,old_only,excluded_vendor,active,fermob-bellevie-2-sitzer-modul-links,Fermob,Gartensofas
8ed8538d-b608-4fed-b9d8-399fc13b5c86,old_only,excluded_vendor,active,umbrosa-paraflex-wall-round-271,Umbrosa,Sonnenschirme
8ee76cfb-bdb4-45b0-8bdc-a56165cfedaf,old_only,excluded_vendor,active,fermob-bistro-tisch-71x71cm,Fermob,Gartentische
8ef89a3e-a93d-44e5-8bf4-a028a80b4edf,old_only,excluded_vendor,active,fermob-bistro-tisch-d96,Fermob,Gartentische
8f005c0c-1ec7-435f-bce1-9aed89017c0b,old_only,excluded_vendor,active,fermob-rolltisch-guinguette,Fermob,Servierwagen
8f075126-49db-41b1-addf-75214d13ec97,old_only,excluded_vendor,active,fermob-bellevie-2-sitzer-eckmodul-links,Fermob,Gartensofas
8f1a814b-1603-4e87-bae3-5c906bea9589,old_only,excluded_vendor,active,gartentisch-ribamelle,Fermob,Gartentische
8f1d6068-262a-4852-bb7b-6a060552bcf0,old_only,excluded_vendor,active,fermob-bistro-tisch-71x71cm,Fermob,Gartentische
8f2a8e2d-12e8-4969-9b1e-1fbc7109625d,old_only,excluded_vendor,active,fermob-airloop-tisch-o-60cm,Fermob,Gartentische
8f2a8e5d-521b-4c1d-9a8f-621efe7d0833,old_only,excluded_vendor,active,brokis-deckenleuchte-memory-ceiling,Brokis,Deckenleuchten
8f2b531d-89bc-4980-ab9d-0dab9058ccc4,old_only,excluded_vendor,active,fermob-bellevie-2-sitzer-modul-rechts,Fermob,Gartensofas
8f4b37d0-eea2-47bd-8c76-041285079609,old_only,excluded_vendor,active,fermob-fusshocker-surprising,Fermob,Sessel
8f4b6402-64ef-46b2-9183-7506fd8a8d58,old_only,excluded_vendor,active,fermob-bellevie-sessel-fur-den-essbereich,Fermob,Gartenstühle
8f4e6609-7d24-4d33-b9d7-12701a90d896,old_only,excluded_vendor,active,fermob-bellevie-zusammenstellung-3b,Fermob,Gartensofas
8f4f7b53-ae59-4e58-8fb9-6bd65d14c25d,old_only,excluded_vendor,active,fermob-bellevie-zusammenstellung-2a-1,Fermob,Gartensofas
8f50a0f9-82a0-46f8-9a25-d88b73c67b67,old_only,excluded_vendor,active,wandlampe-memory-wall,Brokis,Wandleuchten
8f7668b9-2918-44a9-98db-2df02b1f7de3,old_only,excluded_vendor,active,ofyr-mise-en-place-table-pro,Ofyr,Küchen
8f76e66d-dead-4f82-856a-9fd808741e28,old_only,excluded_vendor,active,fermob-bellevie-zusammenstellung-3a,Fermob,Gartensofas
8f9149c3-1b1b-46af-acd2-3592dcda4066,old_only,excluded_vendor,active,fermob-bellevie-zusammenstellung-1a,Fermob,Gartensofas
8fad4ddf-4d3c-4302-a758-a486dcfa853c,old_only,excluded_vendor,active,gartentisch-ribamelle,Fermob,Gartentische
8faf78a4-2ff1-4246-98d7-1808cd87fa5f,old_only,excluded_vendor,active,fermob-bistro-stehtisch-71x71cm,Fermob,Bartische
8fafc8bc-9c83-4c92-bcaa-6f10cd34f76d,old_only,excluded_vendor,active,kerze-pillar-rustic-led-uyuni-sandstone-o7-8-x-10cm,Piffany,Kerzen
8fd0b743-8a16-4f66-88e6-4b7a4ce57033,old_only,excluded_vendor,active,fermob-bellevie-tisch-196x90cm,Fermob,Gartentische
8fd1d6a0-ab3a-4a84-aec5-2f9df8eaf066,old_only,excluded_product_type,active,tannenzapfen-clara,Sirius,Dekoration
8ff4784e-a3c9-4f2c-bed9-66fe80c8302f,old_only,excluded_vendor,active,gubi-grashoppa-stehleuchte,Gubi,Stehlampen
90033145-ae7c-4ded-93e7-daf6cd5dc13d,old_only,excluded_vendor,active,fermob-bebop-d80,Fermob,Beistelltische
900ce7ec-3de7-47ea-b4ce-13f1988e0bfe,old_only,excluded_vendor,active,fermob-bellevie-tisch-140x80cm,Fermob,Gartentische
900e6b3f-9079-4693-8a63-bf8c9cf3f438,old_only,excluded_vendor,active,fermob-bellevie-zusammenstellung-2a-1,Fermob,Gartensofas
900f4c64-4539-4e61-bc25-c738a814ad74,old_only,excluded_vendor,active,fermob-caractere-tisch-90x190,Fermob,Gartentische
90220440-b54f-4b2d-8fa2-8653ead12d97,old_only,excluded_vendor,active,fermob-luxembourg-bank-3-4-sitzer,Fermob,Sitzbänke
902c418c-02d7-4f54-a19a-2a1ca60a82ec,old_only,excluded_vendor,active,fermob-bellevie-sessel-fur-den-essbereich,Fermob,Gartenstühle
90339780-67e4-4a9f-946f-f9079eb2f352,old_only,excluded_vendor,active,fermob-bank-mit-ruckenlehne-bellevie,Fermob,Sitzbänke
9037c4ea-567f-4963-b3a4-0260e35191a5,old_only,excluded_vendor,active,gartentisch-craft,Fermob,Gartentische
903a7ec2-b27a-4e4f-8491-2a08133939d4,old_only,excluded_vendor,active,fermob-alize-fussteil-tiefer-sessel,Fermob,Hocker
903f8985-468d-4948-b7d0-9408a3086746,old_only,excluded_vendor,active,glasskerze-led-candle-rechargeable,Piffany,Kerzen
9059c732-2696-4628-855d-bbc889ff7807,old_only,excluded_vendor,active,fermob-bellevie-zusammenstellung-1a,Fermob,Gartensofas
90727ef7-49b1-46e6-9bf5-7b0b24c6337f,old_only,excluded_vendor,active,fermob-bellevie-2-sitzer-modul-rechts,Fermob,Gartensofas
90875fb5-43f8-4947-b872-ca07c589942c,old_only,excluded_vendor,active,fermob-luxembourg-barstuhl,Fermob,Barstühle
9091f573-d7b2-40ab-85b8-7ed75cb3b96c,old_only,excluded_vendor,active,fermob-bellevie-2-sitzer-club-sofa-mit-kissen,Fermob,Gartensofas
90a58fc3-dd76-4098-adca-ac8aba7967cc,old_only,excluded_vendor,active,fermob-lorette-runder-tisch-d110,Fermob,Beistelltische
90d54f97-c7e5-40f0-8fc5-952a7a269000,old_only,excluded_vendor,active,fermob-cocotte-basse,Fermob,Beistelltische
90e2d657-2cd4-450c-82ab-037a207743ad,old_only,excluded_vendor,active,fermob-tiefer-sessel-luxembourg,Fermob,Sessel
90f06e7b-b76d-43c3-a3d9-e8be331da07e,old_only,excluded_vendor,active,brokis-stehlampe-balloons-pc856,Brokis,Stehlampen
90f5f825-9317-45c3-8d82-76d0fb2f0755,old_only,excluded_product_type,active,cane-line-parasols-major-sonnenschirm-3x3,Cane-line,Sonnenschirme
9105031f-d55d-452f-84c1-dbb7ea8776dd,old_only,excluded_vendor,active,fermob-tisch-luxembourg,Fermob,Gartentische
9124be23-eb47-4c5c-b468-d1cd0484dcc9,old_only,excluded_vendor,active,gartentisch-petale,Fermob,Gartentische
912ecb67-14b1-4850-90af-092cc95ec006,old_only,excluded_vendor,active,fermob-bellevie-2-sitzer-eckmodul-rechts,Fermob,Gartensofas
9133bc08-8490-4674-9997-1f3cbde933cf,old_only,excluded_vendor,active,fermob-bistro-metallstuhl,Fermob,Gartenstühle
913404c6-8166-4771-8c06-8de34a613116,old_only,excluded_vendor,active,gartentisch-floreal,Fermob,Gartentische
9138aa3b-154f-4723-874d-0a99f4cbc83a,old_only,excluded_vendor,active,fermob-luxembourg-kid-stuhl,Fermob,Gartenstühle
914b4a9a-8dbf-404e-84e9-3c6b5edcc5ab,old_only,excluded_vendor,active,fermob-bellevie-zusammenstellung-3a,Fermob,Gartensofas
91553bf8-e5e4-4d5d-a9a0-e3421c5e2d7d,old_only,excluded_vendor,active,fermob-fouta-strandtuch,Fermob,Decken
91585c05-d90f-477f-8080-e1ab2b650547,old_only,excluded_vendor,active,fermob-1900-cabriolet-sessel,Fermob,Sessel
916138be-fade-45fc-a430-14e68322e492,old_only,excluded_vendor,active,fermob-bellevie-zusammenstellung-3b,Fermob,Gartensofas
9183eaf6-0edb-4465-99db-c01736eb2650,old_only,excluded_vendor,active,gartentisch-petale,Fermob,Gartentische
9187686b-fa33-4709-8513-ede726ce677c,old_only,excluded_vendor,active,extremis-hopper-picnic-hellwood-360cm,Extremis,Gartentische
9195fea5-bad5-446a-b3b5-620b1422709a,old_only,excluded_vendor,active,fermob-niedriger-tisch-bellevie,Fermob,Couchtische
91a381bf-b454-437d-891d-b3263ba622e9,old_only,excluded_vendor,active,fermob-bellevie-2-sitzer-eckmodul-rechts,Fermob,Gartensofas
91c550c5-9372-4daf-9db0-51c6bc85b3ed,old_only,excluded_vendor,active,fermob-luxembourg-tisch-mit-4-fusse-80x80,Fermob,Gartentische
91d81f0c-8429-4cd1-b19a-4ad469239297,old_only,excluded_vendor,active,storage-insert-pro,Ofyr,Holzlagerung
91d8f18c-dcff-4d4c-bacb-781189360c34,old_only,excluded_vendor,active,fermob-ios-stielvase,Fermob,Vasen
91f2824f-e8a7-48ba-9717-3562f3610ecf,old_only,excluded_vendor,active,gartentisch-opera-carronde,Fermob,Gartentische
91f33240-bb82-4a15-a39b-d4bc94eaddf0,old_only,excluded_vendor,active,fermob-bellevie-2-sitzer-modul-links,Fermob,Gartensofas
91f4d54d-c921-4459-9e58-6b3b867f9c43,old_only,excluded_vendor,active,fermob-bellevie-sessel,Fermob,Sessel
91f7bce4-3b61-4eee-a908-64c5b71d586b,old_only,excluded_vendor,active,fermob-lampe-aplo-fermob-week,Fermob,Hängeleuchten
91fdeeb3-28ec-4f9c-952b-d184e2b122fe,old_only,excluded_vendor,active,gartentisch-ribamelle,Fermob,Gartentische
9206cbc0-855e-429c-930c-87b418fe6ee9,old_only,excluded_vendor,active,fermob-bistro-stehtisch-71x71cm,Fermob,Bartische
9209a389-8ad1-4eb5-b798-2abf5344ed05,old_only,excluded_vendor,active,gartentisch-romane,Fermob,Gartentische
92111c9f-851d-4fe0-a455-2c92ca29eccb,old_only,excluded_vendor,active,fermob-bellevie-zusammenstellung-3b,Fermob,Gartensofas
92296987-9128-4b6f-9e54-a81e32016330,old_only,excluded_vendor,active,fermob-bellevie-halbhoher-tisch-74x80cm,Fermob,Gartentische
922c8381-ff15-49eb-8489-0f7113511b7f,old_only,excluded_vendor,active,gartentisch-ribamelle,Fermob,Gartentische
924e006c-c4c4-4796-a2b5-d79c4e928560,old_only,excluded_vendor,active,fermob-luxembourg-bridge-barstuhl,Fermob,Barstühle
924e0abe-ab24-4850-b85b-8ed36fdd4ebc,old_only,excluded_vendor,active,fermob-caractere-tisch-128x128cm,Fermob,Gartentische
92520abc-8adc-4b2a-a0a2-a7294f79bd96,old_only,excluded_vendor,active,fermob-bellevie-zusammenstellung-1a,Fermob,Gartensofas
92579b71-6ced-47ef-9360-cf59c4f71992,old_only,excluded_vendor,active,fermob-gartensofa-bellevie-2-sitzer,Fermob,Gartensofas
9264d713-9dbf-42de-8c61-401bf9a62122,old_only,excluded_product_type,active,ethnicraft-tablett-second-nature-rund,Ethnicraft,Accessoires
9273688f-1d5b-414a-bc4d-e315ff000b73,old_only,excluded_vendor,active,umbrosa-sonnenschirm-spectra,Umbrosa,Sonnenschirme
9277751c-1c24-4493-8142-3c8e3ff8c577,old_only,excluded_vendor,active,fermob-surprising-tiefer-sessel,Fermob,Sessel
9289c39f-07b8-46cc-b517-f5fbc7b2fd5c,old_only,excluded_vendor,active,extremis-gartentisch-pantagruel,Extremis,Gartentische
929552f7-4f95-4a5f-b5f9-19dd07a6730e,old_only,excluded_vendor,active,fermob-bellevie-2-sitzer-eckmodul-rechts,Fermob,Gartensofas
929cac8c-1b81-418e-b497-dbca9979e005,old_only,excluded_vendor,active,fermob-bellevie-zusammenstellung-1a,Fermob,Gartensofas
92a60704-f409-4bb9-93a2-224ea3a64f70,old_only,excluded_vendor,active,fermob-bellevie-zusammenstellung-1a,Fermob,Gartensofas
92acaa5f-2614-4bb1-8d76-53a9d846bdf0,old_only,excluded_vendor,active,brokis-stehlampe-ballons-pc857,Brokis,Stehlampen
92bc7614-1bb7-44f6-a99c-d5563ef39da0,old_only,excluded_vendor,active,umbrosa-sonnenschirm-spectra-straight,Umbrosa,Sonnenschirme
92bce0be-e12b-40c0-9fb3-8d522883db43,old_only,excluded_vendor,active,gartentisch-calvi-140x140,Fermob,Gartentische
92d8894a-4ebc-4095-b825-fa4de6efc198,old_only,excluded_vendor,active,fermob-bellevie-zusammenstellung-2b,Fermob,Gartensofas
92d93159-08ff-4ead-8d2c-81ac76aac84c,old_only,excluded_vendor,active,fermob-calvi-tisch-160-x-80-cm,Fermob,Gartentische
92e9dc9e-08ab-452e-b0ee-5010412bcc4e,old_only,excluded_vendor,active,brokis-stehlampe-ballons-pc858,Brokis,Stehlampen
92ea9bd1-7237-4557-8619-050ac31bb384,old_only,excluded_vendor,active,fermob-calvi-tisch-140-x-140-cm,Fermob,Gartentische
92ef59a0-068b-452e-b410-61d3d029a5f5,old_only,excluded_vendor,active,kerze-pillar-rustic-led-uyuni-sandstone-o7-8-x-15cm,Piffany,Kerzen
92f32a37-3464-495b-b328-33356da15a9d,old_only,excluded_vendor,active,fermob-bellevie-1-sitzer-modul-links,Fermob,Gartensofas
92f34c6a-884c-4773-9ace-a40218218081,old_only,excluded_vendor,active,fermob-bellevie-2-sitzer-modul-mitte,Fermob,Gartensofas
92f6df4e-a9a2-4a3a-b30d-15060f4cbf34,old_only,excluded_vendor,active,extremis-gartentisch-hopper-picnic-aa,Extremis,Gartentische
93017f25-e61a-48eb-a974-93652b03cf4c,old_only,excluded_vendor,active,fermob-bellevie-zusammenstellung-2b,Fermob,Gartensofas
9312c431-0b9b-481b-8f80-a8139dbf2dc2,old_only,excluded_vendor,active,brokis-stehlampe-ballons-pc857,Brokis,Stehlampen
93184bba-a526-41cf-b65f-1391cf62a437,old_only,excluded_vendor,active,fermob-bistro-tisch-75x57,Fermob,Gartentische
931e36f7-e6e1-424d-a37a-b1044fb6fa7f,old_only,excluded_vendor,active,ofyr-grill-island,Ofyr,Grills
93364ddc-49f4-458e-b2b8-1afd49fb65e6,old_only,excluded_vendor,active,fermob-tisch-luxembourg,Fermob,Gartentische
934390f3-ca2b-49b6-ab12-c4f47340a8a4,old_only,excluded_vendor,active,fermob-bellevie-2-sitzer-modul-rechts,Fermob,Gartensofas
935e430f-89a8-4d49-8b2c-234e283ec74d,old_only,excluded_vendor,active,fermob-bellevie-zusammenstellung-3a,Fermob,Gartensofas
93674fe5-d9b4-49ee-86a6-76a9c8545859,old_only,excluded_vendor,active,schaukelstuhl-surprising,Fermob,Sessel
936ffa10-4742-4ebe-bba5-45e17e5f37b1,old_only,excluded_vendor,active,extremis-gartentisch-pantagruel,Extremis,Gartentische
93898c6c-6479-48e3-a842-baa963a9370a,old_only,excluded_vendor,active,fermob-bellevie-1-sitzer-modul-links,Fermob,Gartensofas
93a49992-0907-4f34-aa44-7796f48b6a54,old_only,excluded_vendor,active,fermob-1900-stuhl,Fermob,Gartenstühle
93ba1119-2b69-428e-9cea-ec23b8cbfa61,old_only,excluded_vendor,active,fermob-bellevie-zusammenstellung-2a-1,Fermob,Gartensofas
93bbbb73-e933-4416-a82d-06d2138bb7a3,old_only,excluded_product_type,active,tribu-eclipse-quadratischer-lyptusholz-sonnenschirm,Tribù,Sonnenschirme
93cb32e2-38df-4a9f-815d-5ddc02fc512f,old_only,excluded_vendor,active,fermob-bellevie-2-sitzer-club-sofa-mit-kissen,Fermob,Gartensofas
93d2b98d-a6a5-4668-8d0f-2ba64e2899f8,old_only,excluded_vendor,active,gartentisch-petale-kopie,Fermob,Gartentische
93de99ca-6471-4a0d-94c9-c5fa62d4bfa5,old_only,excluded_vendor,active,fermob-bellevie-2-sitzer-modul-rechts,Fermob,Gartensofas
93f0431e-1e67-4819-a909-5ab2f6cb0f36,old_only,excluded_vendor,active,gartentisch-petale-kopie,Fermob,Gartentische
93f9fa94-8c21-4bce-af59-b57ff3bd64a7,old_only,excluded_vendor,active,wandlampe-memory-wall,Brokis,Wandleuchten
93fb1bac-3cb5-4fa5-9ee9-826ef985bb43,old_only,excluded_vendor,active,fermob-bellevie-sessel,Fermob,Sessel
93feed65-c958-4ef3-9053-7185dc95f1b9,old_only,excluded_vendor,active,gartentisch-flower-kopie,Fermob,Gartentische
94099f59-11b1-4b22-9f7c-a28fbd3746d9,old_only,excluded_vendor,active,fermob-bellevie-sessel,Fermob,Sessel
94176394-d043-4a35-a3ad-d174380bef66,old_only,excluded_vendor,active,fermob-tisch-bellevie,Fermob,Gartentische
9429bf05-bae4-40e7-9b88-e6b0fc98ef61,old_only,excluded_vendor,active,fermob-bellevie-zusammenstellung-2a-1,Fermob,Gartensofas
9439e32e-d091-4d4a-85bd-ca8d8a107e5c,old_only,excluded_vendor,active,ofyr-grill-island-pro,Ofyr,Grills
9450b15a-4348-4e4c-9c35-f3bc9f5fd5aa,old_only,excluded_vendor,active,brokis-deckenleuchte-memory-ceiling,Brokis,Deckenleuchten
945cc50d-df46-4045-9d87-1687eecab2dc,old_only,excluded_vendor,active,fermob-sitzbank-luxembourg-kompakt,Fermob,Sitzbänke
947153bf-12a7-4fad-8dca-b1b1bc7adcf7,old_only,excluded_vendor,active,mini-wattson-original-table-lamp,Piffany,Tischlampen
9471bfd2-1d62-4960-8385-a39e761f660c,old_only,excluded_vendor,active,fermob-bellevie-2-sitzer-club-sofa-mit-kissen,Fermob,Gartensofas
94750f40-9b8c-4fbb-9878-30fae7bcb725,old_only,excluded_vendor,active,fermob-luxembourg-lounge-stuhl,Fermob,Sessel
94797977-e06c-4346-aeac-acfc2c15f6bb,old_only,excluded_product_type,active,natures-collection-man-slipper-double-face-sheepskin,Natures Collection,Dekoration
947ee610-5c8d-4def-9ed2-3e1276710274,old_only,excluded_vendor,active,fermob-2-3-sitzer-bank-mit-ruckenlehne-luxembourg,Fermob,Sitzbänke
94872ea1-c655-4185-a549-5ebf63736512,old_only,excluded_vendor,active,extremis-gartentisch-pantagruel,Extremis,Gartentische
94a04d83-e3ce-4afb-bae3-98b29164c596,old_only,excluded_vendor,active,fermob-airloop-tisch-o-60cm,Fermob,Gartentische
94b57811-d659-45ff-85f0-fb75ee6d37a3,old_only,excluded_vendor,active,umbrosa-sonnenschirm-spectra,Umbrosa,Sonnenschirme
94b9e8cf-9e2d-448c-9c74-0e08a81ce2a7,old_only,excluded_vendor,active,fermob-bellevie-3-sitzer,Fermob,Gartensofas
94c2459a-8531-43e0-b293-c2ecc2413108,old_only,excluded_vendor,active,fermob-bellevie-zusammenstellung-2b,Fermob,Gartensofas
94c41b9d-8232-4ac6-8270-4967410afad4,old_only,excluded_vendor,active,fermob-bellevie-zusammenstellung-3a,Fermob,Gartensofas
94c583ad-001a-44d0-a844-eb3cde1c4ae1,old_only,excluded_product_type,active,sonnenschirm-sama,Sora,Sonnenschirme
94ce84d6-9e7f-4c44-a7c3-01be23a52921,old_only,excluded_vendor,active,fermob-kleiner-niedriger-bestelltisch,Fermob,Beistelltische
94d2c1ad-0ebf-4717-be05-bd635f059132,old_only,excluded_vendor,active,fermob-bellevie-hoher-tisch-74x80cm,Fermob,Bartische
94e1086f-a2a8-43b7-a17e-cdd17ed2a92e,old_only,excluded_product_type,active,kopie-von-vincent-sheppard-tika-laterne-auf-metallgestell-camel,Vincent Sheppard,Laternen
94e2ce9b-d701-4e97-b52d-cce664e62616,old_only,excluded_vendor,active,fermob-bellevie-1-sitzer-modul-rechts,Fermob,Gartensofas
94e56d66-4d59-4379-b935-4fd44426b837,old_only,excluded_vendor,active,fermob-bellevie-2-sitzer-modul-mitte,Fermob,Gartensofas
94eb6f78-849b-491c-8d1a-4097977f951d,old_only,excluded_vendor,active,fermob-bellevie-zusammenstellung-3b,Fermob,Gartensofas
95069d0d-9cdb-4d37-a219-eff29479bcea,old_only,excluded_product_type,active,ethnicraft-pi-wandhaken,Ethnicraft,Kleiderhaken
95079d83-cbf9-4279-8e64-2d062896ce57,old_only,excluded_vendor,active,fermob-bellevie-1-sitzer-polsterhocker,Fermob,Hocker
950aef0b-5829-405c-aa09-95bf092771d1,old_only,excluded_vendor,active,fermob-bellevie-sessel-fur-den-essbereich,Fermob,Gartenstühle
952a9965-3188-4e60-ab35-d3bd61551621,old_only,excluded_vendor,active,fermob-1900-bank,Fermob,Sitzbänke
95479a8c-c8c1-4b11-a700-d23157305905,old_only,excluded_vendor,active,fermob-bistro-stehtisch-71x71cm,Fermob,Bartische
955f3b4b-dac5-4e90-9cd3-c4cbf5caca9f,old_only,excluded_vendor,active,fermob-bistrotisch-d117,Fermob,Gartentische
956995ed-6554-46bb-b634-2988135dfaa9,old_only,excluded_vendor,active,gartentisch-petale,Fermob,Gartentische
95810181-71a2-4f59-97c3-e5766dac5664,old_only,excluded_vendor,active,fermob-bistro-tisch-d77,Fermob,Gartentische
9581098b-3e8e-4cea-b88d-4705d09ec5dd,old_only,excluded_vendor,active,gartentisch-romane-rund,Fermob,Gartentische
95a93ee8-6d70-40ba-9bcd-e8bca8816150,old_only,excluded_vendor,active,brokis-stehlampe-balloons-pc856,Brokis,Stehlampen
95b5636d-3168-4f5c-955f-8f6d148984dc,old_only,excluded_vendor,active,fermob-lorette-runder-tisch-d110,Fermob,Beistelltische
95e15b23-87ac-4b00-956d-13ca465e7034,old_only,excluded_product_type,active,manutti-flex-konzept-8-schutzhulle,Manutti,Abdeckungen
95e542aa-e2a6-47fe-8049-b41ebdcafe27,old_only,excluded_vendor,active,fermob-bellevie-2-sitzer-club-sofa-mit-kissen,Fermob,Gartensofas
95e6b7f3-e9e7-462c-a7f7-fc8f9d2c0e5b,old_only,excluded_vendor,active,fermob-bistro-tisch-75x57,Fermob,Gartentische
95ef880f-578a-4560-88a2-523552d8aefc,old_only,excluded_vendor,active,fermob-bellevie-sessel,Fermob,Sessel
95f07216-9750-43b6-930a-9f2431fd7070,old_only,excluded_vendor,active,fermob-luxembourg-tisch-165x100cm,Fermob,Gartentische
95f7d9b2-4eb9-4c8f-b519-b9a469c77548,old_only,excluded_vendor,active,fermob-bistro-tisch-117x117cm,Fermob,Gartentische
95fa5756-b19a-4887-8515-c2d8cf90e19a,old_only,excluded_vendor,active,fermob-lorette-ovaler-tisch-160x90,Fermob,Gartentische
960364d1-8fc5-4f15-b4ad-af93caf99575,old_only,excluded_vendor,active,fermob-luxembourg-doppelter-sessel,Fermob,Sessel
96037d22-a817-48b1-afd6-2e03ce5a47af,old_only,excluded_vendor,active,gubi-stemlite-tischlampe,Gubi,Tischlampen
9605e051-85a6-434b-8050-0b8a76875f61,old_only,excluded_product_type,active,ethnicraft-abdeckung-monocle-modul,Ethnicraft,Abdeckungen
9610a9ae-cafb-4b12-837c-93ae78d3cbaf,old_only,excluded_vendor,active,fermob-1900-tisch-d117,Fermob,Gartentische
961b7fda-bdda-4f67-979d-afbd7c47af5d,old_only,excluded_vendor,active,gartentisch-craft-kopie,Fermob,Gartentische
961bb9f4-15d6-4b1e-ae5f-574fc1e00117,old_only,excluded_vendor,active,fermob-bank-mit-ruckenlehne-bellevie,Fermob,Sitzbänke
961fce1a-0079-4809-8555-d38f52018fca,old_only,excluded_vendor,active,fermob-bellevie-zusammenstellung-1b,Fermob,Gartensofas
962c84fe-6959-436f-a122-ab5262050307,old_only,excluded_vendor,active,fermob-bellevie-stuhl-v2,Fermob,Gartenstühle
96444efb-460a-4d14-b2b9-cfb7c9795df9,old_only,excluded_vendor,active,fermob-cocotte-basse,Fermob,Beistelltische
96632a12-318f-4385-936a-bff0fd761e7f,old_only,excluded_vendor,active,fermob-1900-cabriolet-sessel,Fermob,Sessel
9691553f-8427-470f-8a9c-ebf771f659c3,old_only,excluded_vendor,active,fermob-tisch-luxembourg,Fermob,Gartentische
96920d74-da6b-4ed1-b854-648a56c9afdb,old_only,excluded_vendor,active,fermob-bellevie-zusammenstellung-2b,Fermob,Gartensofas
9693ffed-22f0-4491-81c8-058838672e3d,old_only,excluded_vendor,active,fermob-bistro-metallstuhl,Fermob,Gartenstühle
96ab718c-9932-4df0-aed9-b047c36c73b1,old_only,excluded_vendor,active,gartentisch-ribamelle,Fermob,Gartentische
96be862c-fea6-43d4-9740-5240d6e01de4,old_only,excluded_vendor,active,gartentisch-romane,Fermob,Gartentische
96d395cc-64f5-4e51-94bb-e341ed931f64,old_only,excluded_vendor,active,fermob-bellevie-tisch-140x80cm,Fermob,Gartentische
96ea058b-11aa-43e0-97f8-4b10cd764f1a,old_only,excluded_vendor,active,fermob-bellevie-3-sitzer,Fermob,Gartensofas
97162b93-068c-4d7b-9fc3-46683f25535a,old_only,excluded_vendor,active,brokis-stehlampe-balloons-pc856,Brokis,Stehlampen
971816b1-fa22-4520-9c47-87f391c38015,old_only,excluded_vendor,active,fermob-bellevie-1-sitzer-modul-rechts,Fermob,Gartensofas
971b19c8-0acc-4955-9773-e9beda34b279,old_only,excluded_vendor,active,fermob-bellevie-zusammenstellung-2b,Fermob,Gartensofas
973d4d12-6ffb-4410-9e74-2f619019be60,old_only,excluded_vendor,active,fermob-luxembourg-kid-tisch-76x55cm,Fermob,Gartentische
973ff1a1-434a-4f6f-a35e-bf9abd1f5c80,old_only,excluded_vendor,active,fermob-luxembourg-tisch-143x80,Fermob,Gartentische
975194ef-7270-47b3-949d-a859006576f3,old_only,excluded_vendor,active,fermob-beleuchteter-hocker-inoui-h44,Fermob,Hocker
97633082-b603-4696-98ee-dc0d093adfd3,old_only,excluded_vendor,active,fermob-bellevie-zusammenstellung-2a-1,Fermob,Gartensofas
97697cbd-0d53-4aeb-8616-c3bd47f0019e,old_only,excluded_vendor,active,fermob-1900-cabriolet-sessel,Fermob,Sessel
9773a296-0997-4a2e-a193-795256172611,old_only,excluded_vendor,active,fermob-lorette-bridge,Fermob,Gartenstühle
9788f1b4-4ee0-46d3-8ccc-2d89eb702252,old_only,excluded_vendor,active,fermob-bellevie-3-sitzer-club-sofa-mit-kissen,Fermob,Gartensofas
97963259-365e-473e-b01d-3f5f64ddf462,old_only,excluded_vendor,active,fermob-bellevie-1-sitzer-modul-mitte,Fermob,Gartensofas
97a230ba-b81b-47aa-a5f5-c10f54ede146,old_only,excluded_product_type,active,kywie-champagne-cooler-silver-sparkle,Kywie,Tischaccessoires
97a2b054-0407-4d28-b8cb-8598d5a4649b,old_only,excluded_vendor,active,kerze-pillar-rustic-led-uyuni-curry-yellow-o7-8-x-15-2cm,Piffany,Kerzen
97a95c6e-6f8f-4e76-9581-845f006dde40,old_only,excluded_vendor,active,fermob-luxembourg-kid-tisch-76x55cm,Fermob,Gartentische
97c05871-3309-47de-bf29-cd1c27a523c4,old_only,excluded_product_type,active,ethnicraft-tablett-second-nature-quadratisch,Ethnicraft,Accessoires
97cf773d-427d-487d-9aa7-3669e55a3206,old_only,excluded_vendor,active,fermob-bebop-d80,Fermob,Beistelltische
97d0e4db-c2e2-4d7b-8af8-7578b3f1579c,old_only,excluded_product_type,active,cane-line-parasols-hyde-luxe-hanging-sonnenschirm-3x4-1,Cane-line,Sonnenschirme
97ef80ab-28c1-4d2f-916c-a3f71ad6e2c8,old_only,excluded_product_type,active,tribu-eclipse-runder-lyptusholz-sonnenschirm,Tribù,Sonnenschirme
98074e24-ac01-49af-9f93-cd53a1ab8cf6,old_only,excluded_vendor,active,extremis-hopper-picnic-hellwood-300cm,Extremis,Gartentische
9807b980-7bb5-4fd5-b4b6-5599793acd93,old_only,excluded_vendor,active,fermob-cadiz-tiefer-sessel,Fermob,Sessel
981a1753-c00c-450b-acaf-e64e2c8d3777,old_only,excluded_vendor,active,umbrosa-spectra-straight-alu,Umbrosa,Sonnenschirme
981bd59e-6dd3-4c2d-b694-48cecb8c5678,old_only,excluded_vendor,active,fermob-bistro-metallstuhl,Fermob,Gartenstühle
982198dc-1527-488c-bc25-96d5e0a7c4c6,old_only,excluded_vendor,active,fermob-bellevie-3-sitzer,Fermob,Gartensofas
9835d122-9dd8-4a96-a535-b62c581ec46b,old_only,excluded_vendor,active,gartentisch-romane,Fermob,Gartentische
983e9dca-30e2-4be4-8821-7544361e6214,old_only,excluded_vendor,active,umbrosa-sonnenschirm-spectra-straight,Umbrosa,Sonnenschirme
984b2269-2493-44e0-8fa6-578fd56ff28a,old_only,excluded_vendor,active,fermob-bellevie-2-sitzer-modul-mitte,Fermob,Gartensofas
985faae0-cc95-4bd4-b120-7f2da4e780c3,old_only,excluded_vendor,active,fermob-lederstuhl-bistro,Fermob,Stühle
986198d8-b995-4bc4-b501-ab88904868be,old_only,excluded_vendor,active,gartentisch-petale-kopie,Fermob,Gartentische
9865a4ff-5b89-4a3b-b4c3-548ba1e7aa12,old_only,excluded_vendor,active,fermob-basket-blumenkasten-hoch,Fermob,Topf
9866b093-e23b-484c-8918-b7ed7880f965,old_only,excluded_vendor,active,fermob-bellevie-3-sitzer-club-sofa-mit-kissen,Fermob,Gartensofas
98814a7c-b794-42b6-90e0-789536acb79b,old_only,excluded_vendor,active,fermob-bellevie-halbhoher-tisch-74x80cm,Fermob,Gartentische
98984133-4e9a-4bf7-92c2-0096e4a7f1d2,old_only,excluded_vendor,active,fermob-bellevie-zusammenstellung-3b,Fermob,Gartensofas
989dcfc1-1982-4377-a221-b6e860779d2a,old_only,excluded_vendor,active,gartentisch-flower-kopie,Fermob,Gartentische
98ad26f6-c70b-4c74-8fd9-657142c233d9,old_only,excluded_vendor,active,fermob-1900-cabriolet-sessel,Fermob,Sessel
98b2230a-ff1a-4ec8-ace5-fa1e1675851a,old_only,excluded_vendor,active,glasskerze-led-candle-rechargeable,Piffany,Kerzen
98b70c98-8fe6-42e9-96f7-e8c15f3c22a0,old_only,excluded_vendor,active,fermob-bellevie-zusammenstellung-3a,Fermob,Gartensofas
98bd70ed-d69a-4033-9502-1e6fe19773f7,old_only,excluded_vendor,active,gartentisch-floreal,Fermob,Gartentische
98da2eae-a65c-46a6-921b-762133dbd48c,old_only,excluded_vendor,active,fermob-caractere-tisch-128x128cm,Fermob,Gartentische
98e2d3f5-d79c-4008-a572-ab03a79fe48c,old_only,excluded_product_type,active,glowbus-growdrop-m,Glowbus,Kerzen
98ecc0c3-d39b-4b0d-a287-6040c0fa2c0c,old_only,excluded_vendor,active,fermob-luxembourg-tisch-mit-4-fusse-80x80,Fermob,Gartentische
99038a3e-fc42-4a2f-9a0d-e9460119a2fd,old_only,excluded_vendor,active,gartentisch-floreal,Fermob,Gartentische
9914b4ce-6e13-4280-8b1f-e55a50d681a1,old_only,excluded_vendor,active,fermob-bellevie-2-sitzer-modul-mitte,Fermob,Gartensofas
99193181-a020-44dd-a857-655680972527,old_only,excluded_vendor,active,fermob-sitzbank-luxembourg-kompakt,Fermob,Sitzbänke
99234854-c16e-409b-a938-229c58b9a4f3,old_only,excluded_vendor,active,brokis-stehlampe-ballons-pc857,Brokis,Stehlampen
9928423d-aeba-4365-b4c0-41e43e6aa4fc,old_only,excluded_vendor,active,fermob-1900-bank,Fermob,Sitzbänke
992a96bf-f796-49f7-a3a4-37bed6c2c532,old_only,excluded_vendor,active,fermob-bridge-luxembourg,Fermob,Gartenstühle
992bd983-f743-4843-a859-e0f366d28065,old_only,excluded_vendor,active,gubi-hangelampe-turbo-pendant,Gubi,Hängeleuchten
992d904d-d7ed-46fe-bddf-e08c1e39116d,old_only,excluded_vendor,active,lampe-bonbori-outdoor,Brokis,Stehlampen
9932c77b-4440-4147-a496-a30fd9ceae0f,old_only,excluded_vendor,active,umbrosa-sonnenschirm-spectra-straight,Umbrosa,Sonnenschirme
993ab94f-e246-4d63-a8f7-562241b145bf,old_only,excluded_vendor,active,fermob-bistro-tisch-117x117cm,Fermob,Gartentische
99440e51-c254-4a10-b433-67529e664f11,old_only,excluded_vendor,active,brokis-deckenleuchte-memory-ceiling,Brokis,Deckenleuchten
99445471-dbfd-4f73-9966-c9cc259960c7,old_only,excluded_vendor,active,gartentisch-opera-oval,Fermob,Gartentische
995cbbfb-00d7-4f68-9abd-87109e21d1a4,old_only,excluded_vendor,active,fermob-bellevie-2-sitzer-modul-rechts,Fermob,Gartensofas
99644d13-a8b9-474e-9d56-e325a024139d,old_only,excluded_vendor,active,fermob-bellevie-sessel,Fermob,Sessel
997737cd-f6c3-461e-802b-ee0b3be98292,old_only,excluded_vendor,active,fermob-1900-cabriolet-sessel,Fermob,Sessel
99910c71-6b6e-4daa-be4d-53fd0c1f6681,old_only,excluded_vendor,active,fermob-outdoordkissen-color-mix-68x44cm,Fermob,Sitzkissen
99a48919-b897-4b2d-b6dc-d1aa8a1a0be7,old_only,excluded_vendor,active,gartentisch-floreal,Fermob,Gartentische
99a57062-4e75-4e30-a44d-497e0d317297,old_only,excluded_product_type,active,kywie-wine-cooler-green-suede,Kywie,Tischaccessoires
99aad0f9-de6b-4f2b-84af-84f9920b81fd,old_only,excluded_vendor,active,fermob-tisch-luxembourg,Fermob,Gartentische
99ad34dd-cf17-4255-9ee0-b0a87a2ae4d5,old_only,excluded_vendor,active,gubi-esstischstuhl-beetle-gepolstert,Gubi,Stühle
99b72c4c-9d67-415e-83b7-a1447b1664c3,old_only,excluded_vendor,active,fermob-tisch-luxembourg,Fermob,Gartentische
99c51969-220d-408f-a7c0-52fb4020616b,old_only,excluded_vendor,active,fermob-niedriger-tisch-bellevie,Fermob,Couchtische
99cc66d0-64f8-4a82-b296-a2e0da1e6415,old_only,excluded_vendor,active,fermob-rollende-bar-luxembourg,Fermob,Servierwagen
99d3086c-bca3-4ea9-b2ed-7cc54064c9ca,old_only,excluded_vendor,active,fermob-bistro-tisch-71x71cm,Fermob,Gartentische
99e51e6e-f384-427c-94ea-7c69bcfff2aa,old_only,excluded_vendor,active,gartentisch-petale,Fermob,Gartentische
99f3b76c-5ad2-404e-9d43-9be6c640d89f,old_only,excluded_vendor,active,fermob-luxembourg-niedriger-tisch-mit-rollen,Fermob,Couchtische
9a007402-e2c0-4718-86c1-871dcd5c2e95,old_only,excluded_vendor,active,fermob-gartensofa-bellevie-2-sitzer,Fermob,Gartensofas
9a0dd139-d485-4185-8017-9de5cbc7282f,old_only,excluded_vendor,active,fermob-bellevie-2-sitzer-modul-rechts,Fermob,Gartensofas
9a161056-dba1-461d-842a-0db799581d15,old_only,excluded_vendor,active,fermob-luxembourg-tisch-80x80cm,Fermob,Gartentische
9a22839f-d79c-4943-aa25-1ac38bfb59fb,old_only,excluded_vendor,active,umbrosa-sonnenschirm-spectra-straight,Umbrosa,Sonnenschirme
9a291f8d-f77f-4401-baee-7b27105751dc,old_only,excluded_vendor,active,fermob-bistro-tisch-d96,Fermob,Gartentische
9a30f82b-36df-47d8-94a5-3ed129392394,old_only,excluded_vendor,active,fermob-lorette-armlehnstuhl-problem-fauteuil-und-bridge,Fermob,Sitzbänke
9a5274c8-565b-417a-86ca-5eef18e72fea,old_only,excluded_vendor,active,kerze-pillar-smooth-led-uyuni-ivory-o10-1-x-15cm,Piffany,Kerzen
9a6c65d3-558b-4cc8-a77b-68265dc73cfb,old_only,excluded_product_type,active,cane-line-parasols-sunshade-sonnenschirm-antrazit,Cane-line,Sonnenschirme
9a75952d-adbf-42c7-88ad-00137064dee3,old_only,excluded_vendor,active,fermob-bellevie-zusammenstellung-1b,Fermob,Gartensofas
9a815866-9680-4dae-8ca1-5d87433afe37,old_only,excluded_vendor,active,gartenstuhl-studie,Fermob,Gartenstühle
9a932396-f594-4ed4-b7a4-65f082b90ae0,old_only,excluded_vendor,active,umbrosa-sonnenschirm-spectra-straight,Umbrosa,Sonnenschirme
9aae7578-9da7-41ba-b13c-84f4bec31a0e,old_only,excluded_vendor,active,gartentisch-costa-ausziehbar,Fermob,Gartentische
9ab8e879-9a4e-43c9-bde7-064e06993828,old_only,excluded_vendor,active,ofyr-soft-cover,Ofyr,Grillzubehör
9ac1af5c-0fd4-4e95-9ab3-6ccc85058234,old_only,excluded_vendor,active,fermob-bellevie-zusammenstellung-3b,Fermob,Gartensofas
9ac88732-1c5f-433e-9f26-6367be9a59a3,old_only,excluded_vendor,active,fermob-balad-lampe-h25,Fermob,Tischlampen
9acdf535-9012-485b-bec2-c8a27cfb1e58,old_only,excluded_vendor,active,brokis-stehlampe-ballons-pc857,Brokis,Stehlampen
9ad2c2e8-8a23-43f6-a26b-b12bf8e4d8bd,old_only,excluded_vendor,active,schaukelstuhl-surprising,Fermob,Sessel
9ad3ffa1-3a1b-4f56-b924-e82ea68e5e40,old_only,excluded_vendor,active,fermob-tisch-bellevie,Fermob,Gartentische
9af0268b-8653-46d1-bf40-5ae6c6aea171,old_only,excluded_vendor,active,piffany-uyuni-lighting-c-batteries,Piffany,Accessoires
9afb89a3-4130-4adf-b17d-585352f3fb42,old_only,excluded_vendor,active,fermob-bebop-niedriger-tisch-120-x-70-x-29cm,Fermob,Beistelltische
9b02f86f-56c9-4c8d-94d9-34f1d7011778,old_only,excluded_vendor,active,fermob-bank-louisiana-150cm,Fermob,Sitzbänke
9b10e6c7-a7d1-43a1-9ec2-83252a64af10,old_only,excluded_vendor,active,fermob-bistro-tisch-d77,Fermob,Gartentische
9b22b8bb-ad29-4d68-acf7-a05ba7dea0c6,old_only,excluded_product_type,active,tribu-schutzhullen,Tribù,Abdeckungen
9b268dc4-1bc4-44c9-9d0c-f84ee90fb2a2,old_only,excluded_vendor,active,fermob-lorette-armlehnstuhl-problem-fauteuil-und-bridge,Fermob,Sitzbänke
9b2a9610-b1f6-44af-a81e-c56e7adde582,old_only,excluded_vendor,active,fermob-luxembourg-tisch-143x80,Fermob,Gartentische
9b33d4b6-6170-4cd6-a8d6-0b50b7592356,old_only,excluded_product_type,active,manutti-schutzhulle-mood-beistelltisch-42,Manutti,Abdeckungen
9b38cec2-4486-4db0-ad79-4ea4bd9aa09d,old_only,excluded_vendor,active,umbrosa-spectra-straight-alu,Umbrosa,Sonnenschirme
9b46f396-ee25-4d2f-b3e4-69b2cdb47181,old_only,excluded_vendor,active,fermob-bellevie-2-sitzer-club-sofa-mit-kissen,Fermob,Gartensofas
9b4a6efe-8c3d-4553-9a5e-35da309006b4,old_only,excluded_vendor,active,umbrosa-sonnenschirm-spectra-straight,Umbrosa,Sonnenschirme
9b4dd184-20ec-4989-ad58-ac2a9900afae,old_only,excluded_vendor,active,fermob-bistro-tisch-d60,Fermob,Gartentische
9b51a40f-0832-4ad5-8d81-44396d06c6c6,old_only,excluded_vendor,active,gartentisch-floreal,Fermob,Gartentische
9b5760ea-0f31-495a-8469-8a79026fbade,old_only,excluded_vendor,active,fermob-rollende-bar-luxembourg,Fermob,Servierwagen
9b5ee180-58c1-445e-b0ab-12c6e7e2b136,old_only,excluded_vendor,active,fermob-bellevie-1-sitzer-modul-mitte,Fermob,Gartensofas
9b658c03-2d26-43c2-8557-99e7f67e664a,old_only,excluded_vendor,active,fermob-bellevie-2-sitzer-eckmodul-rechts,Fermob,Gartensofas
9b6dbe3c-36a1-45b7-88f6-544b6ecebe86,old_only,excluded_vendor,active,fermob-bellevie-1-sitzer-modul-mitte,Fermob,Gartensofas
9b71311d-3cba-4a8f-957e-47dfe141edf5,old_only,excluded_vendor,active,mini-wattson-original-table-lamp,Piffany,Tischlampen
9b8a17fc-9ce6-4ef3-a414-a2979b7c897d,old_only,excluded_vendor,active,fermob-bistro-tisch-d60,Fermob,Gartentische
9b96de79-50a1-4a5b-86bc-54407ce46cc3,old_only,excluded_vendor,active,fermob-bellevie-2-sitzer-polsterhocker,Fermob,Sitzbänke
9b9968f9-8143-42b6-843f-c13033cd8166,old_only,excluded_vendor,active,gartentisch-floreal,Fermob,Gartentische
9bb3fc7c-b7f0-4626-9c16-f55aa07deebe,old_only,excluded_vendor,active,gartentisch-ribamelle,Fermob,Gartentische
9bb4740f-1906-4c35-bf73-fe0f0c48adf7,old_only,excluded_vendor,active,fermob-bellevie-sessel-fur-den-essbereich,Fermob,Gartenstühle
9bd522b6-eef8-4ce0-a445-018fd6051ea9,old_only,excluded_product_type,active,ethnicraft-objects-striped-schussel-mahagoni,Ethnicraft,Accessoires
9be45b81-eb29-4225-a4bd-bc5231f6326f,old_only,excluded_vendor,active,umbrosa-sonnenschirm-spectra-straight,Umbrosa,Sonnenschirme
9c007d91-f905-4c78-aca5-4fddaed4233c,old_only,excluded_vendor,active,fermob-luxembourg-niedriger-doppelter-tisch,Fermob,Couchtische
9c3d3607-013b-4dcd-ae18-12f6dd9bb17e,old_only,excluded_vendor,active,fermob-bellevie-2-sitzer-modul-links,Fermob,Gartensofas
9c3e379c-256c-4559-a96b-c1e75de276a0,old_only,excluded_vendor,active,umbrosa-spectra-straight-alu,Umbrosa,Sonnenschirme
9c3e7735-039e-4d73-b7f0-4b0fe37efe90,old_only,excluded_vendor,active,fermob-bellevie-1-sitzer-modul-rechts,Fermob,Gartensofas
9c504acb-9d7b-4217-9285-ef4ddf546e37,old_only,excluded_vendor,active,fermob-stuhl-luxembourg,Fermob,Gartenstühle
9c567587-4e65-4dff-a38a-85d9d1826c46,old_only,excluded_vendor,active,wandlampe-memory-wall,Brokis,Wandleuchten
9c6199ae-c57c-4b06-ad38-c600d946a203,old_only,excluded_vendor,active,fermob-bellevie-2-sitzer-modul-mitte,Fermob,Gartensofas
9c682e27-4aab-411f-931c-34296263c9d4,old_only,excluded_vendor,active,fermob-bellevie-2-sitzer-modul-mitte,Fermob,Gartensofas
9c69cceb-c770-42cf-9cfe-2f88e06ea43c,old_only,excluded_vendor,active,fermob-bellevie-zusammenstellung-2b,Fermob,Gartensofas
9c83f43f-739f-4064-978d-9775344e03a4,old_only,excluded_vendor,active,fermob-bellevie-sessel-fur-den-essbereich,Fermob,Gartenstühle
9c9b3487-e29b-4877-ad96-43b6bdec34aa,old_only,excluded_vendor,active,fermob-bellevie-zusammenstellung-3a,Fermob,Gartensofas
9cd8c142-a3ba-4a35-94af-6811f25e1b94,old_only,excluded_vendor,active,fermob-bellevie-2-sitzer-polsterhocker,Fermob,Sitzbänke
9cdfc338-78cc-46fa-b712-0ab4f2ab75e4,old_only,excluded_vendor,active,fermob-bellevie-2-sitzer-club-sofa-mit-kissen,Fermob,Gartensofas
9ce7f838-a5d1-4112-9c5c-22fa9aa790c3,old_only,excluded_vendor,active,fermob-bellevie-1-sitzer-polsterhocker,Fermob,Hocker
9cf3b5b7-4d1a-48ef-ab4f-61f1f7ecab5c,old_only,excluded_vendor,active,kerze-pillar-shoulder-led-uyuni-ivory-o7-8-x-15cm,Piffany,Kerzen
9cf5a161-e400-4995-81ae-df97c0fd2759,old_only,excluded_product_type,active,tribu-eclipse-quadratischer-aluminium-sonnenschirm,Tribù,Sonnenschirme
9cfb1cb2-e957-40aa-baac-0780845164ba,old_only,excluded_vendor,active,fermob-bellevie-2-sitzer-polsterhocker,Fermob,Sitzbänke
9d012291-9d8e-482d-9611-684f1baae9ef,old_only,excluded_vendor,active,fermob-bistro-tisch-71x71cm,Fermob,Gartentische
9d0d0bef-40c5-4340-9462-462ddbba048a,old_only,excluded_vendor,active,fermob-caractere-tisch-90x190,Fermob,Gartentische
9d11adaa-ce98-4856-a846-e8812980de48,old_only,excluded_vendor,active,fermob-bistro-tisch-97x57cm,Fermob,Gartentische
9d1d5378-0514-46bd-8bae-b08288519592,old_only,excluded_product_type,active,leaf-warmflasche-32x22-cm,Natures Collection,Dekoration
9d272e06-7d6c-476e-9e8e-5cd2ffb13db8,old_only,excluded_product_type,active,tribu-schutzhullen,Tribù,Abdeckungen
9d38ec31-6fd8-42ee-91a5-f65bceb80267,old_only,excluded_vendor,active,fermob-bank-bellevie,Fermob,Sitzbänke
9d397f54-4d33-4df5-bebb-5f56a3c124a8,old_only,excluded_vendor,active,fermob-bellevie-zusammenstellung-2b,Fermob,Gartensofas
9d4bffed-7e14-4340-9b75-6e55cbd68863,old_only,excluded_vendor,active,umbrosa-sonnenschirm-spectra-straight,Umbrosa,Sonnenschirme
9d5c7a81-ed2d-4d38-b519-017e390feb1e,old_only,excluded_vendor,active,fermob-bistro-tisch-d77,Fermob,Gartentische
9d5f2817-b4d5-4e9b-85e5-4c9fcd45b006,old_only,excluded_vendor,active,fermob-bellevie-zusammenstellung-2b,Fermob,Gartensofas
9d7bf65a-195d-48bf-a59f-e481cc5a931a,old_only,excluded_vendor,active,fermob-bellevie-2-sitzer-modul-rechts,Fermob,Gartensofas
9d7d1c57-1f20-41a3-924b-4d41c526864a,old_only,excluded_vendor,active,fermob-caractere-tisch-90x190,Fermob,Gartentische
9d8db1d3-bb84-4b35-b972-9fd5ab8bbd57,old_only,excluded_vendor,active,fermob-sitzbank-luxembourg-kompakt,Fermob,Sitzbänke
9d8ddcc9-0fc8-49b2-8b66-6fe40c4bd787,old_only,excluded_vendor,active,gubi-moon-multi-lite-pendant-large,Gubi,Hängeleuchten
9db6424b-1eae-4383-9c16-615cda77717c,old_only,excluded_vendor,active,fermob-alize-deporte,Fermob,Beistelltische
9dcaa795-dfce-4b44-8fc7-157a84ea1ad6,old_only,excluded_vendor,active,fermob-bellevie-1-sitzer-polsterhocker,Fermob,Hocker
9dcfafd6-8aa0-4bae-8f6c-2691e277812f,old_only,excluded_vendor,active,thonet-b97-a,Thonet,Beistelltische
9dd0d7ea-ca8e-441c-b9cf-f943da696ac3,old_only,excluded_vendor,active,fermob-luxembourg-gueridon-haut-80x80cm,Fermob,Bartische
9dd7ad0e-118d-49c9-9464-b36a75de37ff,old_only,excluded_vendor,active,fermob-bank-louisiana-150cm,Fermob,Sitzbänke
9de26c6e-7ce7-41eb-9b53-10beaaa34a67,old_only,excluded_vendor,active,fermob-bellevie-2-sitzer-polsterhocker,Fermob,Sitzbänke
9df198a0-d56b-43ea-9a34-1ce8a4dd573d,old_only,excluded_vendor,active,fermob-bellevie-2-sitzer-club-sofa-mit-kissen,Fermob,Gartensofas
9e0e148b-4758-4cb6-b8c6-06f3fca2d691,old_only,excluded_vendor,active,fermob-tisch-luxembourg,Fermob,Gartentische
9e186242-306c-4394-b034-2ae93732a75f,old_only,excluded_product_type,active,natures-collection-hot-water-bottle,Natures Collection,Accessoires
9e4b154f-8d7f-427a-b016-0664e1bdf71a,old_only,excluded_vendor,active,fermob-bistro-tisch-97x57cm,Fermob,Gartentische
9e51cab2-f68f-4602-81a2-d1588b91c7b5,old_only,excluded_vendor,active,extremis-bistroo-tisch-stuhl-kombination,Extremis,Gartentische
9e533a49-9132-40b7-b6f9-741b9f385bbd,old_only,excluded_vendor,active,fermob-bellevie-3-sitzer,Fermob,Gartensofas
9e543a20-4c50-45a3-b711-84d9b8f0a530,old_only,excluded_vendor,active,fermob-bellevie-3-sitzer,Fermob,Gartensofas
9e583adb-a307-4dde-aebc-27a6c7fd96d5,old_only,excluded_vendor,active,thonet-s32-n,Thonet,Stühle
9e5ae5f8-8d56-4e01-997a-7d94af393762,old_only,excluded_vendor,active,fermob-bellevie-1-sitzer-modul-links,Fermob,Gartensofas
9e6b5d82-f8e4-413c-a087-bbe034cdafe5,old_only,excluded_vendor,active,fermob-bellevie-2-sitzer-eckmodul-rechts,Fermob,Gartensofas
9e72a4c1-f468-4c4a-9a37-b0bec8eae324,old_only,excluded_vendor,active,fermob-calvi-tisch-160-x-80-cm,Fermob,Gartentische
9e782770-1954-42ab-b6fe-456880fa02a6,old_only,excluded_vendor,active,fermob-lampe-h38-balad,Fermob,Tischlampen
9e83ed17-e6da-4988-9550-a8c0e0e07eaa,old_only,excluded_vendor,active,gartentisch-costa-ausziehbar,Fermob,Gartentische
9e87dd86-b379-476e-97cb-f853cd0f034a,old_only,excluded_vendor,active,fermob-bistrotisch-d117,Fermob,Gartentische
9e8ece26-05a8-4acd-9adb-e1578add2b42,old_only,excluded_vendor,active,fermob-bellevie-1-sitzer-polsterhocker,Fermob,Hocker
9e95f6af-6b4a-4a42-aa5f-5ee7991bf7ef,old_only,excluded_vendor,active,fermob-bellevie-2-sitzer-eckmodul-rechts,Fermob,Gartensofas
9e969002-ce1c-4a7c-9bf3-29e11ac910ca,old_only,excluded_vendor,active,fermob-lorette-runder-tisch-d110,Fermob,Beistelltische
9e99d709-a583-4adc-b669-50ab68fd47b6,old_only,excluded_vendor,active,umbrosa-sonnenschirm-spectra,Umbrosa,Sonnenschirme
9e9f09a8-2b9f-4ec5-bb20-bc49d094b974,old_only,excluded_product_type,active,manutti-schutzhulle-torsa-runder-esstisch-80,Manutti,Abdeckungen
9eaf63ca-d5fb-4abe-bd7a-ad4d5e42a582,old_only,excluded_vendor,active,fermob-bellevie-tisch-74x80cm,Fermob,Gartentische
9ebefaec-9b0c-46f7-b683-6d5fa4b9f63c,old_only,excluded_vendor,active,fermob-bistro-tisch-d60,Fermob,Gartentische
9ec60fd7-cda1-43b7-8dd4-e55dbe3ca64c,old_only,excluded_vendor,active,fermob-bellevie-1-sitzer-modul-rechts,Fermob,Gartensofas
9ecc6ed3-4d86-4c35-8ecf-ff16098010ef,old_only,excluded_vendor,active,fermob-bellevie-zusammenstellung-2a-1,Fermob,Gartensofas
9ed3ef44-8846-42dd-b3be-1d2c45a45a6b,old_only,excluded_vendor,active,fermob-bellevie-zusammenstellung-1b,Fermob,Gartensofas
9ef354ed-3b40-4a0b-a5e7-d838f389595d,old_only,excluded_vendor,active,fermob-bistro-barstuhl,Fermob,Barstühle
9ef93d10-9ac6-47ae-b7d2-a3e397cd8b5e,old_only,excluded_vendor,active,fermob-bellevie-2-sitzer-polsterhocker,Fermob,Sitzbänke
9efa931f-a6ba-40c3-a642-99f9d6d33e4d,old_only,excluded_vendor,active,wandlampe-memory-wall,Brokis,Wandleuchten
9efad591-f2d2-4a91-a636-70171e1daf99,old_only,excluded_vendor,active,fermob-bellevie-1-sitzer-polsterhocker,Fermob,Hocker
9efef774-a17b-4020-8937-ccbea1d6ad47,old_only,excluded_vendor,active,fermob-bellevie-2-sitzer-eckmodul-links,Fermob,Gartensofas
9eff2a67-6393-4e38-b6b1-e4f8d566a785,old_only,excluded_vendor,active,fermob-bellevie-zusammenstellung-3b,Fermob,Gartensofas
9f238739-ffb0-4b7a-8337-f2cc4a857b45,old_only,excluded_vendor,active,fermob-cocotte-beistelltisch,Fermob,Beistelltische
9f246c6b-7313-4265-85c4-2643d9a303b8,old_only,excluded_vendor,active,ofyr-accessoires-olkanne,Ofyr,Accessoires
9f394b8d-8100-4e81-823c-40a672b9734a,old_only,excluded_vendor,active,fermob-bellevie-2-sitzer-modul-mitte,Fermob,Gartensofas
9f3c24df-f0dd-459d-b984-e35795fc0761,old_only,excluded_vendor,active,fermob-tisch-bellevie,Fermob,Gartentische
9f3e4ccf-b1ab-4e44-a4ec-9600fd0b2407,old_only,excluded_vendor,active,fermob-accroche-coeurs-kleiderstander,Fermob,Accessoires
9f4875db-512f-44be-b5f0-fd429e4ec5b4,old_only,excluded_vendor,active,fermob-luxembourg-tisch-80x80cm,Fermob,Gartentische
9f515136-b2e6-4ad6-acd8-2330ee99473a,old_only,excluded_vendor,active,fermob-tiefer-sessel-luxembourg,Fermob,Sessel
9f58fc9d-d09a-4197-86cb-b28f02931fff,old_only,excluded_vendor,active,fermob-bellevie-1-sitzer-polsterhocker,Fermob,Hocker
9f6ad538-9d91-48c8-bf48-ece1f00f18f4,old_only,excluded_vendor,active,ofyr-mise-en-place-table-pro,Ofyr,Küchen
9f6f3479-02ab-476f-b50e-3884d67280be,old_only,excluded_vendor,active,fermob-bellevie-hoher-tisch-74x80cm,Fermob,Bartische
9f787b49-6f10-4103-8768-7657320271a2,old_only,excluded_vendor,active,fermob-ledersessel-surprising,Fermob,Sessel
9f7c6b98-38bd-431e-a9b6-eeba3db0d236,old_only,excluded_product_type,active,cane-line-laterne-lightbox,Cane-line,Laternen
9f7d696d-945d-401e-9ab4-204fce6b10ba,old_only,excluded_vendor,active,brokis-stehlampe-ballons-pc857,Brokis,Stehlampen
9f810502-082d-40a4-bd7b-8190d0ecf628,old_only,excluded_vendor,active,fermob-bellevie-2-sitzer-eckmodul-links,Fermob,Gartensofas
9f8cee09-2442-4437-8cfb-871462da823b,old_only,excluded_vendor,active,fermob-bellevie-zusammenstellung-2a-1,Fermob,Gartensofas
9f8df0d0-56f9-48fb-8cf4-16b40db22fd3,old_only,excluded_vendor,active,fermob-bellevie-barhocker,Fermob,Barstühle
9fa02404-803e-45d2-8150-7cb0038242d6,old_only,excluded_vendor,active,fermob-bistro-stehtisch-71x71cm,Fermob,Bartische
9faf0f68-625e-4fe0-87e1-ea615c7e7807,old_only,excluded_vendor,active,gartentisch-craft-kopie,Fermob,Gartentische
9fb6c6e7-4ce3-42c8-8974-d4be584674d6,old_only,excluded_vendor,active,umbrosa-sonnenschirm-spectra,Umbrosa,Sonnenschirme
9fc20ff4-40e6-4957-ac94-e4c883aae103,old_only,excluded_vendor,active,fermob-luxembourg-niedriger-tisch-mit-rollen,Fermob,Couchtische
9fc73bfd-7c99-4f4f-85b3-d46648176602,old_only,excluded_vendor,active,fermob-bellevie-zusammenstellung-1a,Fermob,Gartensofas
9fced7d0-0e25-431e-bfed-5d271c89e9ac,old_only,excluded_vendor,active,fermob-bellevie-2-sitzer-modul-links,Fermob,Gartensofas
9fd271dc-6b78-4566-9dc0-96e473514235,old_only,excluded_vendor,active,fermob-luxembourg-kid-tisch-76x55cm,Fermob,Gartentische
9fd8b86c-40e4-48c4-a9cc-664a9294ebd5,old_only,excluded_vendor,active,fermob-bistro-tisch-71x71cm,Fermob,Gartentische
9fde9d51-96fc-4fab-a0c8-c189ce55e954,old_only,excluded_vendor,active,fermob-balad-lampe-h25,Fermob,Tischlampen
9ff51f29-8826-49c3-8de9-20634710d570,old_only,excluded_vendor,active,extremis-hopper-picnic-hellwood-180cm,Extremis,Gartentische
a000d5cd-44bf-4a92-9f3d-b6f5726ee6f0,old_only,excluded_vendor,active,fermob-bellevie-1-sitzer-modul-links,Fermob,Gartensofas
a01e7fa0-d99f-4027-a36e-6c146eed1911,old_only,excluded_vendor,active,fermob-bellevie-barhocker,Fermob,Barstühle
a020ea8b-d583-439a-9085-e7693de4097c,old_only,excluded_vendor,active,fermob-bellevie-zusammenstellung-3b,Fermob,Gartensofas
a0215d1e-a4c8-4eb6-b2ee-8280447106cf,old_only,excluded_vendor,active,fermob-bellevie-zusammenstellung-1a,Fermob,Gartensofas
a02e1171-d85b-4d5a-be5b-e5370c36639c,old_only,excluded_vendor,active,fermob-armlehnstuhl-studie,Fermob,Stühle
a031b03e-6cc5-4d16-b929-8c59dc25933e,old_only,excluded_vendor,active,fermob-bellevie-tisch-140x80cm,Fermob,Gartentische
a0353d3b-87a6-4744-950b-76eb40349252,old_only,excluded_vendor,active,fermob-stuhl-studie,Fermob,Stühle
a03c602f-e942-4a9b-8218-69ab54fb0e9c,old_only,excluded_vendor,active,fermob-bebop-niedriger-tisch-120-x-70-x-29cm,Fermob,Beistelltische
a043f31d-7ac7-4671-bc4d-859fb5e6c8fd,old_only,excluded_vendor,active,gartentisch-romane,Fermob,Gartentische
a049e921-2121-4333-8428-2e4d40dfd007,old_only,excluded_vendor,active,fermob-1900-cabriolet-sessel,Fermob,Sessel
a04bfaaf-06ec-4761-8d7e-129c1347f0b2,old_only,excluded_vendor,active,fermob-bellevie-zusammenstellung-1a,Fermob,Gartensofas
a04d402a-3ec3-4ee1-acbd-1b4dd0d63346,old_only,excluded_vendor,active,fermob-bellevie-zusammenstellung-3a,Fermob,Gartensofas
a051981b-eb4f-4cea-8b28-c1f3c9e38de4,old_only,excluded_vendor,active,fermob-bellevie-barhocker,Fermob,Barstühle
a05397cf-de1c-4f82-9304-b8bd577922b7,old_only,excluded_vendor,active,fermob-bellevie-2-sitzer-polsterhocker,Fermob,Sitzbänke
a059996e-1985-4f9d-a01e-6c58a3b863cb,old_only,excluded_vendor,active,fermob-bellevie-zusammenstellung-1b,Fermob,Gartensofas
a0714e2e-6102-48c8-8d5f-69df6c164f24,old_only,excluded_vendor,active,fermob-bellevie-2-sitzer-modul-rechts,Fermob,Gartensofas
a07bf5bd-7907-4ab7-be26-5bde4a303ce4,old_only,excluded_vendor,active,fermob-bank-bellevie,Fermob,Sitzbänke
a0815c09-5b6d-46d5-b317-f9396bec797f,old_only,excluded_vendor,active,fermob-bellevie-sessel,Fermob,Sessel
a09ad878-4367-4d8f-952d-8cfa929f1065,old_only,excluded_vendor,active,fermob-bellevie-zusammenstellung-3a,Fermob,Gartensofas
a0c1dd9b-54e3-4b76-919e-dc50156a6964,old_only,excluded_vendor,active,fermob-lorette-armlehnstuhl-problem-fauteuil-und-bridge,Fermob,Sitzbänke
a0d48d39-78d6-41b0-a760-6260443aea30,old_only,excluded_vendor,active,fermob-bistro-tisch-d77,Fermob,Gartentische
a0e83774-6700-48b8-9f2b-dbd21498468a,old_only,excluded_product_type,active,handytasche-gwen-phonebag,Natures Collection,Accessoires
a0ee9e92-5082-42e5-b038-b86cc0cc59f0,old_only,excluded_vendor,active,fermob-stuhl-surprising,Fermob,Gartenstühle
a11c2a01-89af-4b44-b824-ce1b3372583e,old_only,excluded_vendor,active,fermob-bellevie-1-sitzer-modul-rechts,Fermob,Gartensofas
a12c4c42-7ebc-4b59-88ab-1fe5c01dd161,old_only,excluded_vendor,active,gartentisch-opera-oval,Fermob,Gartentische
a138292c-836e-45eb-b545-d2bd544f6ccf,old_only,excluded_vendor,active,fermob-luxembourg-lounge-stuhl,Fermob,Sessel
a144052b-2fe0-48de-bd3c-68169f6a5a0c,old_only,excluded_vendor,active,fermob-bellevie-1-sitzer-modul-links,Fermob,Gartensofas
a1476061-0ce6-4063-9bc8-fb2dc9351666,old_only,excluded_vendor,active,fermob-nevada-holzhalter,Fermob,Holzlagerung
a14f235f-d42b-440b-b77a-38bbbd20085d,old_only,excluded_vendor,active,umbrosa-paraflex-wall-round-271,Umbrosa,Sonnenschirme
a1584ce2-6686-4191-8ae4-3b2632cb0917,old_only,excluded_vendor,active,fermob-bellevie-halbhoher-tisch-74x80cm,Fermob,Gartentische
a167ace0-c34b-44c6-80a8-aa36bf0e216d,old_only,excluded_vendor,active,fermob-bellevie-zusammenstellung-1b,Fermob,Gartensofas
a16ab541-9f81-497a-8016-d0208a42f93a,old_only,excluded_vendor,active,fermob-bellevie-3-sitzer-club-sofa-mit-kissen,Fermob,Gartensofas
a17ec5b9-ab52-4bf9-8656-4a62daae0dd6,old_only,excluded_vendor,active,fermob-luxembourg-lounge-stuhl,Fermob,Sessel
a188ba2d-5315-4b6f-b0dd-4134af06613a,old_only,excluded_vendor,active,fermob-bellevie-1-sitzer-modul-links,Fermob,Gartensofas
a18b9e9f-2070-40b1-96c6-f23dde9a4a8c,old_only,excluded_vendor,active,fermob-bellevie-zusammenstellung-3b,Fermob,Gartensofas
a18dd8c7-22cd-4afb-a31b-e71b40242c4c,old_only,excluded_vendor,active,fermob-tisch-bellevie,Fermob,Gartentische
a18ed649-0803-49ee-98b3-de3d4eae5010,old_only,excluded_vendor,active,brokis-stehlampe-muffin-pc849,Brokis,Stehlampen
a1a72cc1-789d-4c57-a002-0bd34a02bc2a,old_only,excluded_vendor,active,fermob-lorette-armlehnstuhl-problem-fauteuil-und-bridge,Fermob,Sitzbänke
a1bc38ca-5fcb-44c6-80d0-c620c5a838c2,old_only,excluded_vendor,active,gartentisch-romane-rund,Fermob,Gartentische
a1be8e4d-df58-4e1e-ba49-2db438e4e8e7,old_only,excluded_vendor,active,fermob-bellevie-2-sitzer-eckmodul-links,Fermob,Gartensofas
a1d1282b-5fdc-44c1-b883-add127fa6779,old_only,excluded_vendor,active,fermob-bellevie-zusammenstellung-3a,Fermob,Gartensofas
a1d25e44-beaf-44b0-bb17-ac2046c5e131,old_only,excluded_vendor,active,fermob-luxembourg-niedriger-tisch-mit-rollen,Fermob,Couchtische
a1da8f92-16b2-4009-9028-033ed180e453,old_only,excluded_vendor,active,fermob-basket-blumenkasten-hoch,Fermob,Topf
a1e65b8d-006b-4481-ab67-f58defef63e1,old_only,excluded_vendor,active,fermob-bistro-tisch-75x57,Fermob,Gartentische
a1f031ba-fc86-41ac-b16f-407c0bafc478,old_only,excluded_vendor,active,umbrosa-sonnenschirm-spectra,Umbrosa,Sonnenschirme
a1fbc338-937c-4fbb-a2bf-d8a7d711cbf3,old_only,excluded_product_type,active,cane-line-parasols-hyde-luxe-hanging-sonnenschirm-3x4-1,Cane-line,Sonnenschirme
a2446c68-220c-4e02-b417-0a83561e2db3,old_only,excluded_vendor,active,fermob-surprising-tiefer-sessel,Fermob,Sessel
a24e7364-d855-4956-b900-7495e5be30bf,old_only,excluded_vendor,active,gartentisch-floreal,Fermob,Gartentische
a24e7af0-b771-4d81-b352-ca2591f0f369,old_only,excluded_vendor,active,fermob-bellevie-1-sitzer-polsterhocker,Fermob,Hocker
a25c3d93-700a-41f2-90fd-54b7765b6335,old_only,excluded_vendor,active,fermob-luxembourg-tisch-80x80cm,Fermob,Gartentische
a26cd78f-fc8c-4e37-9176-3e863b50f68f,old_only,excluded_vendor,active,fermob-rollende-bar-luxembourg,Fermob,Servierwagen
a2744502-5546-4162-b4fc-398c3707c3a1,old_only,excluded_vendor,active,gartenstuhl-studie,Fermob,Gartenstühle
a2773f03-43cd-4fb3-8551-0b6884672426,old_only,excluded_vendor,active,brokis-deckenleuchte-memory-ceiling,Brokis,Deckenleuchten
a27b95b8-d2c4-4b2a-8f8a-a80dad56cb8a,old_only,excluded_vendor,active,fermob-luxembourg-niedriger-doppelter-tisch,Fermob,Couchtische
a2aa5ee0-be37-43b1-a484-0b6661a1c887,old_only,excluded_vendor,active,fermob-luxembourg-kid-tisch-76x55cm,Fermob,Gartentische
a2b7e72b-ec77-47af-9981-afbf403b3a47,old_only,excluded_vendor,active,fermob-color-mix-kissen-44x30cm,Fermob,Sitzkissen
a2baa28c-ad42-455b-9f47-98132520234c,old_only,excluded_vendor,active,wandlampe-memory-wall,Brokis,Wandleuchten
a2bf91f3-abcb-4ff1-97a3-6931f7f682a3,old_only,excluded_vendor,active,umbrosa-paraflex-wall-round-270,Umbrosa,Sonnenschirme
a2c4163b-113f-4c7a-9bbb-9bcfb3605840,old_only,excluded_vendor,active,gartentisch-romane,Fermob,Gartentische
a2ca165f-24b3-46c0-afd6-bcda35b5cfc2,old_only,excluded_vendor,active,fermob-bellevie-3-sitzer,Fermob,Gartensofas
a2d51278-fc05-469b-b37f-f38c5b7cf86b,old_only,excluded_vendor,active,fermob-tisch-luxembourg,Fermob,Gartentische
a2ddb833-4c9b-4d89-90df-5317ad0805fd,old_only,excluded_vendor,active,fermob-bellevie-3-sitzer,Fermob,Gartensofas
a2ddfd1a-163b-4d27-82a0-217efa6dc75b,old_only,excluded_vendor,active,fermob-1900-tisch-d96,Fermob,Gartentische
a2e1888b-c22c-4f4a-ae13-d0dc62687c76,old_only,excluded_vendor,active,fermob-bellevie-zusammenstellung-3b,Fermob,Gartensofas
a2e246a1-1f48-48aa-a417-01795115d4a8,old_only,excluded_vendor,active,gartentisch-romane,Fermob,Gartentische
a319587e-1e00-4335-aad2-c44d0ac67f4f,old_only,excluded_vendor,active,fermob-bellevie-1-sitzer-modul-rechts,Fermob,Gartensofas
a319fe8e-c3ba-4126-94fd-59fb44457a08,old_only,excluded_vendor,active,umbrosa-spectra-forward-sonnenschirm,Umbrosa,Sonnenschirme
a31a96c0-2367-4aec-a4ec-b9508d186500,old_only,excluded_vendor,active,fermob-bellevie-1-sitzer-modul-links,Fermob,Gartensofas
a32486ff-8e21-4b2d-92cc-1c58a173a2cb,old_only,excluded_vendor,active,fermob-bellevie-2-sitzer-modul-rechts,Fermob,Gartensofas
a330f5e8-dae6-4ee3-9803-0d3a3737a400,old_only,excluded_vendor,active,fermob-bellevie-3-sitzer-club-sofa-mit-kissen,Fermob,Gartensofas
a340c8a3-b071-4b76-b9c5-d5a32ef0f3be,old_only,excluded_vendor,active,extremis-gartentisch-pantagruel-picnic,Extremis,Gartentische
a34d691a-01fa-43e8-9553-0b585cc47ba0,old_only,excluded_vendor,active,fermob-rollende-bar-luxembourg,Fermob,Servierwagen
a34edad3-84c0-47f4-bc24-89934ccb051d,old_only,excluded_vendor,active,fermob-bellevie-zusammenstellung-3b,Fermob,Gartensofas
a36110c2-d1b8-4645-aad8-c0dc415772a5,old_only,excluded_vendor,active,brokis-mini-muffin-windlichter,Brokis,Accessoires
a385b8d3-2739-40ef-8467-b2ae4a0ac10b,old_only,excluded_product_type,active,tribu-schutzhullen,Tribù,Abdeckungen
a3b242c8-0390-47d1-a137-34613baaf0cf,old_only,excluded_vendor,active,brokis-stehlampe-balloons-pc856,Brokis,Stehlampen
a3b58f63-c26f-4bc5-a637-7eb859c92658,old_only,excluded_product_type,active,cane-line-laterne-lightlux,Cane-line,Laternen
a3b67f8f-5b9c-4a34-87b3-7a6885321c7b,old_only,excluded_vendor,active,fermob-luxembourg-bank-3-4-sitzer,Fermob,Sitzbänke
a3c9386e-8dbb-45bb-b579-a9d54bf2081e,old_only,excluded_vendor,active,kerze-pillar-smooth-led-uyuni-ivory-o4-8-x-22-cm,Piffany,Kerzen
a3f8a177-425d-4b39-a6f0-2b7337e74002,old_only,excluded_vendor,active,gubi-moon-multi-lite-pendant-small,Gubi,Hängeleuchten
a41ab138-2b29-4ef3-a407-0f68466b6373,old_only,excluded_vendor,active,fermob-bellevie-sessel-fur-den-essbereich,Fermob,Gartenstühle
a41ecfde-b65b-48bc-93b7-a5629884fab1,old_only,excluded_vendor,active,fermob-luxembourg-doppelter-sessel,Fermob,Sessel
a429cce4-2c6e-409d-8141-abc79c77d735,old_only,excluded_vendor,active,umbrosa-paraflex-wall-round-270,Umbrosa,Sonnenschirme
a42b6b04-56b8-420a-95d0-6b4c50c61167,old_only,excluded_vendor,active,ofyr-grill-island-pro,Ofyr,Grills
a441a6a2-65ee-4a5e-a5c6-5d33963524a1,old_only,excluded_vendor,active,fermob-bistro-stehtisch-71x71cm,Fermob,Bartische
a46d632f-6e2a-45d9-9b11-640f336bd54b,old_only,excluded_vendor,active,fermob-bellevie-sessel,Fermob,Sessel
a47c8b79-cf15-49c6-a51a-a71d2d8e04c0,old_only,excluded_vendor,active,fermob-bellevie-zusammenstellung-3b,Fermob,Gartensofas
a47da00a-e76b-4e96-83a0-40072af0eb15,old_only,excluded_vendor,active,wandlampe-memory-wall,Brokis,Wandleuchten
a47eecea-6b0f-4734-b7ba-a7f3b8e66b41,old_only,excluded_vendor,active,fermob-bellevie-2-sitzer-eckmodul-rechts,Fermob,Gartensofas
a493d97c-3e52-4de6-ac5d-77f395bac689,old_only,excluded_vendor,active,fermob-bellevie-2-sitzer-modul-mitte,Fermob,Gartensofas
a4db206d-03ed-46d8-9bbc-26f033046a02,old_only,excluded_vendor,active,schaukelstuhl-luxembourg-abyssblau,Fermob,Sessel
a4e3e5f7-eec0-4941-a231-933fb573fb3d,old_only,excluded_vendor,active,fermob-bellevie-2-sitzer-modul-rechts,Fermob,Gartensofas
a4ead14e-7636-48d3-aa49-7ad8065d83e5,old_only,excluded_vendor,active,fermob-bebop-d80,Fermob,Beistelltische
a4fa4c1f-0a58-42b0-b00d-0894d34fa97d,old_only,excluded_vendor,active,fermob-bellevie-sessel,Fermob,Sessel
a4fd8bca-d1ac-4981-99e7-4635ff6136da,old_only,excluded_vendor,active,fermob-bellevie-2-sitzer-eckmodul-links,Fermob,Gartensofas
a513abeb-11c2-4516-ad10-d6b775259e52,old_only,excluded_vendor,active,fermob-bellevie-2-sitzer-polsterhocker,Fermob,Sitzbänke
a519c562-3a6f-4482-935e-a9e6efc09a93,old_only,excluded_vendor,active,gartentisch-craft-kopie,Fermob,Gartentische
a53b8854-02f0-4643-9d79-8acd9edde207,old_only,excluded_product_type,active,glowbus-growdrop-l,Glowbus,Kerzen
a53e6178-4a09-44d9-b927-d4b5fd1b38a6,old_only,excluded_vendor,active,gartentisch-opera-oval,Fermob,Gartentische
a5402b25-c63d-454c-a094-561bdab402d6,old_only,excluded_vendor,active,umbrosa-paraflex-wall-square-230,Umbrosa,Sonnenschirme
a56bf215-d78a-47be-ab57-d775757ddbe9,old_only,excluded_vendor,active,fermob-bellevie-2-sitzer-modul-links,Fermob,Gartensofas
a56cbca9-59c1-4905-a584-568b7be7f982,old_only,excluded_vendor,active,fermob-bellevie-2-sitzer-eckmodul-rechts,Fermob,Gartensofas
a56d77ef-a95c-4d42-a201-a1f2bc2f043c,old_only,excluded_vendor,active,fermob-bistro-stehtisch-71x71cm,Fermob,Bartische
a5741994-8a31-4049-85a9-dfde6faf8923,old_only,excluded_vendor,active,thonet-freischwinger-s33-n,Thonet,Stühle
a5774288-df23-4616-866e-9d8144367849,old_only,excluded_product_type,active,ethnicraft-abdeckung-monocle-modul,Ethnicraft,Abdeckungen
a57c365b-64b0-4444-a703-cda200c10016,old_only,excluded_vendor,active,brokis-stehlampe-balloons-pc856,Brokis,Stehlampen
a5925be1-af8b-4aaa-bf7f-9d0b3b6e457e,old_only,excluded_vendor,active,fermob-bellevie-3-sitzer-club-sofa-mit-kissen,Fermob,Gartensofas
a59a532c-8be4-4bd8-8f4e-438bd98eb4f8,old_only,excluded_vendor,active,fermob-bellevie-2-sitzer-modul-links,Fermob,Gartensofas
a5b6d678-7c37-404d-9d56-6df98b68c9cc,old_only,excluded_vendor,active,fermob-rollende-bar-luxembourg,Fermob,Servierwagen
a5b7c342-c643-4ffa-af39-73ca20d511b5,old_only,excluded_vendor,active,fermob-bellevie-2-sitzer-modul-links,Fermob,Gartensofas
a5c1c761-c6b3-4af8-9dfa-741128fe9c43,old_only,excluded_product_type,active,tribu-eclipse-quadratischer-aluminium-sonnenschirm,Tribù,Sonnenschirme
a5c8e5e8-4f7c-4f25-a038-a48960525bf4,old_only,excluded_vendor,active,fermob-bellevie-2-sitzer-polsterhocker,Fermob,Sitzbänke
a5d59afd-9789-43e8-ade1-2fe73e2838aa,old_only,excluded_vendor,active,fermob-bellevie-1-sitzer-polsterhocker,Fermob,Hocker
a6041ac3-911d-4aba-91a7-e15dc2cd2f9a,old_only,excluded_vendor,active,fermob-bellevie-2-sitzer-polsterhocker,Fermob,Sitzbänke
a6078067-d3e8-4210-a0a8-9e888cbaf15c,old_only,excluded_vendor,active,fermob-bellevie-2-sitzer-modul-rechts,Fermob,Gartensofas
a607b489-a8eb-4c6f-85fc-043929b978a6,old_only,excluded_vendor,active,fermob-1900-bank,Fermob,Sitzbänke
a6099542-c83f-44c3-9e16-f174a7bf9746,old_only,excluded_vendor,active,fermob-calvi-tisch-140-x-140-cm,Fermob,Gartentische
a60f203b-0cbf-4efe-919c-eab4fd1e2d56,old_only,excluded_vendor,active,fermob-caractere-tisch-128x128cm,Fermob,Gartentische
a610c644-ed3c-4129-8d42-9ddb63a68544,old_only,excluded_vendor,active,fermob-basket-blumenkasten-hoch,Fermob,Topf
a623b531-5938-42e7-bc58-ee15b662c037,old_only,excluded_vendor,active,fermob-bellevie-1-sitzer-modul-links,Fermob,Gartensofas
a637a9ee-d6c4-4d34-8ef4-2b87fccfbc2d,old_only,excluded_vendor,active,fermob-bellevie-2-sitzer-club-sofa-mit-kissen,Fermob,Gartensofas
a6435fca-8f8d-4791-afe9-f3d5c7a64c28,old_only,excluded_vendor,active,fermob-luxembourg-tisch-80x80cm,Fermob,Gartentische
a64f4287-b7e4-4420-bef5-1da454d3e2ff,old_only,excluded_vendor,active,fermob-bellevie-1-sitzer-modul-rechts,Fermob,Gartensofas
a659e11c-4f5d-4f53-baf3-54528ca6c08f,old_only,excluded_vendor,active,gubi-grashoppa-tisch-lampe,Gubi,Tischlampen
a65ab426-b07b-44a0-a3ff-d73f52618e6e,old_only,excluded_vendor,active,fermob-bellevie-1-sitzer-modul-rechts,Fermob,Gartensofas
a66bc60e-8325-4108-af1c-027ce45b6f50,old_only,excluded_vendor,active,gartentisch-romane,Fermob,Gartentische
a66d666a-036e-4a93-9838-f7e28b75eae8,old_only,excluded_product_type,active,natures-collection-hot-water-bottle,Natures Collection,Accessoires
a672db14-388e-4e9d-91b2-9af9e628d6b6,old_only,excluded_vendor,active,fermob-bellevie-2-sitzer-club-sofa-mit-kissen,Fermob,Gartensofas
a683fc77-9c8c-43cd-96d4-6fae71298973,old_only,excluded_vendor,active,fermob-bellevie-2-sitzer-modul-mitte,Fermob,Gartensofas
a686281d-5f04-4cb8-8efb-214ca1e4b215,old_only,excluded_vendor,active,fermob-basket-blumenkasten-lang,Fermob,Topf
a69ccc6c-ec77-4591-9a02-e300e7c3f6ec,old_only,excluded_vendor,active,fermob-lorette-bridge,Fermob,Gartenstühle
a6a24def-df42-4b4f-8490-e7dae967f0ef,old_only,excluded_vendor,active,fermob-surprising-fussablage,Fermob,Hocker
a6b12ac7-fd0f-40f2-9fd0-02d8d5caf55c,old_only,excluded_vendor,active,fermob-bellevie-2-sitzer-eckmodul-links,Fermob,Gartensofas
a6b5ea76-c447-445e-acdf-b2f36b79d404,old_only,excluded_vendor,active,fermob-bellevie-2-sitzer-eckmodul-rechts,Fermob,Gartensofas
a6b96a5f-2c5d-4b04-87b0-2681a72e9490,old_only,excluded_vendor,active,fermob-alize-beistelltisch,Fermob,Beistelltische
a6bb864b-a3c5-4a04-b8d4-8d6b0d789de4,old_only,excluded_vendor,active,gubi-esstischstuhl-beetle-gepolstert,Gubi,Stühle
a6c117fc-07df-4d33-92bc-c153bc6ade20,old_only,excluded_vendor,active,fermob-basket-blumenkasten-lang,Fermob,Topf
a6c7dbe7-6d84-46b1-81f3-9eeda8255511,old_only,excluded_vendor,active,fermob-bellevie-2-sitzer-modul-rechts,Fermob,Gartensofas
a6c9d692-4d45-41fb-8f8c-49440ac6ab39,old_only,excluded_vendor,active,fermob-kleiner-niedriger-bestelltisch,Fermob,Beistelltische
a6dc2ff4-c58a-4a1e-8e8e-5940bfc18335,old_only,excluded_vendor,active,fermob-calvi-tisch-160-x-80-cm,Fermob,Gartentische
a6fde542-c631-4a39-9eed-bf0d00cda5d9,old_only,excluded_vendor,active,extremis-hopper-picnic-iroko-360cm,Extremis,Gartentische
a70dd689-0078-40a9-9c87-ec6bbc295b64,old_only,excluded_vendor,active,fermob-bistro-balkontisch,Fermob,Gartentische
a732e427-c932-4239-ba77-8727a61b466f,old_only,excluded_vendor,active,fermob-luxembourg-niedriger-doppelter-tisch,Fermob,Couchtische
a739344c-3368-463c-b750-9c001380c77b,old_only,excluded_vendor,active,fermob-bellevie-1-sitzer-modul-rechts,Fermob,Gartensofas
a73a0f88-279e-4f1a-9f7a-8d31ffbf9f64,old_only,excluded_product_type,active,natures-collection-lammfell-handtasche-mini-glory,Natures Collection,Accessoires
a73ba01f-a64b-441a-88ff-920c731ab98c,old_only,excluded_vendor,active,wandlampe-memory-wall,Brokis,Wandleuchten
a73befea-a7d0-4d52-b743-6ed4baeb951b,old_only,excluded_vendor,active,fermob-alize-fussteil,Fermob,Hocker
a74686eb-704e-4dde-9ba6-a1bbd68d4efe,old_only,excluded_vendor,active,fermob-bellevie-1-sitzer-polsterhocker,Fermob,Hocker
a768d382-5842-4fdc-bab3-efff491b4709,old_only,excluded_vendor,active,fermob-bellevie-2-sitzer-club-sofa-mit-kissen,Fermob,Gartensofas
a76c318d-d423-42db-816c-63f106772d0e,old_only,excluded_vendor,active,fermob-bellevie-3-sitzer-club-sofa-mit-kissen,Fermob,Gartensofas
a77220a5-0091-4de3-ad48-a99cd28868ba,old_only,excluded_vendor,active,fermob-bellevie-2-sitzer-modul-links,Fermob,Gartensofas
a796c892-d028-450a-8f68-084432c70010,old_only,excluded_vendor,active,fermob-bistro-barstuhl,Fermob,Barstühle
a7af0e86-f2b5-4ef7-b8bc-934caefc12b5,old_only,excluded_vendor,active,fermob-luxembourg-lounge-sessel,Fermob,Sessel
a7b27be7-8997-46c1-a07c-2b687d5518a7,old_only,excluded_vendor,active,gartentisch-romane-rund,Fermob,Gartentische
a7bb38c8-88d4-42fb-94af-d96e85a23530,old_only,excluded_vendor,active,fermob-luxembourg-tisch-mit-4-fusse-80x80,Fermob,Gartentische
a7d71d59-94b5-4d22-8ebe-ff4fb2bb7102,old_only,excluded_vendor,active,extremis-hopper-picnic-iroko-240cm,Extremis,Gartentische
a7dcb049-1803-4f99-bf73-7669a3a7ce40,old_only,excluded_vendor,active,fermob-bistrotisch-d117,Fermob,Gartentische
a7ee7554-5562-4de6-9f1b-d2b52fe8e9f8,old_only,excluded_vendor,active,fermob-stuhl-luxembourg,Fermob,Gartenstühle
a7ef29f8-3021-4443-890d-bdda3129637b,old_only,excluded_vendor,active,umbrosa-sonnenschirm-spectra,Umbrosa,Sonnenschirme
a80c42d4-cf52-4602-af1e-f5cb6d582630,old_only,excluded_vendor,active,fermob-bistro-tisch-71x71cm,Fermob,Gartentische
a81002ab-dfd0-4006-8eb3-097a2098b7a8,old_only,excluded_vendor,active,fermob-bellevie-2-sitzer-eckmodul-rechts,Fermob,Gartensofas
a810e8be-2f47-4cdf-ab46-ac828fb2c659,old_only,excluded_vendor,active,fermob-bellevie-2-sitzer-modul-links,Fermob,Gartensofas
a817b4a0-e470-4fbb-9505-a992a484b366,old_only,excluded_vendor,active,gubi-esstischstuhl-beetle-gepolstert,Gubi,Stühle
a822b926-6745-4e4f-ba27-6da26d44efac,old_only,excluded_vendor,active,ofyr-butcher-block-storage,Ofyr,Küchen
a82499d6-3804-49ba-b50f-0c9534d53279,old_only,excluded_vendor,active,fermob-bellevie-tisch-140x80cm,Fermob,Gartentische
a83456d7-5425-416e-82bb-6321beff0255,old_only,excluded_vendor,active,fermob-bellevie-2-sitzer-eckmodul-rechts,Fermob,Gartensofas
a83b4a34-6cd8-4bf1-982e-2a9dc40952e4,old_only,excluded_vendor,active,beistelltisch-alize-o48,Fermob,Beistelltische
a843cbdc-af0e-42d2-9302-17ee23453668,old_only,excluded_vendor,active,fermob-bellevie-tisch-74x80cm,Fermob,Gartentische
a85ba21b-2c71-471d-a68f-62edb7467b7b,old_only,excluded_vendor,active,fermob-itac-zylindrische-vase-h76,Fermob,Vasen
a862d0ab-c5f6-4326-85c5-b89ef574154b,old_only,excluded_vendor,active,fermob-niedriger-tisch-bellevie,Fermob,Couchtische
a86cec88-1ea0-4b85-9072-c75e8db47ff1,old_only,excluded_vendor,active,fermob-luxembourg-bank-3-4-sitzer,Fermob,Sitzbänke
a882c8e3-9c64-4afa-9d9c-47a3d61e132f,old_only,excluded_vendor,active,fermob-bistro-tisch-97x57cm,Fermob,Gartentische
a895454a-7dd7-4bc0-a328-0e2d86bf425a,old_only,excluded_vendor,active,fermob-bistrostuhl-naturel,Fermob,Gartenstühle
a8a73a04-d66d-4238-a768-02ff2776615a,old_only,excluded_vendor,active,fermob-bistro-tisch-d60,Fermob,Gartentische
a8a85dc6-9a5d-4630-afcc-dff44664aea7,old_only,excluded_vendor,active,fermob-bellevie-2-sitzer-eckmodul-links,Fermob,Gartensofas
a8dc4fa5-74ae-4494-bb19-e4b1a587164f,old_only,excluded_vendor,active,fermob-luxembourg-hoher-tisch,Fermob,Gartentische
a8e67dcf-8f72-41a4-a431-fd4d04f66ee2,old_only,excluded_vendor,active,fermob-bellevie-2-sitzer-modul-rechts,Fermob,Gartensofas
a8eeffc4-7e35-43db-8a8e-64e4575ed635,old_only,excluded_vendor,active,umbrosa-sonnenschirm-spectra-straight,Umbrosa,Sonnenschirme
a8f24401-c558-415d-9a7b-8a6a22907b53,old_only,excluded_vendor,active,fermob-bellevie-2-sitzer-eckmodul-rechts,Fermob,Gartensofas
a8fae787-17ab-4bc1-b7fe-4d01376c2def,old_only,excluded_vendor,active,fermob-bellevie-3-sitzer-club-sofa-mit-kissen,Fermob,Gartensofas
a9126da8-0f09-410e-a630-f47d050a1c5c,old_only,excluded_vendor,active,umbrosa-sonnenschirm-spectra,Umbrosa,Sonnenschirme
a9196344-cd36-4557-930a-390792531495,old_only,excluded_vendor,active,fermob-bistro-metallstuhl,Fermob,Gartenstühle
a92e8e90-3c22-432c-a0b4-d79b7ba52156,old_only,excluded_vendor,active,fermob-stuhl-studie,Fermob,Stühle
a9391701-f13d-4cb3-a334-e541d0e6b06d,old_only,excluded_product_type,active,ethnicraft-schale-satellite,Ethnicraft,Dekoration
a956b3e4-f418-4e30-b00b-b01e6e5ba6c2,old_only,excluded_vendor,active,fermob-sitzbank-luxembourg-kompakt,Fermob,Sitzbänke
a959d4df-608e-466f-b844-a50598d6799c,old_only,excluded_vendor,active,fermob-sitzbank-luxembourg-kompakt,Fermob,Sitzbänke
a989e8d6-e120-4a57-8286-0f80ebfa2832,old_only,excluded_vendor,active,fermob-bellevie-1-sitzer-polsterhocker,Fermob,Hocker
a9931162-6756-4d54-944e-1360b0410786,old_only,excluded_product_type,active,scapa-vase-lathe-walnut,Scapa,Accessoires
a99ea30c-da29-45bd-acda-339bec7ca728,old_only,excluded_vendor,active,fermob-bellevie-2-sitzer-modul-mitte,Fermob,Gartensofas
a99f05ce-cab4-46ee-96d3-dbcd9536b160,old_only,excluded_vendor,active,fermob-bellevie-1-sitzer-modul-mitte,Fermob,Gartensofas
a9d10cef-0154-48a9-941e-d7ab3097f3b7,old_only,excluded_product_type,active,sirius-kerze-christmas-tree,Sirius,Dekoration
a9ff6343-6a3c-41f7-8e35-916b1f5084bb,old_only,excluded_vendor,active,fermob-bellevie-2-sitzer-eckmodul-rechts,Fermob,Gartensofas
aa2d78d3-d5cb-421d-8dc4-f4d342090309,old_only,excluded_vendor,active,fermob-bellevie-2-sitzer-modul-links,Fermob,Gartensofas
aa2ee4d2-da98-432e-bf24-fcc8bedfe5cd,old_only,excluded_vendor,active,umbrosa-sonnenschirm-spectra-straight,Umbrosa,Sonnenschirme
aa328896-3f79-4e4c-b8ae-cbc85b917a6c,old_only,excluded_vendor,active,fermob-gartensofa-bellevie-2-sitzer,Fermob,Gartensofas
aa59119b-8482-4e38-a481-e77556b6a86f,old_only,excluded_vendor,active,fermob-bellevie-halbhoher-tisch-74x80cm,Fermob,Gartentische
aa59e2f9-446f-4a50-93b0-a84505822b94,old_only,excluded_vendor,active,fermob-tiefer-sessel-luxembourg,Fermob,Sessel
aa619ec5-9d62-4394-94de-3196271acc48,old_only,excluded_vendor,active,gartentisch-romane,Fermob,Gartentische
aa6dc55d-5293-4764-bb8c-845882bce851,old_only,excluded_vendor,active,fermob-bellevie-2-sitzer-club-sofa-mit-kissen,Fermob,Gartensofas
aa7682eb-3cc3-4ed3-9726-ac19b18f2f12,old_only,excluded_vendor,active,fermob-bellevie-tisch-140x80cm,Fermob,Gartentische
aa768e26-855a-45e3-8710-2421b856cd4d,old_only,excluded_vendor,active,fermob-bellevie-1-sitzer-modul-links,Fermob,Gartensofas
aa7774c2-a79f-4644-ac75-ca2d6426a7e0,old_only,excluded_vendor,active,fermob-bistro-barstuhl,Fermob,Barstühle
aa8c4ecf-1e05-41f6-a30f-f398a5ad6c09,old_only,excluded_vendor,active,fermob-kleiner-niedriger-bestelltisch,Fermob,Beistelltische
aa989f3d-a268-4c08-a73e-4bb307d90eda,old_only,excluded_vendor,active,ofyr-grill-island-pro,Ofyr,Grills
aaa7be95-2f63-4714-92b7-89f32685c826,old_only,excluded_vendor,active,gartentisch-romane,Fermob,Gartentische
aab31a71-26dc-4bb7-8e28-f7aa68b96265,old_only,excluded_vendor,active,deckenlampe-puro-contour,Brokis,Hängeleuchten
aabff969-cb39-40cd-acf7-dc6afb1b3a74,old_only,excluded_vendor,active,gartentisch-romane,Fermob,Gartentische
aac93106-4d71-4216-821f-61875d226786,old_only,excluded_vendor,active,fermob-bellevie-2-sitzer-polsterhocker,Fermob,Sitzbänke
aae62ec0-ee48-4d8b-be50-1bf6e9099c7b,old_only,excluded_vendor,active,fermob-bellevie-2-sitzer-eckmodul-links,Fermob,Gartensofas
aae7f486-8414-4f6e-b26d-ef9a60ab806d,old_only,excluded_vendor,active,fermob-bellevie-2-sitzer-modul-rechts,Fermob,Gartensofas
aaeabe56-3f00-45de-aa09-264e2d437e6d,old_only,excluded_vendor,active,gartentisch-flower-kopie,Fermob,Gartentische
ab05232e-32e1-427d-8952-2608a387b3ca,old_only,excluded_vendor,active,fermob-gartensofa-bellevie-2-sitzer,Fermob,Gartensofas
ab0d1502-e18b-4d85-997c-08cc62b87d3f,old_only,excluded_vendor,active,ofyr-kamado-table-corten-pro-65-beton-bge,Ofyr,Grills
ab15f7d6-27a7-4cd7-9b0b-f072dc67c85c,old_only,excluded_vendor,active,fermob-surprising-fussablage,Fermob,Hocker
ab27ff59-d457-413f-b57e-692f48100dc4,old_only,excluded_vendor,active,gartentisch-floreal,Fermob,Gartentische
ab47bbfa-db29-409e-9900-61ba966ccfa3,old_only,excluded_vendor,active,fermob-bellevie-3-sitzer,Fermob,Gartensofas
ab5079ba-72a7-4aa2-ba55-716025b6fd9f,old_only,excluded_vendor,active,fermob-bellevie-zusammenstellung-1b,Fermob,Gartensofas
ab541df2-57bf-4744-8caa-4ba830e13844,old_only,excluded_vendor,active,fermob-bistro-tisch-71x71cm,Fermob,Gartentische
ab542f71-299a-4223-be68-c4a5c18e31bc,old_only,excluded_vendor,active,fermob-bellevie-sessel-fur-den-essbereich,Fermob,Gartenstühle
ab5b1799-9b9f-45c1-8182-c9cbb8423b66,old_only,excluded_vendor,active,fermob-luxembourg-tisch-80x80cm,Fermob,Gartentische
ab5dd8a9-2355-4d57-b6a2-78da35abc868,old_only,excluded_vendor,active,fermob-bellevie-sessel,Fermob,Sessel
ab6a8e1b-2423-4a21-ad8a-c4d3e3728ba8,old_only,excluded_product_type,active,ethnicraft-bricks-wanddekoration-recyceltes-holz,Ethnicraft,Dekoration
ab7abc9d-0f8c-4f9e-b481-bcb2b1dcdb7e,old_only,excluded_vendor,active,fermob-bellevie-zusammenstellung-2a-1,Fermob,Gartensofas
ab7c4cdd-05f5-4488-8eed-908b5c2a21e9,old_only,excluded_vendor,active,umbrosa-spectra-straight-alu,Umbrosa,Sonnenschirme
ab7ffcbc-8a62-44c6-80db-89de7c058794,old_only,excluded_vendor,active,mini-wattson-original-table-lamp,Piffany,Tischlampen
ab8685fd-8bf4-4188-bf65-1a82f93446dc,old_only,excluded_vendor,active,fermob-bellevie-3-sitzer,Fermob,Gartensofas
ab99fef4-4492-40d6-ab15-afe57e7cf20d,old_only,excluded_vendor,active,fermob-bistro-stehtisch-71x71cm,Fermob,Bartische
ab9f657c-8cb8-4925-b1be-c305b04e9fee,old_only,excluded_vendor,active,storage-insert-pro,Ofyr,Holzlagerung
aba8131f-f0b2-4b26-81da-bbca3223e826,old_only,excluded_vendor,active,gartentisch-floreal,Fermob,Gartentische
abbc2c3b-1a45-4b1f-b765-3aa54beeb71a,old_only,excluded_product_type,active,tribu-eclipse-quadratischer-lyptusholz-sonnenschirm,Tribù,Sonnenschirme
abc8155d-0b99-4336-af61-895dba66a917,old_only,excluded_vendor,active,fermob-nevada-holzhalter,Fermob,Holzlagerung
abd1d0c0-c347-42d0-9e2d-f66695d5fd5a,old_only,excluded_vendor,active,gartentisch-ribamelle,Fermob,Gartentische
abf34abf-be02-40e1-bed2-fd8bdfa81fc5,old_only,excluded_vendor,active,gartentisch-craft,Fermob,Gartentische
abf39a72-dec1-4cb6-8309-f38e1cd985c7,old_only,excluded_vendor,active,fermob-bistro-tisch-d96,Fermob,Gartentische
abf4e7a3-7c1a-43bd-83e6-df873871e0c6,old_only,excluded_vendor,active,umbrosa-spectra-straight-alu,Umbrosa,Sonnenschirme
abf4e815-ccc7-4b88-9e48-166ad2a5cbc5,old_only,excluded_vendor,active,gartentisch-ribamelle,Fermob,Gartentische
ac0fffbd-c487-4e0b-a842-28eea654dca6,old_only,excluded_vendor,active,fermob-luxembourg-bridge-barstuhl,Fermob,Barstühle
ac126797-ff52-4d27-81c9-3b2dad622e29,old_only,excluded_vendor,active,fermob-bellevie-zusammenstellung-1a,Fermob,Gartensofas
ac1d4ffe-ff5d-4a99-bf59-06deefbabab2,old_only,excluded_vendor,active,fermob-bistro-tisch-71x71cm,Fermob,Gartentische
ac27e891-07bb-4963-bf38-587ff46944cf,old_only,excluded_vendor,active,fermob-2-3-sitzer-bank-mit-ruckenlehne-luxembourg,Fermob,Sitzbänke
ac295ce7-3085-4f63-a3da-82af2772e65a,old_only,excluded_vendor,active,fermob-bellevie-hoher-tisch-140x80cm,Fermob,Bartische
ac2b9660-633a-4667-adbc-389411bfd485,old_only,excluded_vendor,active,fermob-gartensofa-bellevie-2-sitzer,Fermob,Gartensofas
ac3cee12-6fa9-4069-90bd-9266dfbbeca9,old_only,excluded_product_type,active,scapa-handgestrickte-decke-lulu,Scapa,Dekoration
ac40b77f-e704-488d-92a1-100cb743a19c,old_only,excluded_vendor,active,fermob-bellevie-3-sitzer,Fermob,Gartensofas
ac51cb7b-f641-4a08-80b9-ad8faf0ad08b,old_only,excluded_vendor,active,fermob-bellevie-sessel,Fermob,Sessel
ac599a39-dc79-43a3-af6f-fe1811bc817a,old_only,excluded_vendor,active,fermob-luxembourg-kid-bank,Fermob,Sitzbänke
ac5db874-099e-494b-bd14-5c2bf067fe48,old_only,excluded_product_type,active,bordbar-pan-am-river-rocker-silber-kopie,Homestorys,Servierwagen
ac6cd8a3-52e3-40ed-b8e5-3873da76423e,old_only,excluded_vendor,active,umbrosa-paraflex-wall-square-230,Umbrosa,Sonnenschirme
ac75de52-1ea7-4dfd-9813-4895e8a55388,old_only,excluded_vendor,active,fermob-luxembourg-lounge-sessel,Fermob,Sessel
ac8ca2dd-b459-4c77-8cb3-9ced7bf625ea,old_only,excluded_vendor,active,fermob-bellevie-zusammenstellung-2a-1,Fermob,Gartensofas
ac8f9696-b890-4b70-bde3-ad55b444df3a,old_only,excluded_vendor,active,fermob-bellevie-2-sitzer-modul-mitte,Fermob,Gartensofas
ac9cc15b-dd82-4de4-983f-67ec2c48a516,old_only,excluded_vendor,active,fermob-luxembourg-lounge-stuhl,Fermob,Sessel
aca40ab9-959f-4c4c-b996-9841fb3a0317,old_only,excluded_vendor,active,fermob-bellevie-1-sitzer-modul-mitte,Fermob,Gartensofas
aca47906-06f1-4e6a-830c-4ed7eb53423d,old_only,excluded_vendor,active,fermob-bellevie-sessel,Fermob,Sessel
acb31e65-34e3-4655-869f-c1445e495706,old_only,excluded_vendor,active,fermob-bellevie-2-sitzer-modul-mitte,Fermob,Gartensofas
acc28592-9164-4aea-bb3d-5097df88e36c,old_only,excluded_vendor,active,fermob-luxembourg-kid-stuhl,Fermob,Gartenstühle
acd89beb-88b2-479e-9f22-606c8753496d,old_only,excluded_vendor,active,gubi-multi-lite-stehleuchte,Gubi,Stehlampen
ace71a4d-5088-47f1-b370-6183f4985e12,old_only,excluded_vendor,active,ofyr-grill-classic-storage-100-pro,Ofyr,Grills
ace8496d-cf7c-4994-a5c6-e22013ffcabf,old_only,excluded_product_type,active,tribu-ceramic-protector,Tribù,Pflegeprodukte
acef57bc-e50b-4f8c-8c76-8c699f85e57e,old_only,excluded_vendor,active,fermob-bellevie-zusammenstellung-3a,Fermob,Gartensofas
ad036bc6-f186-48bd-8d91-ee575c3c3121,old_only,excluded_product_type,active,libeco-auburn-decke-stripe-260x240,Libeco,Decken
ad08a86d-bca6-444d-83b5-4dd27ec73097,old_only,excluded_vendor,active,fermob-bistrostuhl-naturel,Fermob,Gartenstühle
ad0bb35f-879a-4c86-892c-7e901496ec29,old_only,excluded_vendor,active,fermob-bellevie-1-sitzer-modul-links,Fermob,Gartensofas
ad38f597-0bd8-4fd8-a4b2-b1b84923f548,old_only,excluded_vendor,active,fermob-bellevie-1-sitzer-modul-mitte,Fermob,Gartensofas
ad3cbc48-17a7-4461-bb15-a10038a221bd,old_only,excluded_vendor,active,fermob-1900-cabriolet-sessel,Fermob,Sessel
ad4dfedd-507b-4837-a7d4-e25dab27f0b8,old_only,excluded_vendor,active,fermob-bellevie-sessel,Fermob,Sessel
ad4eb304-f23c-4508-b349-88e43b3ce7c4,old_only,excluded_vendor,active,gubi-multi-lite-tischlampe,Gubi,Tischlampen
ad53b050-8ead-4f7e-ab45-eddbba8e5a25,old_only,excluded_product_type,active,tribu-schutzhullen,Tribù,Abdeckungen
ad574daa-b659-4c63-86e4-5a726c1e9702,old_only,excluded_vendor,active,fermob-bellevie-2-sitzer-eckmodul-rechts,Fermob,Gartensofas
ad5d5443-b4ea-411c-b8d5-98cc981d5428,old_only,excluded_product_type,active,ethnicraft-wandaufhaken-massivholz,Ethnicraft,Kleiderhaken
ad65f763-abf6-4bce-9af0-5c6f62051e13,old_only,excluded_vendor,active,fermob-bellevie-zusammenstellung-3a,Fermob,Gartensofas
ad6a5574-8450-4dc7-a5d7-2bce55248e1e,old_only,excluded_vendor,active,fermob-bellevie-1-sitzer-modul-links,Fermob,Gartensofas
ad6b3b06-e2c2-4386-aba7-f689043b5714,old_only,excluded_vendor,active,fermob-luxembourg-gueridon-haut-80x80cm,Fermob,Bartische
ad6c97d2-3252-4e7b-9d49-f1c21aa4cb77,old_only,excluded_vendor,active,mini-wattson-original-table-lamp,Piffany,Tischlampen
ad701336-8a19-454e-a892-d79428e93d9d,old_only,excluded_vendor,active,fermob-bellevie-zusammenstellung-3b,Fermob,Gartensofas
ad7ffd65-04de-4383-8b91-bddfc637253b,old_only,excluded_vendor,active,gartentisch-petale,Fermob,Gartentische
ad8a4cda-4c66-429b-b6ff-6daabbb10bcc,old_only,excluded_vendor,active,fermob-bellevie-2-sitzer-modul-links,Fermob,Gartensofas
ad8fe680-a502-4f66-a690-4e36344ca839,old_only,excluded_vendor,active,wandlampe-memory-wall,Brokis,Wandleuchten
ada34816-526f-46a0-915b-75cd886c319a,old_only,excluded_vendor,active,gubi-stemlite-stehlampe,Gubi,Stehlampen
adaa7692-0196-4b6c-be82-be696cac38da,old_only,excluded_vendor,active,fermob-bellevie-2-sitzer-club-sofa-mit-kissen,Fermob,Gartensofas
adb83935-8bde-4d87-8b88-7f50b68dd656,old_only,excluded_vendor,active,fermob-luxembourg-kid-stuhl,Fermob,Gartenstühle
adbd7e2a-82c4-418a-aa7f-9d8ec9458137,old_only,excluded_vendor,active,gartentisch-floreal,Fermob,Gartentische
adc21949-f737-48f3-b069-f8a5f56e28ef,old_only,excluded_vendor,active,fermob-gartensofa-bellevie-2-sitzer,Fermob,Gartensofas
adc6f0b9-58d7-422b-b10e-27783f614367,old_only,excluded_vendor,active,gartentisch-opera-carronde,Fermob,Gartentische
adccc89b-9c7b-46a4-8797-7363558f72a6,old_only,excluded_vendor,active,fermob-bebop-niedriger-tisch-120-x-70-x-29cm,Fermob,Beistelltische
add39060-af30-4a77-a316-3d50f856bb9d,old_only,excluded_vendor,active,fermob-bellevie-3-sitzer-club-sofa-mit-kissen,Fermob,Gartensofas
add4f065-ea0c-403d-bf4b-2f0be648e794,old_only,excluded_vendor,active,gartensessel-bellevie,Fermob,Sessel
adf9aa77-ff44-457b-9f40-a8c9cd79143b,old_only,excluded_vendor,active,fermob-bellevie-3-sitzer-club-sofa-mit-kissen,Fermob,Gartensofas
ae23ad58-3bc2-4e50-877f-608a8e418a6b,old_only,excluded_vendor,active,fermob-bellevie-zusammenstellung-1a,Fermob,Gartensofas
ae2e3f37-7b74-49c8-910c-6d56c298bd9e,old_only,excluded_vendor,active,fermob-luxembourg-tisch-mit-4-fusse-80x80,Fermob,Gartentische
ae2ed1b6-0459-491b-8ec0-fad9bcc08087,old_only,excluded_product_type,active,cane-line-parasols-hyde-luxe-hanging-sonnenschirm-3x4-1,Cane-line,Sonnenschirme
ae3f9f80-245b-48d5-80e4-77d0ad42e8be,old_only,excluded_vendor,active,fermob-gartensofa-bellevie-2-sitzer,Fermob,Gartensofas
ae46ad94-8d74-48d1-891a-c67ff1f8c716,old_only,excluded_vendor,active,brokis-stehlampe-balloons-pc856,Brokis,Stehlampen
ae533487-f701-46aa-a77d-5001fac48ed7,old_only,excluded_vendor,active,fermob-calvi-tisch-140-x-140-cm,Fermob,Gartentische
ae5a88a6-836b-4e7d-b4d1-3ba6270b6cd3,old_only,excluded_vendor,active,fermob-caractere-tisch-90x190,Fermob,Gartentische
ae68194c-7f7b-4cac-88f2-dd34bbbeda09,old_only,excluded_vendor,active,gartentisch-petale-kopie,Fermob,Gartentische
ae70ec0a-1e7a-48ae-911a-6b86617db11c,old_only,excluded_vendor,active,fermob-bellevie-2-sitzer-eckmodul-links,Fermob,Gartensofas
ae8dbb70-bf4e-443f-8ae1-0e31b8f3264f,old_only,excluded_vendor,active,fermob-lighting-mooon-lampe-h63cm,Fermob,Tischlampen
aeba76a3-b5ad-4c9b-a263-ab38482798d5,old_only,excluded_vendor,active,kerze-pillar-rustic-led-uyuni-forest-black-o7-8-x-15cm,Piffany,Kerzen
aebcdfe8-cc40-478c-b0eb-af9cdfd48c05,old_only,excluded_product_type,active,manutti-flex-konzept-6-schutzhulle,Manutti,Abdeckungen
aec97b85-bfd6-420a-8174-3312f86238eb,old_only,excluded_vendor,active,wandlampe-memory-wall,Brokis,Wandleuchten
aedcf988-2fd1-4869-a64c-d9e02a2893f1,old_only,excluded_vendor,active,armlehnstuhl-studie,Fermob,Gartenstühle
aee988cd-be89-49cd-81dc-9583c4f54dde,old_only,excluded_vendor,active,extremis-gartentisch-pantagruel,Extremis,Gartentische
af0d57c4-afb4-4caf-b071-207887584daa,old_only,excluded_vendor,active,gubi-bl1-tisch-lampe,Gubi,Tischlampen
af0f04fa-ca76-408c-8486-332c9a404de9,old_only,excluded_vendor,active,brokis-deckenleuchte-memory-ceiling,Brokis,Deckenleuchten
af1c87f9-5b40-4a3f-9199-6fa58da7d97e,old_only,excluded_vendor,active,fermob-bellevie-2-sitzer-polsterhocker,Fermob,Sitzbänke
af1ddd6e-70c0-46b8-b659-c422adb21059,old_only,excluded_vendor,active,gartentisch-ribamelle,Fermob,Gartentische
af2fcc7b-f59c-4c22-b240-7ace12234d2e,old_only,excluded_vendor,active,fermob-bistrostuhl-naturel,Fermob,Gartenstühle
af366f0c-6eab-47b7-bcf3-32acf58f18ed,old_only,excluded_vendor,active,gartentisch-romane,Fermob,Gartentische
af4e5a4d-c79e-433c-8d6a-1f59a3a0913e,old_only,excluded_vendor,active,gartentisch-craft-kopie,Fermob,Gartentische
af5b1ed6-2c92-4f2c-978f-351cc1d0b0f0,old_only,excluded_vendor,active,fermob-luxembourg-doppelter-sessel,Fermob,Sessel
af5bab2a-5a93-4e45-84cd-f363b3a8f510,old_only,excluded_product_type,active,tasche-mini-glory-shopper,Natures Collection,Accessoires
af6d8680-db66-4a44-80f0-de1f5fd2623b,old_only,excluded_product_type,active,tribu-eclipse-quadratischer-aluminium-sonnenschirm,Tribù,Sonnenschirme
af6f4477-36ea-4de6-8abe-1e240fdc4e5f,old_only,excluded_vendor,active,gartentisch-petale-kopie,Fermob,Gartentische
af86dfd0-d318-4147-a003-6af0e0d80857,old_only,excluded_vendor,active,fermob-gartensofa-bellevie-2-sitzer,Fermob,Gartensofas
af967d64-b442-47c4-9a32-a3f9b8a97455,old_only,excluded_product_type,active,scapa-vase-lathe-walnut,Scapa,Accessoires
afa364c5-330b-4171-a78e-27e52c3180bc,old_only,excluded_vendor,active,umbrosa-sonnenschirm-spectra,Umbrosa,Sonnenschirme
afb0af1c-5c5c-48ad-8111-b9a6d49d3f7c,old_only,excluded_vendor,active,fermob-bellevie-1-sitzer-modul-mitte,Fermob,Gartensofas
afc29151-a895-409f-a6e7-bd6dc9b02d7e,old_only,excluded_vendor,active,ofyr-grill-island,Ofyr,Grills
afc8483d-1e5e-4d9a-a9e7-2175b3db9079,old_only,excluded_vendor,active,fermob-bellevie-2-sitzer-eckmodul-rechts,Fermob,Gartensofas
afcccd69-b536-42ea-aa81-34b07f171fae,old_only,excluded_vendor,active,fermob-bellevie-1-sitzer-polsterhocker,Fermob,Hocker
afd99e69-6201-4fb9-804b-19c639b2ba06,old_only,excluded_vendor,active,fermob-bellevie-2-sitzer-club-sofa-mit-kissen,Fermob,Gartensofas
b005b6db-652a-42e5-a2cd-e2c1f492e6d7,old_only,excluded_vendor,active,ofyr-grill-island,Ofyr,Grills
b0067dcb-22b9-40c3-b792-b588386724ae,old_only,excluded_vendor,active,gartenstuhl-studie,Fermob,Gartenstühle
b006fec5-0010-4b8c-a6d4-21f05993005b,old_only,excluded_vendor,active,fermob-bank-bellevie,Fermob,Sitzbänke
b00bf5ac-f0bd-4aa7-bfb6-8f2fe3f13d53,old_only,excluded_vendor,active,fermob-alize-tiefer-sessel-tog-stereo,Fermob,Sessel
b00cee66-6129-4d0b-b467-9bee14315d7b,old_only,excluded_vendor,active,fermob-luxembourg-barstuhl,Fermob,Barstühle
b02f571d-a991-4815-aacb-1c58dc9916a4,old_only,excluded_vendor,active,fermob-luxembourg-niedriger-doppelter-tisch,Fermob,Couchtische
b030dff7-c02a-4366-9fec-02b34aa7d102,old_only,excluded_vendor,active,fermob-bellevie-1-sitzer-modul-mitte,Fermob,Gartensofas
b03724a3-55de-479d-a638-8d3ff9ade4c0,old_only,excluded_vendor,active,umbrosa-spectra-straight-alu,Umbrosa,Sonnenschirme
b03a1eb4-d3ae-445c-87ae-89c98744f724,old_only,excluded_vendor,active,fermob-1900-cabriolet-sessel,Fermob,Sessel
b06ce60d-2bd0-4561-b74a-407f0369e476,old_only,excluded_vendor,active,tischlampe-spectra,Brokis,Tischlampen
b071ab6f-4908-4ff7-9558-44e53dcf5869,old_only,excluded_vendor,active,fermob-bellevie-zusammenstellung-1b,Fermob,Gartensofas
b07d7a44-04a1-4dd8-94b7-a029ecaf7341,old_only,excluded_vendor,active,fermob-bellevie-zusammenstellung-1a,Fermob,Gartensofas
b08a4a0b-c912-4d31-8070-330181b0b2df,old_only,excluded_vendor,active,fermob-sitzbank-luxembourg-kompakt,Fermob,Sitzbänke
b09ec609-0c36-4b82-907f-0a3fbce6d1df,old_only,excluded_vendor,active,gartentisch-romane,Fermob,Gartentische
b0aa2309-aba5-4ed9-8fcb-c28d91323506,old_only,excluded_vendor,active,fermob-bank-louisiana-150cm,Fermob,Sitzbänke
b0cecf7b-d0ad-4fb6-8383-6267fc22f9de,old_only,excluded_vendor,active,fermob-luxembourg-tisch-mit-4-fusse-80x80,Fermob,Gartentische
b101b329-aed5-4ac6-a446-c95c814f78c5,old_only,excluded_vendor,active,gartentisch-floreal,Fermob,Gartentische
b120cd39-5460-4fec-8110-eb07868556d0,old_only,excluded_vendor,active,fermob-bellevie-halbhoher-tisch-140x80cm,Fermob,Gartentische
b1268dec-956a-43fc-bef2-32d5415536bb,old_only,excluded_vendor,active,fermob-aplo-lampe-h24cm,Fermob,Tischlampen
b128c8c1-cf57-4c01-bc71-1d02c1dcfb70,old_only,excluded_vendor,active,fermob-luxembourg-kid-bank,Fermob,Sitzbänke
b1377f79-e3da-481c-b589-1c206d9544a9,old_only,excluded_vendor,active,fermob-bellevie-2-sitzer-polsterhocker,Fermob,Sitzbänke
b14daee0-6e22-48aa-beb2-0a4a593fbc98,old_only,excluded_vendor,active,fermob-cocotte-beistelltisch,Fermob,Beistelltische
b151474a-7571-44ce-be8c-a77e1da47d9f,old_only,excluded_vendor,active,umbrosa-sonnenschirm-spectra,Umbrosa,Sonnenschirme
b16b1d1c-5179-40be-b527-887567721cfd,old_only,excluded_vendor,active,fermob-1900-cabriolet-sessel,Fermob,Sessel
b16ffdfc-6fef-4feb-a8b0-2512762fe530,old_only,excluded_vendor,active,fermob-luxembourg-tisch-mit-4-fusse-80x80,Fermob,Gartentische
b18f7ad9-1a5b-4194-8bd8-874a88581a78,old_only,excluded_vendor,active,fermob-surprising-fussablage,Fermob,Hocker
b1947900-a056-4245-b23c-cb0f65ec8c91,old_only,excluded_vendor,active,fermob-bellevie-zusammenstellung-3b,Fermob,Gartensofas
b19a0cee-2e81-4095-a808-924a7c210b73,old_only,excluded_vendor,active,brokis-stehlampe-ballons-pc858,Brokis,Stehlampen
b19db305-a47b-49b9-bc1a-d1274119e4b7,old_only,excluded_vendor,active,fermob-tisch-luxembourg,Fermob,Gartentische
b1a6250d-053c-4ac8-b4b4-7240f205f269,old_only,excluded_vendor,active,fermob-bistro-metallstuhl,Fermob,Gartenstühle
b1a8cace-f9f7-4598-a500-0baed13451d2,old_only,excluded_vendor,active,fermob-tiefer-sessel-luxembourg,Fermob,Sessel
b1ae1c08-06d7-420f-9906-a194ad072790,old_only,excluded_vendor,active,fermob-stuhl-luxembourg,Fermob,Gartenstühle
b1b7c276-9cfb-47b1-935b-2dad667fc472,old_only,excluded_vendor,active,fermob-basket-blumenkasten-hoch,Fermob,Topf
b1cfbb6a-63f9-4524-be81-20433bad8519,old_only,excluded_vendor,active,fermob-bellevie-2-sitzer-modul-mitte,Fermob,Gartensofas
b1dc329d-02cb-4acd-9982-942381737017,old_only,excluded_vendor,active,gartentisch-petale,Fermob,Gartentische
b1e5b689-0e86-4537-9573-d7f6d4243219,old_only,excluded_vendor,active,fermob-bellevie-halbhoher-tisch-74x80cm,Fermob,Gartentische
b1ec4f9c-e8e1-48da-bf60-7298b5a78382,old_only,excluded_product_type,active,ethnicraft-abdeckung-monocle-modul,Ethnicraft,Abdeckungen
b1f26fa4-f541-4258-a258-8cb839e0994b,old_only,excluded_product_type,active,usm-haller-schubladenkasten-inos-k1,USM Haller,Accessoires
b1f45c76-3e88-486d-ae01-2a249bea98ae,old_only,excluded_vendor,active,gartentisch-floreal,Fermob,Gartentische
b202edad-3fa2-48aa-8c5b-99bbf1e7c2b6,old_only,excluded_vendor,active,extremis-gartentisch-hopper-picnic-aa,Extremis,Gartentische
b20517fc-e132-4ad6-b591-5555097a2093,old_only,excluded_vendor,active,fermob-1900-stuhl,Fermob,Gartenstühle
b20844b8-a353-43db-8b30-108c7f661016,old_only,excluded_vendor,active,fermob-bellevie-2-sitzer-modul-rechts,Fermob,Gartensofas
b21da426-2052-4b61-9522-20d2f0e21829,old_only,excluded_vendor,active,fermob-luxembourg-kid-tisch-76x55cm,Fermob,Gartentische
b2254725-addf-4230-abc8-2a745affe7cb,old_only,excluded_vendor,active,gartentisch-romane-rund,Fermob,Gartentische
b240fa6f-2341-471c-b018-9e4907b9742b,old_only,excluded_vendor,active,gartentisch-floreal,Fermob,Gartentische
b241c742-d08e-47d7-a4a4-864e24f784c8,old_only,excluded_vendor,active,fermob-surprising-tiefer-sessel,Fermob,Sessel
b2439f7a-ac17-4548-83ac-f4dc62db698b,old_only,excluded_vendor,active,fermob-2-3-sitzer-bank-mit-ruckenlehne-luxembourg,Fermob,Sitzbänke
b27374c1-315e-4970-9e8d-c6cdeb848372,old_only,excluded_vendor,active,thonet-b97-a,Thonet,Beistelltische
b274d5b3-66dc-4b6f-a3bf-c0d5182785f9,old_only,excluded_vendor,active,fermob-bistro-tisch-d60,Fermob,Gartentische
b2788d7a-9510-4e54-aa26-7333f6a99025,old_only,excluded_vendor,active,gubi-grashoppa-stehleuchte,Gubi,Stehlampen
b286b683-ad40-49ea-a669-4d737f136eb8,old_only,excluded_vendor,active,fermob-bellevie-1-sitzer-modul-rechts,Fermob,Gartensofas
b28ce777-d7e9-43c4-9151-f6786ea365b8,old_only,excluded_vendor,active,fermob-luxembourg-bridge-barstuhl,Fermob,Barstühle
b28f81d4-3c3e-4711-bb25-d14a0a103620,old_only,excluded_vendor,active,thonet-s32-spv,Thonet,Stühle
b28f91fc-66df-4c86-ab20-522b0a8b1451,old_only,excluded_product_type,active,scapa-durant-vase-sky-black-l,Scapa,Vasen
b29ecf94-8037-4475-a6ef-16ba6b17e0bd,old_only,excluded_vendor,active,fermob-rolltisch-guinguette,Fermob,Servierwagen
b2a2f9b5-40e6-4d1f-8f19-ac7d32746512,old_only,excluded_vendor,active,fermob-bellevie-2-sitzer-polsterhocker,Fermob,Sitzbänke
b2b114fe-c9d8-4dcf-a649-a7a12628c948,old_only,excluded_vendor,active,fermob-bellevie-zusammenstellung-2b,Fermob,Gartensofas
b2b4ef37-ce8c-4ed6-8ef7-87fce33eb387,old_only,excluded_vendor,active,fermob-bellevie-2-sitzer-eckmodul-links,Fermob,Gartensofas
b2b89bb7-3b45-4b7b-a92b-b5630f011711,old_only,excluded_vendor,active,wandlampe-memory-wall,Brokis,Wandleuchten
b2bba9b5-2728-46a6-b03f-d751a0cdf496,old_only,excluded_vendor,active,fermob-kleiner-niedriger-bestelltisch,Fermob,Beistelltische
b2bbb2d0-258d-4561-b3db-8cc6790fa4a8,old_only,excluded_vendor,active,gartentisch-petale,Fermob,Gartentische
b2be7622-4891-4a29-acf5-90b2723489db,old_only,excluded_product_type,active,geschenkgutschein,Homestorys,Geschenkgutscheine
b2c68098-f3af-4167-859b-bc39dd7a2782,old_only,excluded_vendor,active,fermob-bellevie-zusammenstellung-3b,Fermob,Gartensofas
b2e15b2f-5682-425f-9bc8-9b0b48dc72ef,old_only,excluded_vendor,active,brokis-stehlampe-ballons-pc858,Brokis,Stehlampen
b2f1cc1d-da95-431d-a7b9-0c48a2a25ded,old_only,excluded_vendor,active,fermob-bellevie-2-sitzer-modul-links,Fermob,Gartensofas
b3088f1d-4a4b-451d-9771-ec22d913aa85,old_only,excluded_vendor,active,gartentisch-petale-kopie,Fermob,Gartentische
b3114606-e4ee-4c29-bcea-56495a18009c,old_only,excluded_vendor,active,ofyr-grill-classic,Ofyr,Grills
b313ccf7-ede0-46f0-873d-c9b627b34ae2,old_only,excluded_vendor,active,fermob-gartensofa-bellevie-2-sitzer,Fermob,Gartensofas
b317a2d8-80a5-4ad1-941b-48e659e2f2be,old_only,excluded_vendor,active,fermob-bellevie-2-sitzer-eckmodul-rechts,Fermob,Gartensofas
b321ab05-d279-43ed-9465-6905bf9785da,old_only,excluded_vendor,active,fermob-bellevie-2-sitzer-club-sofa-mit-kissen,Fermob,Gartensofas
b324063c-b904-417b-bc48-51a457406a50,old_only,excluded_vendor,active,gartentisch-craft,Fermob,Gartentische
b32861e3-0d65-4e2c-a8cd-680074503b48,old_only,excluded_vendor,active,umbrosa-sonnenschirm-spectra-straight,Umbrosa,Sonnenschirme
b3298533-d246-4ab8-b33a-9b275f210878,old_only,excluded_vendor,active,deckenlampe-puro-contour,Brokis,Hängeleuchten
b33ce507-f59a-484c-a9d1-26090fd7c1bf,old_only,excluded_vendor,active,ofyr-mise-en-place-table-pro,Ofyr,Küchen
b36d1305-b0db-40a5-847c-5083a7a30083,old_only,excluded_vendor,active,fermob-caractere-tisch-128x128cm,Fermob,Gartentische
b372024b-9536-4358-8e6d-ae95ce359749,old_only,excluded_vendor,active,fermob-bellevie-1-sitzer-modul-rechts,Fermob,Gartensofas
b3781dad-3fb7-4bd6-883b-e0bd0c24d9f0,old_only,excluded_vendor,active,fermob-bistro-tisch-d77,Fermob,Gartentische
b3965c6e-fc88-43fe-9dab-68eae1c27376,old_only,excluded_vendor,active,fermob-bellevie-zusammenstellung-1a,Fermob,Gartensofas
b3a41cf5-c6c2-4026-8f3f-c86f2dcf1407,old_only,excluded_vendor,active,fermob-bank-bellevie,Fermob,Sitzbänke
b3a9b180-dad4-4f4c-8d04-40a8deb8f9b0,old_only,excluded_vendor,active,fermob-bellevie-1-sitzer-polsterhocker,Fermob,Hocker
b3c336af-4fa0-4a93-9eb2-b727cb316f0d,old_only,excluded_vendor,active,gubi-grashoppa-tisch-lampe,Gubi,Tischlampen
b3dab3f6-b8be-4784-9f3b-197a6a6eeb1a,old_only,excluded_vendor,active,fermob-bank-mit-ruckenlehne-bellevie,Fermob,Sitzbänke
b3ebe474-ea4c-4f46-baa1-52c8d1463dcc,old_only,excluded_vendor,active,fermob-bellevie-halbhoher-tisch-74x80cm,Fermob,Gartentische
b3ec9e58-d101-4213-9480-bd710edcb983,old_only,excluded_vendor,active,fermob-bistro-barstuhl,Fermob,Barstühle
b3ed7c09-9968-40d2-8cdc-91609fa1d9f1,old_only,excluded_vendor,active,umbrosa-spectra-straight-alu,Umbrosa,Sonnenschirme
b3ed8dc9-6f28-47eb-9b41-703f4903005b,old_only,excluded_vendor,active,fermob-schaukelstuhl-luxembourg,Fermob,Sessel
b3f52440-79cd-48d8-bbcd-4a6ebf477672,old_only,excluded_vendor,active,fermob-bellevie-1-sitzer-modul-mitte,Fermob,Gartensofas
b3f8e4d1-79cf-43ea-b8b7-09475e17aed5,old_only,excluded_vendor,active,fermob-bellevie-2-sitzer-club-sofa-mit-kissen,Fermob,Gartensofas
b409739f-9ee8-465c-a302-21535f7db08a,old_only,excluded_vendor,active,umbrosa-sonnenschirm-spectra,Umbrosa,Sonnenschirme
b40f3182-46bf-47d3-9f23-cc1fe199170c,old_only,excluded_vendor,active,fermob-1900-cabriolet-sessel,Fermob,Sessel
b412fcac-f689-40f0-a119-26139a3ff485,old_only,excluded_vendor,active,fermob-bistro-tisch-71x71cm,Fermob,Gartentische
b4168a1d-f947-4715-8f87-f1450dc7f83e,old_only,excluded_vendor,active,fermob-bellevie-zusammenstellung-2b,Fermob,Gartensofas
b42d0865-0eff-4f43-97e8-0cc2f1bf9d4c,old_only,excluded_vendor,active,fermob-bank-bellevie,Fermob,Sitzbänke
b42de9fb-58a6-4f03-bcab-a5a7b89f1623,old_only,excluded_vendor,active,fermob-cadiz-hoher-armlehnstuhl-stereo,Fermob,Gartenstühle
b43682ff-47eb-4bc0-a8ad-b0e736a8e435,old_only,excluded_vendor,active,fermob-luxembourg-barstuhl-1,Fermob,Barstühle
b436bf88-7d42-4329-a117-864cda97870b,old_only,excluded_vendor,active,fermob-bellevie-zusammenstellung-1b,Fermob,Gartensofas
b442d105-d556-475c-91ed-8fcbdbb09585,old_only,excluded_product_type,active,natures-collection-hot-water-bottle,Natures Collection,Accessoires
b455d471-90bc-40ae-8bce-7dd76041ab65,old_only,excluded_vendor,active,fermob-bellevie-2-sitzer-polsterhocker,Fermob,Sitzbänke
b4581c97-fa7c-473e-9d89-2b9be946f8f3,old_only,excluded_vendor,active,ofyr-accessoires-soft-cover-und-loschdeckel-set-86,Ofyr,Grillzubehör
b45a3a6a-b95d-40b5-9a2e-1f25c780b1ba,old_only,excluded_vendor,active,gartentisch-ribamelle,Fermob,Gartentische
b45fc7cf-e726-4abd-9120-0137b488752e,old_only,excluded_vendor,active,fermob-1900-cabriolet-sessel,Fermob,Sessel
b460e164-e9d9-489f-bdf0-02d1e9724de1,old_only,excluded_vendor,active,brokis-stehlampe-ballons-pc858,Brokis,Stehlampen
b4653359-c77d-4e42-af26-ff6c5faf32ff,old_only,excluded_vendor,active,fermob-schaukelstuhl-luxembourg,Fermob,Sessel
b46e8804-3e2f-4ab9-8050-4d7637becfe7,old_only,excluded_vendor,active,gartentisch-floreal,Fermob,Gartentische
b49f4ba3-14c4-4337-b9ea-046b2040daec,old_only,excluded_vendor,active,fermob-bellevie-zusammenstellung-1b,Fermob,Gartensofas
b4b62574-f7ff-4ab9-9ed4-3660a85452a4,old_only,excluded_vendor,active,fermob-bellevie-barhocker,Fermob,Barstühle
b4dad152-bce2-49ca-b5ce-ce6d8eab9ee3,old_only,excluded_vendor,active,gubi-moon-multi-lite-pendant-large,Gubi,Hängeleuchten
b4de9482-082f-4904-9ffb-be4ac38c2319,old_only,excluded_vendor,active,fermob-bellevie-1-sitzer-modul-mitte,Fermob,Gartensofas
b4e585bf-d7bc-4c60-a1ee-a37a22d06703,old_only,excluded_vendor,active,extremis-hopper-picnic-iroko-180cm,Extremis,Gartentische
b4e6c424-d8a2-489f-99b9-6c89e042e691,old_only,excluded_product_type,active,usm-haller-schubladenkasten-inos-k1,USM Haller,Accessoires
b4f26a30-be2a-4337-90ed-cc4d38c1a5bf,old_only,excluded_vendor,active,fermob-bellevie-stuhl-v2,Fermob,Gartenstühle
b4f40160-b367-47d3-9c5e-f6216f41b2f4,old_only,excluded_vendor,active,fermob-surprising-fussablage,Fermob,Hocker
b5026ea3-9984-4a42-884b-764041933ffe,old_only,excluded_vendor,active,fermob-cocotte-basse,Fermob,Beistelltische
b5092470-393c-41db-be84-21d72aee33ab,old_only,excluded_vendor,active,fermob-tisch-bellevie,Fermob,Gartentische
b50b595c-5e16-4b1b-a163-9c387e4cfa12,old_only,excluded_vendor,active,brokis-stehlampe-ballons-pc858,Brokis,Stehlampen
b50ba8e0-4c49-4c76-94bb-e7de6a182b5e,old_only,excluded_vendor,active,piffany-mr-wattson-original-tischlampe-chiltern-green,Piffany,Tischlampen
b5193226-690b-4e19-9eb4-594242e3030f,old_only,excluded_vendor,active,fermob-bellevie-barhocker,Fermob,Barstühle
b51fe6a4-5044-4a1e-8ba3-a8b5a472f80e,old_only,excluded_vendor,active,fermob-bellevie-sessel,Fermob,Sessel
b5331ad0-91e8-4438-8afe-ac2d9280b029,old_only,excluded_vendor,active,fermob-bellevie-zusammenstellung-1b,Fermob,Gartensofas
b539f516-f938-4134-9981-a24cc4140dee,old_only,excluded_vendor,active,gartentisch-opera-carronde,Fermob,Gartentische
b541b48f-c78b-4b85-9e32-298255d14bfa,old_only,excluded_vendor,active,fermob-bellevie-sessel,Fermob,Sessel
b557b09b-a8b0-45a3-925d-6b0cbcb18530,old_only,excluded_vendor,active,lampe-bonbori-outdoor,Brokis,Stehlampen
b561e2f3-5e12-47b1-a5a1-2fc144f96553,old_only,excluded_product_type,active,ethnicraft-jack-3-sitzer-sofa-abdeckung,Ethnicraft,Abdeckungen
b5664570-4b41-4e92-9200-2bd7c6738567,old_only,excluded_vendor,active,fermob-bellevie-sessel-fur-den-essbereich,Fermob,Gartenstühle
b56ce63f-bcfb-4db1-9c50-9461148bd22e,old_only,excluded_vendor,active,extremis-gartentisch-pantagruel-picnic,Extremis,Gartentische
b57c711a-ae24-4a57-94b1-ec0dd78e2875,old_only,excluded_vendor,active,gartensessel-surprising,Fermob,Sessel
b5897390-a81f-4b76-a168-a0dc8b3544a5,old_only,excluded_vendor,active,fermob-bellevie-2-sitzer-modul-rechts,Fermob,Gartensofas
b59bc739-63d4-4e10-8520-63cf47d38cfc,old_only,excluded_vendor,active,fermob-luxembourg-bridge-barstuhl,Fermob,Barstühle
b59f32c3-8009-4758-98e1-52b9e8591556,old_only,excluded_vendor,active,fermob-bellevie-1-sitzer-modul-links,Fermob,Gartensofas
b5ad31c4-163a-4f72-aa5e-4601df0a16ff,old_only,excluded_vendor,active,piffany-melted-kerze-uyuni-led,Piffany,Kerzen
b5ee831a-648d-4d4e-924b-1db77bba423d,old_only,excluded_vendor,active,fermob-1900-cabriolet-sessel,Fermob,Sessel
b5ef7933-f211-4389-b7df-d0d87fb4a9fd,old_only,excluded_vendor,active,fermob-bellevie-1-sitzer-modul-rechts,Fermob,Gartensofas
b5f27de5-1bee-4ff2-acf1-4bc9273440ee,old_only,excluded_vendor,active,fermob-bellevie-zusammenstellung-3b,Fermob,Gartensofas
b5f9234f-eed2-452c-8d73-4fbe0e529460,old_only,excluded_vendor,active,fermob-luxembourg-doppelter-sessel,Fermob,Sessel
b6065fbd-1a45-4459-b886-def2c69bbb01,old_only,excluded_vendor,active,fermob-tisch-bellevie,Fermob,Gartentische
b60d3bf5-7a0b-4f66-9b1a-f4160cef3762,old_only,excluded_vendor,active,fermob-gartensofa-bellevie-2-sitzer,Fermob,Gartensofas
b6113110-8ded-4306-b1ba-d4b621719647,old_only,excluded_vendor,active,umbrosa-sonnenschirm-spectra-straight,Umbrosa,Sonnenschirme
b63bb104-e632-4266-a9e6-483f15e96afa,old_only,excluded_vendor,active,ofyr-fire-guard-ring,Ofyr,Grillzubehör
b63f74b9-19b3-4cf9-a2a6-4754f42675bd,old_only,excluded_vendor,active,fermob-bistro-kissen-38-x-30-cm,Fermob,Sitzkissen
b65f2174-2022-42df-937b-2ef126f505a1,old_only,excluded_vendor,active,fermob-cadiz-bridge,Fermob,Gartenstühle
b67b469c-d4f9-43b4-bc1a-dd4dfc7890cb,old_only,excluded_vendor,active,gartentisch-petale-kopie,Fermob,Gartentische
b67b8da2-2871-4086-87fc-b5400554906a,old_only,excluded_product_type,active,scapa-decke-aberdeen,Scapa,Dekoration
b680dd38-3245-4a39-b5d2-4c9f7aa885e3,old_only,excluded_vendor,active,fermob-bellevie-1-sitzer-modul-links,Fermob,Gartensofas
b690272b-88a3-41e5-888d-fe2818653da5,old_only,excluded_vendor,active,umbrosa-sonnenschirm-spectra-straight,Umbrosa,Sonnenschirme
b693f72e-377d-447a-a95d-b84fa5511170,old_only,excluded_vendor,active,gartentisch-craft,Fermob,Gartentische
b6a0f268-4745-4095-94f3-e9d241bd2827,old_only,excluded_product_type,active,geschenkgutschein,Homestorys,Geschenkgutscheine
b6b12288-6ad8-4f85-b97f-f8d18179a47c,old_only,excluded_vendor,active,fermob-bellevie-2-sitzer-eckmodul-links,Fermob,Gartensofas
b6b89e80-c088-4d3c-9c33-e05e2114819b,old_only,excluded_vendor,active,fermob-bellevie-barhocker,Fermob,Barstühle
b6bc146c-c6d0-40e4-ab3a-5e7cf9a1e368,old_only,excluded_vendor,active,fermob-bellevie-2-sitzer-modul-links,Fermob,Gartensofas
b6c0fe0d-3cd5-4593-9a9e-64e083c72eeb,old_only,excluded_vendor,active,fermob-luxembourg-kid-stuhl,Fermob,Gartenstühle
b6cb70c9-8d75-40ba-83b6-14ab85ef02ea,old_only,excluded_vendor,active,fermob-bellevie-2-sitzer-modul-links,Fermob,Gartensofas
b6ce402b-671a-447d-89c8-176ae82ed797,old_only,excluded_vendor,active,gubi-hangelampe-1965-pendant,Gubi,Hängeleuchten
b6cf4604-55fe-4c75-b1dc-242573d305df,old_only,excluded_vendor,active,fermob-bellevie-zusammenstellung-2b,Fermob,Gartensofas
b6d3c606-f5dc-422f-b145-ff604602f1d8,old_only,excluded_vendor,active,fermob-bellevie-3-sitzer,Fermob,Gartensofas
b6d4f52c-c443-4bb0-828d-23f5efd9eb0e,old_only,excluded_vendor,active,fermob-airloop-tisch-o-60cm,Fermob,Gartentische
b6dda084-fbc7-44a0-9c37-66a95a730a27,old_only,excluded_vendor,active,fermob-2-3-sitzer-bank-mit-ruckenlehne-luxembourg,Fermob,Sitzbänke
b6e5976b-3d5c-421d-9b92-652eef22bc13,old_only,excluded_vendor,active,fermob-bistro-balkontisch,Fermob,Gartentische
b7132989-1951-4611-a539-f4db900414b9,old_only,excluded_vendor,active,gartentisch-petale,Fermob,Gartentische
b71de903-6a69-4402-ab79-f23f3a786d0f,old_only,excluded_vendor,active,fermob-cadiz-barstuhl,Fermob,Barstühle
b71e521d-bc74-47fc-bc28-ebbcde96bb71,old_only,excluded_vendor,active,fermob-bellevie-sessel,Fermob,Sessel
b73cb9d8-2fc8-4a45-8cc3-1d9bedca5ae4,old_only,excluded_vendor,active,fermob-bellevie-zusammenstellung-3a,Fermob,Gartensofas
b7442f70-ce4f-4dd6-bdb2-13cf1a1b104d,old_only,excluded_vendor,active,fermob-alize-beistelltisch,Fermob,Beistelltische
b748758f-151f-447b-889c-40a700562366,old_only,excluded_vendor,active,fermob-bistro-tisch-d96,Fermob,Gartentische
b767a567-3fbe-45e0-a987-b6496940ca4c,old_only,excluded_vendor,active,piffany-mr-wattson-original-tischlampe-chiltern-green,Piffany,Tischlampen
b776813a-fb0d-4e70-89e9-cbcc620f3c8f,old_only,excluded_vendor,active,fermob-luxembourg-barstuhl,Fermob,Barstühle
b78453cd-a884-4618-96c0-15825b963627,old_only,excluded_vendor,active,umbrosa-sonnenschirm-spectra,Umbrosa,Sonnenschirme
b7875d71-4b17-4fc0-abfa-ab7b02dddbcc,old_only,excluded_vendor,active,fermob-bellevie-zusammenstellung-2a-1,Fermob,Gartensofas
b78b8d56-8527-4f23-8977-97a4947a5d26,old_only,excluded_vendor,active,fermob-1900-tisch-d117,Fermob,Gartentische
b7a024b1-576d-427b-8a20-38a26bf4ccb5,old_only,excluded_vendor,active,fermob-bellevie-1-sitzer-modul-rechts,Fermob,Gartensofas
b7a802f2-2f8a-42f8-9218-61e169260a3c,old_only,excluded_vendor,active,umbrosa-spectra-straight-alu,Umbrosa,Sonnenschirme
b7cc3a20-5c21-4df8-8185-fde216f02f29,old_only,excluded_vendor,active,fermob-bellevie-zusammenstellung-1b,Fermob,Gartensofas
b7ea3e68-8dfe-4965-bf28-019c6c9c834e,old_only,excluded_vendor,active,fermob-bellevie-1-sitzer-polsterhocker,Fermob,Hocker
b7f6c96b-d432-42d4-9e43-17406267ed2d,old_only,excluded_vendor,active,gartentisch-petale-kopie,Fermob,Gartentische
b7f947e6-54bb-462a-8d9d-51f4db6449c1,old_only,excluded_vendor,active,fermob-airloop-tisch-o-60cm,Fermob,Gartentische
b7fd6df4-179d-4774-a1a8-b673b2efd427,old_only,excluded_vendor,active,fermob-bellevie-2-sitzer-modul-mitte,Fermob,Gartensofas
b810b981-c1bb-4d39-be16-d433ef76d8d4,old_only,excluded_vendor,active,fermob-bellevie-sessel-fur-den-essbereich,Fermob,Gartenstühle
b83c37fb-9001-4220-b8d1-ec94df205ae7,old_only,excluded_vendor,active,fermob-bellevie-zusammenstellung-1b,Fermob,Gartensofas
b85cc135-790d-4c1c-9655-cd2831b4d0b4,old_only,excluded_vendor,active,fermob-alize-deporte,Fermob,Beistelltische
b85e694a-a62b-492e-99a7-3724ab68b809,old_only,excluded_vendor,active,fermob-luxembourg-lounge-sessel,Fermob,Sessel
b8728216-f3aa-4b9e-bc57-2b5a2f5ba594,old_only,excluded_vendor,active,fermob-sitzbank-luxembourg-kompakt,Fermob,Sitzbänke
b87d9ad6-3d13-4bea-80ce-408d84f385b0,old_only,excluded_vendor,active,fermob-2-3-sitzer-bank-mit-ruckenlehne-luxembourg,Fermob,Sitzbänke
b8a64922-bdd7-4a69-b6e5-42f7c4e037da,old_only,excluded_vendor,active,fermob-bellevie-1-sitzer-modul-links,Fermob,Gartensofas
b8b1d7aa-38b4-4bb4-abc8-8d451a4c2fd8,old_only,excluded_vendor,active,fermob-bellevie-2-sitzer-modul-links,Fermob,Gartensofas
b8b89530-110e-42ae-9af5-28bd066d3c7b,old_only,excluded_vendor,active,fermob-bellevie-3-sitzer-club-sofa-mit-kissen,Fermob,Gartensofas
b8b99e1f-7198-4ba7-8975-8d82b7334f87,old_only,excluded_vendor,active,fermob-bellevie-1-sitzer-modul-links,Fermob,Gartensofas
b8b9e20f-b147-47ea-a52f-b07dd5ceec79,old_only,excluded_vendor,active,fermob-bellevie-1-sitzer-polsterhocker,Fermob,Hocker
b8bdfbd7-8b0b-4d8c-b512-89dc6aab64c6,old_only,excluded_vendor,active,extremis-hopper-picnic-hellwood-360cm,Extremis,Gartentische
b8c4e006-efbf-499a-b5ec-a24a53ca9d0b,old_only,excluded_vendor,active,wandlampe-memory-wall,Brokis,Wandleuchten
b8db437f-f9be-4e67-949e-d4ee9705d2c6,old_only,excluded_vendor,active,gubi-esstischstuhl-beetle-gepolstert,Gubi,Stühle
b8e4ae1b-adee-4137-b1e3-41240343cdac,old_only,excluded_vendor,active,fermob-bellevie-2-sitzer-modul-links,Fermob,Gartensofas
b8ed0dde-a045-40e7-99ad-2658c2ab8607,old_only,excluded_vendor,active,umbrosa-spectra-straight-alu,Umbrosa,Sonnenschirme
b8f38552-4e44-4cf8-93fb-43893288a315,old_only,excluded_vendor,active,gartentisch-romane,Fermob,Gartentische
b914cbda-7f43-4b9e-9fcc-ee1b44dc2188,old_only,excluded_vendor,active,gartentisch-flower-kopie,Fermob,Gartentische
b92050ba-ea6e-4db7-b310-8b33ece3c0d8,old_only,excluded_vendor,active,fermob-luxembourg-doppelter-sessel,Fermob,Sessel
b952a1cd-2f66-4040-bf5f-a03ec437aa25,old_only,excluded_vendor,active,fermob-bellevie-2-sitzer-modul-mitte,Fermob,Gartensofas
b958ca64-fbe0-4607-a6a0-93ff4d322919,old_only,excluded_vendor,active,ofyr-loschdeckel,Ofyr,Grillzubehör
b9635303-1370-417e-8a5c-8014cb292c57,old_only,excluded_vendor,active,fermob-surprising-tiefer-sessel,Fermob,Sessel
b96c6be5-3540-499d-acd5-c62996b11db4,old_only,excluded_vendor,active,fermob-bellevie-zusammenstellung-3b,Fermob,Gartensofas
b96eae5e-e442-4b41-8c7e-290264b8ddac,old_only,excluded_vendor,active,umbrosa-spectra-straight-alu,Umbrosa,Sonnenschirme
b9875f3a-c187-4ee5-a256-cd245d8966fa,old_only,excluded_vendor,active,fermob-bellevie-tisch-74x80cm,Fermob,Gartentische
b988f547-1253-4d91-a130-04e88c41f7e1,old_only,excluded_vendor,active,fermob-bellevie-zusammenstellung-1b,Fermob,Gartensofas
b989d18f-0aa0-4ce9-87e4-63a0866abe64,old_only,excluded_product_type,active,vetsek-decke-wooly-blanket,Vetsak,Decken
b995cc4c-69e4-4c1b-a067-772214de9c2c,old_only,excluded_vendor,active,brokis-deckenleuchte-memory-ceiling,Brokis,Deckenleuchten
b9aa15c2-3bcf-4875-b152-3b18443b5114,old_only,excluded_vendor,active,fermob-bellevie-2-sitzer-modul-rechts,Fermob,Gartensofas
b9b85ffd-2326-4617-977b-d2695badd3b2,old_only,excluded_vendor,active,fermob-bellevie-zusammenstellung-1a,Fermob,Gartensofas
b9bfd686-dacc-44a0-ae75-4df38abb0f85,old_only,excluded_vendor,active,fermob-luxembourg-doppelter-sessel,Fermob,Sessel
b9c4e32d-5752-4ba9-be0e-5ef55f4384b2,old_only,excluded_vendor,active,fermob-bellevie-2-sitzer-modul-mitte,Fermob,Gartensofas
b9da8f9f-fd8a-4923-8255-7a7b90317986,old_only,excluded_vendor,active,gubi-bl1-tisch-lampe,Gubi,Tischlampen
b9e2eec5-6fea-4a0c-ab83-0f2828cf17e5,old_only,excluded_vendor,active,umbrosa-sonnenschirm-spectra,Umbrosa,Sonnenschirme
b9ec2e4c-5cf7-46db-a688-658f47a5fabb,old_only,excluded_vendor,active,fermob-basket-blumenkasten-lang,Fermob,Topf
b9f4bea1-cff5-4e23-96a0-04e40bd2e2aa,old_only,excluded_vendor,active,fermob-bellevie-halbhoher-tisch-140x80cm,Fermob,Gartentische
b9f6154c-af6a-42a2-beb5-2072bc1b6b6f,old_only,excluded_vendor,active,armlehnstuhl-studie,Fermob,Gartenstühle
ba20e40c-4785-407d-93e4-92db3f936d76,old_only,excluded_vendor,active,fermob-bellevie-1-sitzer-modul-links,Fermob,Gartensofas
ba3c514e-cc86-46ba-aa55-f810b1b53d0e,old_only,excluded_vendor,active,fermob-bellevie-zusammenstellung-3b,Fermob,Gartensofas
ba407dad-1e65-439c-af86-ecb1d40cc28c,old_only,excluded_vendor,active,fermob-bellevie-3-sitzer,Fermob,Gartensofas
ba44b59a-e376-431c-80ce-4d46a3931a26,old_only,excluded_product_type,active,gommaire-teak-reiniger,Gommaire,Pflegeprodukte
ba48c69f-b6d6-4bbc-9b71-5983e1a3cd19,old_only,excluded_vendor,active,gartentisch-craft-kopie,Fermob,Gartentische
ba51362c-6936-4cab-a31e-d95d176f6e81,old_only,excluded_vendor,active,fermob-bellevie-zusammenstellung-3a,Fermob,Gartensofas
ba51a388-5027-4cd4-869b-a68550775f79,old_only,excluded_vendor,active,gubi-multi-lite-stehleuchte,Gubi,Stehlampen
ba5882a1-4e8a-4e31-a260-e03e32aa8b27,old_only,excluded_vendor,active,fermob-bellevie-3-sitzer-club-sofa-mit-kissen,Fermob,Gartensofas
ba5dd127-d490-479e-a3ae-090f23ba8b09,old_only,excluded_vendor,active,fermob-bellevie-2-sitzer-eckmodul-links,Fermob,Gartensofas
ba83cbbb-5102-4d12-8d40-a68b458a943f,old_only,excluded_vendor,active,gartentisch-floreal,Fermob,Gartentische
ba860291-b9c4-492c-a112-91bfcc317dd9,old_only,excluded_vendor,active,fermob-luxembourg-doppelter-sessel,Fermob,Sessel
ba90e483-b5ff-47ae-9a33-1e783b85ca44,old_only,excluded_vendor,active,fermob-bellevie-zusammenstellung-1a,Fermob,Gartensofas
ba9f0b0d-ba40-40af-8c40-c0bb0b2cdb31,old_only,excluded_vendor,active,fermob-bellevie-hoher-tisch-140x80cm,Fermob,Bartische
ba9f171c-26f1-4f95-9768-b9ae72200b81,old_only,excluded_vendor,active,fermob-bellevie-2-sitzer-eckmodul-rechts,Fermob,Gartensofas
baa27f16-29fa-41cc-af87-2592be94a922,old_only,excluded_vendor,active,gartentisch-floreal,Fermob,Gartentische
baa84968-94e3-448b-8fe7-ce13fcfd4460,old_only,excluded_vendor,active,fermob-bistrotisch-d117,Fermob,Gartentische
baa8ee9c-1d12-468c-803c-77e4c80ebf07,old_only,excluded_vendor,active,thonet-stuhl-209,Thonet,Stühle
babe8f53-8a33-4b19-8a58-011571148d50,old_only,excluded_vendor,active,fermob-1900-bank,Fermob,Sitzbänke
bac37583-9d37-44f7-812f-d1dd97b6bdd2,old_only,excluded_vendor,active,fermob-gartensofa-bellevie-2-sitzer,Fermob,Gartensofas
bacd1ba2-a40b-4fb9-b828-a3cb8e04643f,old_only,excluded_vendor,active,fermob-bellevie-1-sitzer-modul-rechts,Fermob,Gartensofas
baf35d8d-aae8-4dfd-9b2f-1652940aa73f,old_only,excluded_vendor,active,fermob-bellevie-sessel-fur-den-essbereich,Fermob,Gartenstühle
bb01eb91-ac8b-4f73-8702-fe5c2f0b183a,old_only,excluded_vendor,active,fermob-untersetzer-cactus,Fermob,Dekoration
bb02068a-2722-4abb-9476-9c09fa8a5052,old_only,excluded_vendor,active,fermob-bellevie-2-sitzer-modul-rechts,Fermob,Gartensofas
bb21e680-32a4-46a1-9f7b-9eabaf059017,old_only,excluded_vendor,active,fermob-luxembourg-barstuhl,Fermob,Barstühle
bb281701-93e6-4c61-96a9-d36e72869a51,old_only,excluded_vendor,active,fermob-bistro-tisch-d96,Fermob,Gartentische
bb283569-c7f7-4653-b021-cb05e905f59e,old_only,excluded_vendor,active,umbrosa-sonnenschirm-spectra-straight,Umbrosa,Sonnenschirme
bb2c8d84-3251-42d2-b08f-8318fe86d9b9,old_only,excluded_vendor,active,fermob-bellevie-zusammenstellung-2a-1,Fermob,Gartensofas
bb3ca14d-634e-4545-950f-6f804f84e1d6,old_only,excluded_vendor,active,fermob-gartensofa-bellevie-2-sitzer,Fermob,Gartensofas
bb3f9ecb-28a2-4c03-816b-1371c49b5fe7,old_only,excluded_product_type,active,cane-line-parasols-hyde-luxe-hanging-sonnenschirm-3x4-1,Cane-line,Sonnenschirme
bb42b918-c4de-47cf-b9c5-48a8e04312b3,old_only,excluded_vendor,active,umbrosa-sonnenschirm-spectra,Umbrosa,Sonnenschirme
bb472937-7c93-4ed5-885d-53f36d7ea3a7,old_only,excluded_vendor,active,fermob-bistrostuhl-naturel,Fermob,Gartenstühle
bb4a014e-c64d-433c-8fa7-3ac8415fb7e5,old_only,excluded_vendor,active,fermob-airloop-tisch-o-60cm,Fermob,Gartentische
bb58e840-6594-4e74-a3ae-1e752f4593ef,old_only,excluded_vendor,active,gubi-epic-steel-coffee-table-rund-60cm,Gubi,Couchtische
bb7210da-9117-4256-ae2b-697e9cbfed13,old_only,excluded_vendor,active,fermob-bellevie-2-sitzer-eckmodul-rechts,Fermob,Gartensofas
bb83042f-434e-4acf-a18b-305e8be77f04,old_only,excluded_vendor,active,fermob-bellevie-zusammenstellung-2a-1,Fermob,Gartensofas
bb8ed832-0160-4166-b286-c48bd6ab6e30,old_only,excluded_vendor,active,fermob-lighting-mooon-lampe-h134cm,Fermob,Stehlampen
bba07f03-e44b-4bb4-bde6-99f8257edcf2,old_only,excluded_vendor,active,fermob-luxembourg-gueridon-haut-80x80cm,Fermob,Bartische
bba4ef8b-aaf8-4718-a786-0a62935979e0,old_only,excluded_vendor,active,fermob-bistro-tisch-d60,Fermob,Gartentische
bba67f18-0645-4d79-9ea2-49d0df0c952d,old_only,excluded_vendor,active,fermob-bistro-tisch-d77,Fermob,Gartentische
bbb41b9b-58da-42dd-842c-37e62a888b57,old_only,excluded_product_type,active,decke-tira,Weich Alpaca,Decken
bbbfb25c-0752-403c-afd5-166aa4a945a1,old_only,excluded_vendor,active,fermob-bellevie-1-sitzer-modul-links,Fermob,Gartensofas
bbccaf51-df13-471d-8561-389c0606ebbc,old_only,excluded_vendor,active,gartentisch-ribamelle,Fermob,Gartentische
bbf3ec1d-4eb5-43fb-90c4-77a1e0a8b982,old_only,excluded_vendor,active,gartentisch-romane,Fermob,Gartentische
bc0938db-be05-4c28-8dd5-bcaefa2d0be6,old_only,excluded_vendor,active,fermob-bellevie-3-sitzer,Fermob,Gartensofas
bc31fc0d-2182-42d2-9b9c-6fbfb14eb8cb,old_only,excluded_vendor,active,fermob-luxembourg-niedriger-doppelter-tisch,Fermob,Couchtische
bc5248e9-adf3-480a-a914-b3fccae918fe,old_only,excluded_vendor,active,fermob-bellevie-tisch-140x80cm,Fermob,Gartentische
bc54b84a-5446-4b0f-a13e-ba5ccfb0bec4,old_only,excluded_vendor,active,fermob-rolltisch-guinguette,Fermob,Servierwagen
bc647efd-a798-449d-9be1-9a29bd561234,old_only,excluded_vendor,active,wandlampe-memory-wall,Brokis,Wandleuchten
bc71673b-42f5-4351-b161-f4d07e26ae94,old_only,excluded_vendor,active,fermob-bellevie-zusammenstellung-3a,Fermob,Gartensofas
bc87011b-c840-4fac-8f15-005f66a1f58f,old_only,excluded_vendor,active,extremis-gartentisch-pantagruel,Extremis,Gartentische
bc8b1789-39a0-4ea4-8b98-d28816e2b475,old_only,excluded_vendor,active,fermob-bellevie-2-sitzer-club-sofa-mit-kissen,Fermob,Gartensofas
bc8e6c4e-c6a6-4287-bc3c-587925585ef7,old_only,excluded_vendor,active,fermob-rollende-bar-luxembourg,Fermob,Servierwagen
bc9c379b-cc37-4fb6-a2ac-7a5238d4a412,old_only,excluded_vendor,active,fermob-bellevie-1-sitzer-modul-links,Fermob,Gartensofas
bca46870-44ef-4a1f-8e1d-c1fc757547b4,old_only,excluded_vendor,active,fermob-bellevie-3-sitzer-club-sofa-mit-kissen,Fermob,Gartensofas
bca780cd-c5f1-4f31-928c-64e9bce1386b,old_only,excluded_vendor,active,gartentisch-petale,Fermob,Gartentische
bcabfeea-5672-4f45-bdfe-dece9cfaedc5,old_only,excluded_vendor,active,fermob-bellevie-2-sitzer-club-sofa-mit-kissen,Fermob,Gartensofas
bcac0714-067c-40e7-8c25-45a71d04a376,old_only,excluded_vendor,active,fermob-basket-blumenkasten-hoch,Fermob,Topf
bcafd4ff-ffaf-483f-a67e-5ea1c8782510,old_only,excluded_vendor,active,fermob-surprising-tiefer-sessel,Fermob,Sessel
bcba4342-3f8f-4e0c-a3f4-5d3c0d796c1a,old_only,excluded_vendor,active,fermob-bellevie-2-sitzer-eckmodul-links,Fermob,Gartensofas
bcbad100-8cb0-4c3a-afc0-846d35755b9a,old_only,excluded_product_type,active,weinkuhler-natural-reverse,Kywie,Tischaccessoires
bcc99f35-5508-4614-92c2-03cf1ab34c6e,old_only,excluded_vendor,active,fermob-bistro-balkontisch,Fermob,Gartentische
bcdc909c-8cc0-4379-897b-664823075042,old_only,excluded_vendor,active,fermob-niedriger-tisch-bellevie,Fermob,Couchtische
bd072de8-966e-4173-b0ea-ac4709709e9c,old_only,excluded_vendor,active,fermob-luxembourg-niedriger-tisch-mit-rollen,Fermob,Couchtische
bd102c01-e7e2-4243-9bf3-bf715189ffe9,old_only,excluded_vendor,active,fermob-bellevie-1-sitzer-polsterhocker,Fermob,Hocker
bd105bf7-3035-40da-bc4b-44b03f1e366c,old_only,excluded_product_type,active,scapa-decke-laja,Scapa,Dekoration
bd14da5e-66fb-4078-abd3-4405e59b40fd,old_only,excluded_vendor,active,brokis-deckenleuchte-memory-ceiling,Brokis,Deckenleuchten
bd1b3fb3-6726-4aca-bc0f-bc17dcc9ce3a,old_only,excluded_vendor,active,fermob-bellevie-1-sitzer-modul-rechts,Fermob,Gartensofas
bd1c68c4-2606-4be2-9742-544dbedf03e1,old_only,excluded_vendor,active,gartentisch-petale-kopie,Fermob,Gartentische
bd215b03-c156-4908-bd7d-d61fc543c467,old_only,excluded_vendor,active,fermob-1900-tisch-d117,Fermob,Gartentische
bd2d083a-531f-40bf-8385-e77d4d7e68ff,old_only,excluded_vendor,active,fermob-bellevie-2-sitzer-eckmodul-links,Fermob,Gartensofas
bd3eaaa5-aa95-492e-a081-424ee19ecbad,old_only,excluded_vendor,active,fermob-luxembourg-lounge-sessel,Fermob,Sessel
bd482223-bfb8-45b3-87ce-82191a8a6b77,old_only,excluded_product_type,active,scapa-kissenbezug-aberdeen,Scapa,Dekoration
bd51814f-7816-4d78-9910-a1fabf32530f,old_only,excluded_vendor,active,fermob-bellevie-zusammenstellung-2a-1,Fermob,Gartensofas
bd57eea5-f7a0-470e-8cde-9dcae74be717,old_only,excluded_vendor,active,gartentisch-petale,Fermob,Gartentische
bd5e102d-2bdb-444d-8ed8-37298bdae2bd,old_only,excluded_product_type,active,natural-collection-tibetisches-schafsfell-85x50-cm,Natures Collection,Dekoration
bd6072ef-5878-4eed-9d7c-6d4547d77194,old_only,excluded_vendor,active,fermob-tiefer-sessel-luxembourg,Fermob,Sessel
bd649ade-1d6a-4dea-9b40-4793d3122545,old_only,excluded_vendor,active,umbrosa-sonnenschirm-spectra-straight,Umbrosa,Sonnenschirme
bd685eaa-e61c-4583-86ff-402d09162b71,old_only,excluded_vendor,active,fermob-lorette-ovaler-tisch-160x90,Fermob,Gartentische
bd68c556-07ef-4082-aeff-85694bb019d9,old_only,excluded_vendor,active,fermob-bellevie-1-sitzer-polsterhocker,Fermob,Hocker
bd81e161-e74f-430c-8075-bd7d89c4a22d,old_only,excluded_vendor,active,fermob-niedriger-tisch-bellevie,Fermob,Couchtische
bd83c023-5660-4150-b5e8-56865b948f48,old_only,excluded_vendor,active,fermob-bellevie-3-sitzer,Fermob,Gartensofas
bd847697-f28d-4d39-b605-6dd32279e0c1,old_only,excluded_vendor,active,fermob-rollende-bar-luxembourg,Fermob,Servierwagen
bd8581be-3475-4b60-96dd-3be0b5804d21,old_only,excluded_vendor,active,brokis-deckenleuchte-memory-ceiling,Brokis,Deckenleuchten
bd8584f5-2571-4a7d-9a9e-0af198210abb,old_only,excluded_vendor,active,fermob-1900-cabriolet-sessel,Fermob,Sessel
bd8d4d37-6c9f-4d48-9f9e-fa4df4222f3d,old_only,excluded_vendor,active,fermob-bellevie-sessel,Fermob,Sessel
bd99efb0-8f46-41e4-be83-87c042843510,old_only,excluded_vendor,active,fermob-luxembourg-tisch-143x80,Fermob,Gartentische
bd9f601d-bc91-4a39-9ed6-e38fa95112f1,old_only,excluded_vendor,active,motor-rotisserie,Ofyr,Accessoires
bda073f4-b518-4732-b22f-709477eb48e5,old_only,excluded_vendor,active,brokis-stehlampe-ballons-pc858,Brokis,Stehlampen
bda2fa00-2fcd-4389-980f-c6742d059731,old_only,excluded_vendor,active,wandlampe-memory-wall,Brokis,Wandleuchten
bda941c8-e070-4a9a-9b3d-7dff21a37fee,old_only,excluded_vendor,active,fermob-bellevie-2-sitzer-modul-rechts,Fermob,Gartensofas
bdb166f7-6ea9-4fb6-ba34-d889ca77122c,old_only,excluded_vendor,active,fermob-bistro-balkontisch,Fermob,Gartentische
bdb95941-8a64-4144-9810-51c8520e59af,old_only,excluded_vendor,active,fermob-bellevie-zusammenstellung-3a,Fermob,Gartensofas
bdc6f285-61fb-4175-90e8-c091c8056bfd,old_only,excluded_vendor,active,brokis-mini-muffin-windlichter,Brokis,Accessoires
bde4daa8-aa1f-4136-8845-593a66f02114,old_only,excluded_vendor,active,fermob-bellevie-sessel,Fermob,Sessel
bdecf52a-769c-4abe-97af-bdee989c1e18,old_only,excluded_vendor,active,fermob-bellevie-sessel,Fermob,Sessel
bdfbf5dc-392b-4be3-928a-33e603e56f31,old_only,excluded_vendor,active,gartentisch-floreal,Fermob,Gartentische
be03234d-9b5c-4fb1-a503-f5f073a46a52,old_only,excluded_vendor,active,fermob-bellevie-sessel,Fermob,Sessel
be04202d-2c91-472d-9250-d79a4fd86c33,old_only,excluded_vendor,active,fermob-bellevie-tisch-196x90cm,Fermob,Gartentische
be0820b7-83b5-4294-a169-876897d3806a,old_only,excluded_vendor,active,gartentisch-costa-ausziehbar,Fermob,Gartentische
be1fbf70-15d5-4924-9243-872b0d40530a,old_only,excluded_vendor,active,fermob-cocotte-beistelltisch,Fermob,Beistelltische
be2d844d-0ab4-4645-93c3-b51f85be784b,old_only,excluded_vendor,active,fermob-bellevie-zusammenstellung-1b,Fermob,Gartensofas
be2fd928-e9e4-4e26-aace-311231561944,old_only,excluded_vendor,active,fermob-bellevie-zusammenstellung-3b,Fermob,Gartensofas
be30ae3c-ed75-4ef1-84d5-3223823f6134,old_only,excluded_vendor,active,gartentisch-craft,Fermob,Gartentische
be4727d6-64a6-48bb-82eb-996591057012,old_only,excluded_vendor,active,fermob-1900-bank,Fermob,Sitzbänke
be5d84ef-b70c-42d7-b215-45b1265364c3,old_only,excluded_vendor,active,fermob-cadiz-bridge,Fermob,Gartenstühle
be6f2113-2770-4f8a-a009-a01cf54334a0,old_only,excluded_vendor,active,extremis-hopper-picnic-hellwood-300cm,Extremis,Gartentische
be779a0c-59a9-4bfd-b315-34e1a180247a,old_only,excluded_vendor,active,deckenlampe-puro-contour,Brokis,Hängeleuchten
be7ad778-e10e-40f1-8895-bed3be8684cc,old_only,excluded_vendor,active,glaskerze-scented-grun,Piffany,Kerzen
be852db5-a4e9-4f46-95c0-a3f6cc781fdb,old_only,excluded_vendor,active,fermob-bellevie-zusammenstellung-1b,Fermob,Gartensofas
bea59cf0-ba74-45f6-ba01-29440c3fa33d,old_only,excluded_vendor,active,fermob-alize-beistelltisch,Fermob,Beistelltische
beabf15f-01dd-4924-bad1-c84f271322d2,old_only,excluded_vendor,active,fermob-bistro-tisch-d60,Fermob,Gartentische
beb89223-f455-437d-a3dc-ade598ed5ac5,old_only,excluded_vendor,active,fermob-bellevie-1-sitzer-polsterhocker,Fermob,Hocker
bebf151f-89a8-46de-be9e-efda9c3a5413,old_only,excluded_vendor,active,ofyr-grill-round,Ofyr,Grillzubehör
becc6f65-28bb-40fd-aa07-c82157800e8f,old_only,excluded_vendor,active,umbrosa-paraflex-wall-round-270,Umbrosa,Sonnenschirme
bedb60d6-4038-4f8d-9447-d87a6cd205fe,old_only,excluded_vendor,active,gubi-grashoppa-tisch-lampe,Gubi,Tischlampen
bedee7a9-0a41-40cc-9122-c894446c27b4,old_only,excluded_product_type,active,geschenkgutschein,Homestorys,Geschenkgutscheine
befaf8f0-0df3-48ac-ad1d-47ec72ff5942,old_only,excluded_vendor,active,fermob-niedriger-tisch-bellevie,Fermob,Couchtische
bf0ac0e4-825e-49fd-9acb-dfed01583ba6,old_only,excluded_vendor,active,piffany-uyuni-lighting-c-batteries,Piffany,Accessoires
bf178ec1-d479-487c-9a7c-5ec554009204,old_only,excluded_vendor,active,fermob-bellevie-sessel-fur-den-essbereich,Fermob,Gartenstühle
bf1b693c-3a63-42f7-9d32-1e12859f075c,old_only,excluded_vendor,active,fermob-bellevie-2-sitzer-eckmodul-rechts,Fermob,Gartensofas
bf27ccb4-6dfe-4dad-bcda-8e5b4cefc890,old_only,excluded_vendor,active,umbrosa-spectra-straight-alu,Umbrosa,Sonnenschirme
bf310475-0781-4ad6-b0ce-eeca6887453b,old_only,excluded_vendor,active,fermob-bistrotisch-d117,Fermob,Gartentische
bf39adbc-5153-4c4d-bd7d-2813e0dee337,old_only,excluded_vendor,active,fermob-bellevie-zusammenstellung-1a,Fermob,Gartensofas
bf3b2858-f4a0-455e-91ef-a37db0732b7b,old_only,excluded_vendor,active,fermob-bellevie-zusammenstellung-2a-1,Fermob,Gartensofas
bf3f1e78-7d59-4cd5-887e-a5b7591ee2b1,old_only,excluded_vendor,active,fermob-stuhl-luxembourg,Fermob,Gartenstühle
bf491940-2ca2-48c3-b557-f308872c9624,old_only,excluded_vendor,active,fermob-2-3-sitzer-bank-mit-ruckenlehne-luxembourg,Fermob,Sitzbänke
bf503526-cfdf-4295-a382-20b0e50186b8,old_only,excluded_vendor,active,fermob-bellevie-2-sitzer-modul-links,Fermob,Gartensofas
bf561707-80eb-4ffc-ac93-64e43f582cd5,old_only,excluded_vendor,active,fermob-bistrotisch-d117,Fermob,Gartentische
bf59e589-2915-4557-aa15-1fa1086d899d,old_only,excluded_vendor,active,gartentisch-petale,Fermob,Gartentische
bf66dc6c-da44-46d3-9b75-4c064c7c02c5,old_only,excluded_vendor,active,gartentisch-petale-kopie,Fermob,Gartentische
bf6e1e70-5e14-4a80-9f5e-e82cc8f83379,old_only,excluded_vendor,active,ofyr-deckel,Ofyr,Grillzubehör
bf78872a-2a34-498f-bb72-a1c57b2549c9,old_only,excluded_vendor,active,brokis-deckenleuchte-memory-ceiling,Brokis,Deckenleuchten
bf8df519-056f-433d-be76-aa62059ad7b2,old_only,excluded_vendor,active,fermob-1900-kaffeetisch,Fermob,Beistelltische
bf92bbd5-f089-4532-acf5-6f4b5b988281,old_only,excluded_vendor,active,extremis-gartentisch-hopper-picnic-aa,Extremis,Gartentische
bfa4e5a6-4343-4504-bbad-c4ffc661b91f,old_only,excluded_vendor,active,fermob-bistro-tisch-75x57,Fermob,Gartentische
bfb73804-25d1-4290-95b7-186d1bf0f3ec,old_only,excluded_vendor,active,fermob-bellevie-2-sitzer-eckmodul-links,Fermob,Gartensofas
bfdaf8d4-3d7f-404d-b59d-4465181950f2,old_only,excluded_vendor,active,umbrosa-sonnenschirm-spectra,Umbrosa,Sonnenschirme
bfe56577-8670-4713-ac33-7ebe3e4346c6,old_only,excluded_vendor,active,fermob-luxembourg-niedriger-tisch-mit-rollen,Fermob,Couchtische
bfe832bb-526b-4200-8564-abdfc3bad773,old_only,excluded_vendor,active,fermob-bistrotisch-d117,Fermob,Gartentische
bff78b69-4669-48d7-91f2-c9b79776b0ba,old_only,excluded_vendor,active,fermob-luxembourg-tisch-mit-4-fusse-80x80,Fermob,Gartentische
c0103140-e96a-4217-9626-d39333109f3c,old_only,excluded_vendor,active,umbrosa-sonnenschirm-spectra,Umbrosa,Sonnenschirme
c0116343-09dd-4833-a2ac-cd9561c17c96,old_only,excluded_vendor,active,fermob-bellevie-2-sitzer-eckmodul-links,Fermob,Gartensofas
c01a5fb5-057a-45a2-b2bb-b081779a2933,old_only,excluded_vendor,active,fermob-bistro-barstuhl,Fermob,Barstühle
c0273234-087c-4f1b-a004-e9a1d6ccdccb,old_only,excluded_product_type,active,tribu-schutzhullen,Tribù,Abdeckungen
c03b1e26-917e-4f12-b576-81fddf6a8b41,old_only,excluded_vendor,active,gartentisch-petale,Fermob,Gartentische
c051b907-6d1c-4672-9bdb-cd2d6c4a5c1b,old_only,excluded_vendor,active,fermob-basket-blumenkasten-hoch,Fermob,Topf
c0556efc-a2ea-4fe4-b2b6-4643fb878c08,old_only,excluded_vendor,active,fermob-bellevie-zusammenstellung-1b,Fermob,Gartensofas
c058a9c4-67e1-4963-bea8-8f43001c6582,old_only,excluded_vendor,active,fermob-bellevie-sessel-fur-den-essbereich,Fermob,Gartenstühle
c069f844-49aa-4d75-87c6-60e1b93de870,old_only,excluded_vendor,active,fermob-bellevie-2-sitzer-modul-rechts,Fermob,Gartensofas
c07e5a6d-3d4b-4754-acc6-104b854d4173,old_only,excluded_vendor,active,fermob-bellevie-3-sitzer-club-sofa-mit-kissen,Fermob,Gartensofas
c08a919b-612b-4a35-b95a-003386ae4be2,old_only,excluded_vendor,active,fermob-bellevie-zusammenstellung-2b,Fermob,Gartensofas
c08fd546-ae58-47ce-b52e-229ca445a1d3,old_only,excluded_vendor,active,fermob-niedriger-tisch-bellevie,Fermob,Couchtische
c094f875-76d7-4155-8449-0184484fe61c,old_only,excluded_vendor,active,fermob-bridge-luxembourg,Fermob,Gartenstühle
c09f0049-e0c4-4874-8eec-d8c2e04020b9,old_only,excluded_vendor,active,fermob-bellevie-1-sitzer-modul-links,Fermob,Gartensofas
c0a4c517-075a-4fcc-8c93-e61e536b6d64,old_only,excluded_vendor,active,fermob-bellevie-zusammenstellung-2a-1,Fermob,Gartensofas
c0beaf32-875d-44c7-b8c5-1e78c5f11c80,old_only,excluded_product_type,active,usm-haller-schubladenkasten-inos-k1,USM Haller,Accessoires
c0cd64fa-2a89-4a2b-80cb-90b187a819e6,old_only,excluded_vendor,active,fermob-stuhl-luxembourg,Fermob,Gartenstühle
c0dbd877-8eeb-4b39-9a05-054c8b9437c9,old_only,excluded_vendor,active,fermob-schaukelstuhl-luxembourg,Fermob,Sessel
c0e36ea3-6c00-4f7e-a0ba-0851df6c9229,old_only,excluded_vendor,active,fermob-bellevie-zusammenstellung-2b,Fermob,Gartensofas
c0ee00fa-6b3c-4b5b-a731-d20456ede064,old_only,excluded_vendor,active,fermob-bellevie-2-sitzer-modul-mitte,Fermob,Gartensofas
c0f3eca2-5579-48a9-b45d-68048c24f197,old_only,excluded_vendor,active,gartenstuhl-studie,Fermob,Gartenstühle
c102e4d6-bcec-4826-85d0-6677e1a16598,old_only,excluded_vendor,active,gartentisch-petale-kopie,Fermob,Gartentische
c1062230-a770-47e7-a13f-943118134f61,old_only,excluded_product_type,active,tribu-schutzhullen,Tribù,Abdeckungen
c10a91a6-4ea6-4f39-8106-9f6cc58023ad,old_only,excluded_vendor,active,fermob-bridge-luxembourg,Fermob,Gartenstühle
c11a0b0e-fb33-443b-899e-711c35d8f05f,old_only,excluded_vendor,active,fermob-niedriger-tisch-bellevie,Fermob,Couchtische
c11a8e3a-0f48-49f3-98cb-f7a3e7af2edb,old_only,excluded_vendor,active,fermob-bistro-tisch-d60,Fermob,Gartentische
c12aef00-d40c-47a6-a064-37bacd5c810e,old_only,excluded_vendor,active,brokis-stehlampe-ballons-pc857,Brokis,Stehlampen
c1329185-662f-4bcc-8fc1-4f6ab5d51f89,old_only,excluded_vendor,active,fermob-bellevie-barhocker,Fermob,Barstühle
c14264ab-a8af-4cb7-83a4-da0c1f0ab232,old_only,excluded_vendor,active,ofyr-cage,Ofyr,Grillzubehör
c1429bc3-e029-4cfc-b5e5-b74a83bc66d1,old_only,excluded_product_type,active,kywie-wine-cooler-beige-suede,Kywie,Tischaccessoires
c1536659-7d3e-4585-87b3-aba0a3d72877,old_only,excluded_vendor,active,fermob-bellevie-1-sitzer-modul-links,Fermob,Gartensofas
c155c7d9-a024-4a57-a602-f60e2f731c0f,old_only,excluded_vendor,active,fermob-bellevie-1-sitzer-polsterhocker,Fermob,Hocker
c1569f50-74d2-46b3-ba44-87363f81a05b,old_only,excluded_vendor,active,gartentisch-romane-rund,Fermob,Gartentische
c15c63c4-71b6-4055-b53d-adbd0219ee73,old_only,excluded_vendor,active,fermob-bellevie-2-sitzer-polsterhocker,Fermob,Sitzbänke
c17440ac-e81d-45c4-a251-6b7cba36ab81,old_only,excluded_vendor,active,fermob-niedriger-tisch-bellevie,Fermob,Couchtische
c176698f-bd4d-4634-8b01-961bc27c0002,old_only,excluded_vendor,active,fermob-sitzbank-luxembourg-kompakt,Fermob,Sitzbänke
c18841ec-74b7-487c-a046-26cfd5fb9c8b,old_only,excluded_vendor,active,fermob-bellevie-zusammenstellung-3a,Fermob,Gartensofas
c18ba4b9-20a3-4b8c-b2d1-759c49a5d89f,old_only,excluded_vendor,active,fermob-bellevie-2-sitzer-eckmodul-rechts,Fermob,Gartensofas
c19f05be-27fc-4b52-9a97-709ebca3406c,old_only,excluded_vendor,active,fermob-bellevie-zusammenstellung-1a,Fermob,Gartensofas
c1bce4a0-42f2-4474-af5d-6b6722262f4b,old_only,excluded_vendor,active,kerze-uyuni-led-carmine-red,Piffany,Kerzen
c1c1cc28-dda9-42fe-8773-74f7aaf35272,old_only,excluded_vendor,active,fermob-bellevie-1-sitzer-polsterhocker,Fermob,Hocker
c1c751df-31e4-4406-a991-bcef752bbf7e,old_only,excluded_vendor,active,umbrosa-sonnenschirm-spectra,Umbrosa,Sonnenschirme
c1cc1cc9-f363-424d-85b4-c4e49347b8a1,old_only,excluded_vendor,active,fermob-bellevie-2-sitzer-eckmodul-rechts,Fermob,Gartensofas
c1ee4ee0-2b99-42ab-8827-4398735af39f,old_only,excluded_vendor,active,fermob-bellevie-2-sitzer-modul-mitte,Fermob,Gartensofas
c1f12700-22cb-4ef0-b11c-353f26457ecf,old_only,excluded_product_type,active,manutti-flex-konzept-4-schutzhulle,Manutti,Abdeckungen
c1f5ae17-2dce-437e-8ad6-2606b048453d,old_only,excluded_vendor,active,fermob-bellevie-2-sitzer-eckmodul-links,Fermob,Gartensofas
c1f9c48e-8163-4639-b0dd-71b91f148748,old_only,excluded_vendor,active,fermob-bellevie-2-sitzer-modul-links,Fermob,Gartensofas
c1ff8769-1b1b-4aa0-bfe2-c9e7cd5def64,old_only,excluded_vendor,active,extremis-gartentisch-pantagruel-picnic,Extremis,Gartentische
c201273d-767f-4709-b393-38917a31c2fb,old_only,excluded_vendor,active,fermob-bellevie-sessel,Fermob,Sessel
c217379b-9dad-4188-bc03-ebd0e58ca6f5,old_only,excluded_vendor,active,umbrosa-sonnenschirm-spectra-straight,Umbrosa,Sonnenschirme
c2346339-999e-49ef-be64-cbbd000075aa,old_only,excluded_vendor,active,fermob-1900-stuhl,Fermob,Gartenstühle
c23fb97b-ba50-4e15-9eb2-693b4d6e6bfd,old_only,excluded_vendor,active,fermob-bellevie-2-sitzer-modul-mitte,Fermob,Gartensofas
c240f555-a075-441f-abd8-a1ca08bfa9d1,old_only,excluded_vendor,active,brokis-stehlampe-ballons-pc858,Brokis,Stehlampen
c242c4d2-36a9-4e95-b960-1b60bcdf928e,old_only,excluded_vendor,active,fermob-luxembourg-kid-stuhl,Fermob,Gartenstühle
c24b7539-9a39-44ee-8ef8-ef1d888c1b26,old_only,excluded_vendor,active,fermob-luxembourg-barstuhl-1,Fermob,Barstühle
c24f05f0-8573-4163-a987-ee8e6483b788,old_only,excluded_vendor,active,fermob-bellevie-3-sitzer-club-sofa-mit-kissen,Fermob,Gartensofas
c24fb1e7-f27f-4be5-b02c-7913a552a92e,old_only,excluded_vendor,active,fermob-basics-outdoor-sitzkissen-37-x-41-cm,Fermob,Sitzkissen
c2506171-5639-4735-9132-431b944ef1d1,old_only,excluded_vendor,active,gubi-bl1-tisch-lampe,Gubi,Tischlampen
c25f29a4-4b90-4fb6-825a-dbb242e5424c,old_only,excluded_vendor,active,ofyr-accessoires-horizontale-spiesse-set-100,Ofyr,Grillzubehör
c26e3cb9-d518-4846-81f5-04eac3b8c847,old_only,excluded_product_type,active,cane-line-parasols-sunshade-sonnenschirm,Cane-line,Sonnenschirme
c28b0c86-dc98-4af2-9977-81abaa12e6a1,old_only,excluded_vendor,active,fermob-kleiner-niedriger-bestelltisch,Fermob,Beistelltische
c29d68ef-3855-497c-89a9-72a097b2f048,old_only,excluded_vendor,active,gubi-moon-multi-lite-pendant-small,Gubi,Hängeleuchten
c2af1afe-2434-4669-90a4-99f2881fea99,old_only,excluded_vendor,active,fermob-luxembourg-bridge-barstuhl,Fermob,Barstühle
c2bae70d-da04-4c42-9b82-33772d9a726a,old_only,excluded_vendor,active,fermob-bistro-tisch-97x57cm,Fermob,Gartentische
c2c5165d-05dd-4a83-a9df-0f15a7b64492,old_only,excluded_vendor,active,fermob-bellevie-2-sitzer-eckmodul-rechts,Fermob,Gartensofas
c2ef775c-878a-42f1-93b2-3b73361ba2fe,old_only,excluded_vendor,active,fermob-nevada-holzhalter,Fermob,Holzlagerung
c3005519-6b9a-409a-8f3a-5f827133b998,old_only,excluded_vendor,active,fermob-luxembourg-lounge-sessel,Fermob,Sessel
c308e8a3-a402-455b-a776-b2536a44d0b7,old_only,excluded_vendor,active,fermob-bellevie-barhocker,Fermob,Barstühle
c310d7cd-1f7e-45b5-9fef-6225d89cee3a,old_only,excluded_vendor,active,umbrosa-paraflex-wall-square-230,Umbrosa,Sonnenschirme
c3128899-6630-4d51-ab87-4f97863d281b,old_only,excluded_vendor,active,fermob-bellevie-halbhoher-tisch-140x80cm,Fermob,Gartentische
c3144704-50f5-483f-b0fe-10bbb6022919,old_only,excluded_vendor,active,fermob-bellevie-zusammenstellung-3a,Fermob,Gartensofas
c316fab5-e305-4816-9fd7-ca0591863ce7,old_only,excluded_vendor,active,extremis-hopper-picnic-iroko-180cm,Extremis,Gartentische
c3198504-d035-449b-aea1-2571f739090c,old_only,excluded_product_type,active,tribu-eclipse-aluminium-sonnenschirm,Tribù,Sonnenschirme
c31bc7ad-7e56-41d6-9654-d653477740ff,old_only,excluded_vendor,active,fermob-bellevie-2-sitzer-eckmodul-links,Fermob,Gartensofas
c32d8477-ff47-41aa-b3f6-0bdb40cd8b37,old_only,excluded_vendor,active,fermob-luxembourg-niedriger-tisch-mit-rollen,Fermob,Couchtische
c32dee79-b7d4-48c8-a325-0b61b7b68aac,old_only,excluded_vendor,active,fermob-bellevie-zusammenstellung-1a,Fermob,Gartensofas
c32eabaa-999f-4723-a197-b79bfa26008a,old_only,excluded_vendor,active,fermob-accroche-coeurs-kleiderstander,Fermob,Accessoires
c3327195-a4c8-4a4e-9e72-0086b582747a,old_only,excluded_vendor,active,extremis-bistroo-tisch-stuhl-kombination,Extremis,Gartentische
c34cfb95-1a82-4190-9f39-6bef58e39ded,old_only,excluded_vendor,active,fermob-bistrostuhl-naturel,Fermob,Gartenstühle
c3537836-3be7-4065-a754-a39b0c03fc13,old_only,excluded_vendor,active,fermob-bellevie-zusammenstellung-2b,Fermob,Gartensofas
c359f18e-db6a-45fe-91c3-e4b14969522e,old_only,excluded_vendor,active,extremis-gartentisch-pantagruel-picnic,Extremis,Gartentische
c35afc04-540b-46a2-b9b6-6d18018cbb89,old_only,excluded_vendor,active,fermob-bistrostuhl-naturel,Fermob,Gartenstühle
c366e765-b752-413d-abf4-6ccf54d86574,old_only,excluded_vendor,active,thonet-b97-b,Thonet,Beistelltische
c36dcb59-321e-4157-8242-5d663eceb7d9,old_only,excluded_vendor,active,fermob-caractere-tisch-128x128cm,Fermob,Gartentische
c36ffe05-85eb-4e62-99c0-8f48aff50efd,old_only,excluded_product_type,active,scapa-kissenbezug-como,Scapa,Dekoration
c377b375-ba7a-438c-8961-aad74cdcec09,old_only,excluded_product_type,active,natures-collection-man-slipper-double-face-sheepskin,Natures Collection,Dekoration
c37f5d1f-00b3-4d35-9051-a0eb74caf27f,old_only,excluded_vendor,active,fermob-bellevie-zusammenstellung-1b,Fermob,Gartensofas
c3863473-812f-46a4-b400-7b0601b27007,old_only,excluded_vendor,active,umbrosa-paraflex-wall-round-270,Umbrosa,Sonnenschirme
c38a5f86-51cc-4a63-ad63-d9c1672325c9,old_only,excluded_product_type,active,tribu-schutzhullen,Tribù,Abdeckungen
c39725b9-f496-4457-9303-781cbbab17b9,old_only,excluded_vendor,active,fermob-tisch-luxembourg,Fermob,Gartentische
c3999321-1ab0-4dec-9b86-5e5b90b2bb51,old_only,excluded_vendor,active,fermob-bistro-tisch-d96,Fermob,Gartentische
c39e9c9c-72fb-4985-9fb1-71694ba82bea,old_only,excluded_vendor,active,thonet-b97-b,Thonet,Beistelltische
c3a1505b-410b-423f-a017-001641225e8b,old_only,excluded_vendor,active,fermob-luxembourg-tisch-80x80cm,Fermob,Gartentische
c3bcb146-7afc-4cb6-a069-5692d9a6aa09,old_only,excluded_vendor,active,fermob-cocotte-basse,Fermob,Beistelltische
c3ca259e-bc06-4ca6-a956-d5c290146d51,old_only,excluded_vendor,active,fermob-bellevie-1-sitzer-modul-mitte,Fermob,Gartensofas
c3cbb202-3d66-4bbb-8d5e-376403dd64ea,old_only,excluded_vendor,active,wandlampe-memory-wall,Brokis,Wandleuchten
c3d35017-86a1-4bcb-a089-69272d7b5525,old_only,excluded_vendor,active,gartentisch-craft,Fermob,Gartentische
c3df04c8-9f47-4ffd-9f5f-190d4a37b32c,old_only,excluded_vendor,active,fermob-lorette-ovaler-tisch-160x90,Fermob,Gartentische
c3e80ddf-8fed-4c59-9027-004f32f6fdd7,old_only,excluded_vendor,active,fermob-bellevie-2-sitzer-modul-mitte,Fermob,Gartensofas
c3f59b4a-3647-4d4e-914d-fee1be068c83,old_only,excluded_vendor,active,fermob-1900-stuhl,Fermob,Gartenstühle
c3f7217d-48a3-4143-96a1-89fbbbc184a3,old_only,excluded_product_type,active,handytasche-gwen-phonebag,Natures Collection,Accessoires
c3fbf67b-0c42-47df-a490-48d71d91b208,old_only,excluded_vendor,active,fermob-bistro-tisch-97x57cm,Fermob,Gartentische
c4009d76-69cd-45c2-ad31-24741ca26af9,old_only,excluded_vendor,active,schaukelstuhl-surprising,Fermob,Sessel
c4082896-283a-4eea-b616-41446dc7b9b0,old_only,excluded_vendor,active,umbrosa-sonnenschirm-spectra-straight,Umbrosa,Sonnenschirme
c40da2f1-dc64-4880-b863-261faeab0fa9,old_only,excluded_vendor,active,fermob-bellevie-1-sitzer-modul-links,Fermob,Gartensofas
c4148602-05ce-4e82-abc6-2ca7601d924a,old_only,excluded_product_type,active,ethnicraft_textilreiniger-drinnen-und-draussen,Ethnicraft,Pflegeprodukte
c423d566-787f-458e-ae6f-b81e65cbd09e,old_only,excluded_vendor,active,fermob-bellevie-zusammenstellung-3a,Fermob,Gartensofas
c42b8fbb-d8bb-4538-8483-b8f20ed35aa2,old_only,excluded_vendor,active,brokis-deckenleuchte-memory-ceiling,Brokis,Deckenleuchten
c434dab6-b809-4f23-881a-de7722c92327,old_only,excluded_vendor,active,fermob-stuhl-studie,Fermob,Stühle
c43c44fb-aea9-49d6-b958-597449338d10,old_only,excluded_vendor,active,fermob-schaukelstuhl-luxembourg,Fermob,Sessel
c43d0b9e-68db-4089-9c50-052abdc36f8e,old_only,excluded_vendor,active,fermob-calvi-tisch-140-x-140-cm,Fermob,Gartentische
c441eeb3-bbb1-41df-84ab-ac79d6d05c0c,old_only,excluded_vendor,active,fermob-bellevie-3-sitzer,Fermob,Gartensofas
c4610897-e2e6-4873-b751-710a0a392867,old_only,excluded_vendor,active,fermob-calvi-tisch-160-x-80-cm,Fermob,Gartentische
c4654a3d-9773-4bc0-a024-78c3acfadc7f,old_only,excluded_product_type,active,natural-collection-tibetisches-schafsfell-85x50-cm,Natures Collection,Dekoration
c4685964-8cde-4e99-b43b-98b6e540629e,old_only,excluded_vendor,active,fermob-bellevie-3-sitzer-club-sofa-mit-kissen,Fermob,Gartensofas
c4685d48-e3aa-4daa-bfe1-a1ac0d3bdbd9,old_only,excluded_vendor,active,armlehnstuhl-studie,Fermob,Gartenstühle
c488057b-9d63-4a72-a3a3-25e1914df303,old_only,excluded_vendor,active,fermob-bistrotisch-d117,Fermob,Gartentische
c488182c-5f9f-43aa-92e5-74a98ba9facc,old_only,excluded_vendor,active,fermob-1900-tisch-d117,Fermob,Gartentische
c488a0fb-e241-4108-9cb3-e464a1d0c627,old_only,excluded_vendor,active,batterie-uyuni-cr2032,Piffany,Accessoires
c48e69ba-98f8-41f9-bbab-f2e46bedf5f3,old_only,excluded_product_type,active,scapa-vase-lathe-walnut,Scapa,Accessoires
c49ac7ee-42f0-4aa8-b1a9-bbe0921bad93,old_only,excluded_vendor,active,extremis-hopper-picnic-iroko-240cm,Extremis,Gartentische
c49fa9f9-4a52-4f91-8939-898cf8967165,old_only,excluded_vendor,active,gartentisch-floreal,Fermob,Gartentische
c4a0f252-6497-4515-a850-76181cfbacc0,old_only,excluded_vendor,active,fermob-lorette-ovaler-tisch-160x90,Fermob,Gartentische
c4a199b3-736a-4640-820e-5543bc0a4a90,old_only,excluded_vendor,active,storage-insert-pro-door,Ofyr,Holzlagerung
c4a57384-c1e3-42dc-818f-2b83fea28407,old_only,excluded_vendor,active,fermob-luxembourg-tisch-143x80,Fermob,Gartentische
c4aaf180-8ab2-49b5-9a64-4e3dc159d2c8,old_only,excluded_vendor,active,fermob-cocotte-basse,Fermob,Beistelltische
c4b70db1-be0b-4685-8413-00d69afe82ee,old_only,excluded_vendor,active,fermob-bellevie-sessel,Fermob,Sessel
c4c582a3-1a0a-4f03-b8e6-741f88ebe802,old_only,excluded_vendor,active,glasskerze-led-candle-rechargeable,Piffany,Kerzen
c4c97234-8eba-4b0b-b1ff-0fd8ab75217f,old_only,excluded_vendor,active,fermob-cadiz-barstuhl,Fermob,Barstühle
c4ce59f7-bb55-4a04-a359-91f6d09ec3f6,old_only,excluded_vendor,active,fermob-luxembourg-lounge-sessel,Fermob,Sessel
c4d08fc7-037b-4280-aa49-35d562114126,old_only,excluded_vendor,active,umbrosa-spectra-straight-alu,Umbrosa,Sonnenschirme
c4d0eb02-2cd7-44b2-b8a5-445cd11fafed,old_only,excluded_vendor,active,fermob-stuhl-studie,Fermob,Stühle
c4d55cc0-82f3-4cb8-a1d5-445f53cdcb27,old_only,excluded_vendor,active,fermob-bellevie-1-sitzer-polsterhocker,Fermob,Hocker
c4e274b2-702d-40f6-ac42-9cde19ef2a54,old_only,excluded_vendor,active,fermob-luxembourg-hoher-tisch,Fermob,Gartentische
c4f0d645-495a-4eb8-9447-b4fa089fb8e6,old_only,excluded_vendor,active,fermob-bellevie-1-sitzer-modul-mitte,Fermob,Gartensofas
c4f6a70d-286f-4dfc-8b55-ab61762461c9,old_only,excluded_vendor,active,fermob-bellevie-2-sitzer-club-sofa-mit-kissen,Fermob,Gartensofas
c509a75a-5f23-477e-b982-f4ba2424276d,old_only,excluded_vendor,active,fermob-bellevie-halbhoher-tisch-140x80cm,Fermob,Gartentische
c50d8e2f-ee11-41fb-b79d-90cfbc94ed76,old_only,excluded_vendor,active,fermob-bellevie-1-sitzer-polsterhocker,Fermob,Hocker
c50ddf84-8e75-41af-9e85-ed31481a3e23,old_only,excluded_vendor,active,fermob-bistro-barstuhl,Fermob,Barstühle
c5136bcc-9d69-4cdf-8d58-4a54aab71094,old_only,excluded_vendor,active,fermob-bellevie-1-sitzer-modul-links,Fermob,Gartensofas
c51c0a3f-b9c1-4b4a-82d8-433daa892a39,old_only,excluded_vendor,active,fermob-bellevie-barhocker,Fermob,Barstühle
c51f1eac-a9b6-4772-8c78-6794984ff910,old_only,excluded_vendor,active,umbrosa-spectra-straight-alu,Umbrosa,Sonnenschirme
c571c87a-c7ae-411b-9ec6-e560ea63ca6e,old_only,excluded_vendor,active,umbrosa-paraflex-wall-round-271,Umbrosa,Sonnenschirme
c57933fe-e841-42b0-823c-e3987730656e,old_only,excluded_vendor,active,fermob-luxembourg-niedriger-doppelter-tisch,Fermob,Couchtische
c585e5aa-74c4-4a99-a1eb-062b139fab99,old_only,excluded_vendor,active,fermob-luxembourg-barstuhl-1,Fermob,Barstühle
c58915dd-8b78-448e-95d3-2aed4cb9aee5,old_only,excluded_vendor,active,gartentisch-romane-rund,Fermob,Gartentische
c58d03b1-0723-49b7-8aee-a7dac012b37a,old_only,excluded_vendor,active,fermob-bellevie-1-sitzer-modul-links,Fermob,Gartensofas
c5b002bd-289f-490d-81d7-206b6181ed91,old_only,excluded_vendor,active,fermob-niedriger-tisch-bellevie,Fermob,Couchtische
c5b13a01-6722-4bb2-afb6-8eedc37907ab,old_only,excluded_vendor,active,fermob-surprising-tiefer-sessel,Fermob,Sessel
c5c38fa8-b4d6-4ac6-a032-19ec4cef386d,old_only,excluded_vendor,active,fermob-bellevie-3-sitzer-club-sofa-mit-kissen,Fermob,Gartensofas
c5c3d8c1-e8e0-4102-85cc-1b77af918d2a,old_only,excluded_vendor,active,ofyr-kamado-bge-table-black-pro-65-beton,Ofyr,Grills
c5d21b7a-4dec-4e09-99b9-947a3a2c1d57,old_only,excluded_vendor,active,fermob-caractere-tisch-90x190,Fermob,Gartentische
c5e9ffc0-effe-49e1-b16a-02928497a51b,old_only,excluded_vendor,active,fermob-bellevie-1-sitzer-modul-mitte,Fermob,Gartensofas
c5ecdf10-77a4-42e5-b9f0-719579906528,old_only,excluded_vendor,active,umbrosa-paraflex-wall-square-230,Umbrosa,Sonnenschirme
c5f524e0-aca6-413e-8629-9bcf327c015d,old_only,excluded_vendor,active,ofyr-brazilian-grill-set-xl,Ofyr,Grillzubehör
c5feb088-269f-4441-a97c-4c6ef32074c3,old_only,excluded_vendor,active,fermob-sonnenliege-alize,Fermob,Sonnenliegen
c614d02f-5e0e-4233-965f-b417be622855,old_only,excluded_vendor,active,fermob-stuhl-luxembourg,Fermob,Gartenstühle
c620d192-725e-44c1-9945-72334a99f50b,old_only,excluded_vendor,active,kerze-pillar-rustic-led-uyuni-forest-black-o7-8-x-10cm,Piffany,Kerzen
c628fbb5-2f0c-44e9-ad38-676541081847,old_only,excluded_vendor,active,fermob-bellevie-zusammenstellung-2b,Fermob,Gartensofas
c636c3d9-4bff-42a9-aa6b-dec00c82ccd3,old_only,excluded_vendor,active,fermob-bellevie-2-sitzer-modul-links,Fermob,Gartensofas
c638f639-f439-48c2-855e-1fe6d2b112ce,old_only,excluded_vendor,active,fermob-bellevie-zusammenstellung-1a,Fermob,Gartensofas
c6455be7-8760-4ec9-ba74-69e353d326c7,old_only,excluded_vendor,active,fermob-bellevie-hoher-tisch-74x80cm,Fermob,Bartische
c65049d6-f3b9-4d8c-a2e3-7f77f5ad2e9e,old_only,excluded_vendor,active,fermob-bellevie-sessel,Fermob,Sessel
c65db427-81cd-403f-a0f2-2c2b66e9d864,old_only,excluded_vendor,active,kerze-tealight-rechargeable-uyuni,Piffany,Kerzen
c668a1b0-df76-4799-a9ae-583a39121ac5,old_only,excluded_vendor,active,fermob-lorette-ovaler-tisch-160x90,Fermob,Gartentische
c6695a58-a78d-4bb9-a8d0-79667cbf148d,old_only,excluded_vendor,active,extremis-gartentisch-pantagruel,Extremis,Gartentische
c66f492d-0396-4baf-a471-66568914868f,old_only,excluded_vendor,active,ofyr-grill-island,Ofyr,Grills
c6790f7e-d1c1-4fec-8172-7063cae3f6cc,old_only,excluded_product_type,active,manutti-beistelltisch-torsa-runder-esstisch-125,Manutti,Abdeckungen
c679ce16-12b8-4f2c-981e-b84bd041f71e,old_only,excluded_vendor,active,umbrosa-spectra-straight-alu,Umbrosa,Sonnenschirme
c679ed5b-329a-4e71-9546-ab9e61dce92e,old_only,excluded_vendor,active,gartentisch-flower-kopie,Fermob,Gartentische
c67b5306-b9d4-4c37-82a9-474e1e66566a,old_only,excluded_product_type,active,natures-collection-hockerbezug-aus-neuseelandischesm-schaffell,Natures Collection,Accessoires
c68071f0-b04d-46bc-8ad0-f8bc6e2b2182,old_only,excluded_product_type,active,ethnicraft-jack-outdoor-fusshocker-abdeckung,Ethnicraft,Abdeckungen
c6829ef5-edff-4497-ad7c-cff6851125e8,old_only,excluded_vendor,active,gartentisch-ribamelle,Fermob,Gartentische
c694422c-5d11-48c4-9588-6fc633d23234,old_only,excluded_vendor,active,piffany-mr-wattson-original-tischlampe-chiltern-green,Piffany,Tischlampen
c694937f-86d2-435f-9702-d8888c219fe7,old_only,excluded_vendor,active,fermob-gartensofa-bellevie-2-sitzer,Fermob,Gartensofas
c69a0207-e6de-42b3-a36d-bd310a833eac,old_only,excluded_product_type,active,ethnicraft-wandaufhaken-massivholz,Ethnicraft,Kleiderhaken
c69b7a82-5740-4ad5-83e4-d5a53ed1053c,old_only,excluded_vendor,active,fermob-luxembourg-niedriger-tisch-mit-rollen,Fermob,Couchtische
c6a02238-6ae3-4143-8028-99d39d6626e4,old_only,excluded_vendor,active,fermob-aplo-hangegurt,Fermob,Hängeleuchten
c6a54567-cb8c-4abe-ae1b-1c01190c870e,old_only,excluded_vendor,active,fermob-bellevie-2-sitzer-eckmodul-rechts,Fermob,Gartensofas
c6b2bf51-4d75-4246-8ac7-7d223f4e2e71,old_only,excluded_vendor,active,gartentisch-craft,Fermob,Gartentische
c6d86ad6-f9db-40fd-be68-a8d7b9603782,old_only,excluded_vendor,active,fermob-bellevie-3-sitzer,Fermob,Gartensofas
c6dd4219-ee2b-41e4-b82b-3372e7ab6610,old_only,excluded_product_type,active,ethnicraft-teakschutz-outdoor,Ethnicraft,Pflegeprodukte
c7102920-7f2f-49df-bdac-843015e31f8e,old_only,excluded_vendor,active,brokis-deckenleuchte-memory-ceiling,Brokis,Deckenleuchten
c71d32b1-7e1d-42d2-9cf4-8777e4587bb2,old_only,excluded_vendor,active,fermob-bellevie-1-sitzer-polsterhocker,Fermob,Hocker
c73402c5-6d09-4243-89ed-a056cfd2ba33,old_only,excluded_vendor,active,gartentisch-ribamelle,Fermob,Gartentische
c748e403-abf5-49ce-b7ef-b3fc3a18f98f,old_only,excluded_vendor,active,fermob-tisch-bellevie,Fermob,Gartentische
c7523857-9d09-49f5-9aca-d6fceb8bbfdf,old_only,excluded_vendor,active,fermob-bellevie-1-sitzer-modul-links,Fermob,Gartensofas
c75574f7-c324-40db-ba8d-f49d0ebfece2,old_only,excluded_vendor,active,gartentisch-ribamelle,Fermob,Gartentische
c7683f84-9260-4548-8ad7-cff97cae59e4,old_only,excluded_vendor,active,fermob-luxembourg-barstuhl-1,Fermob,Barstühle
c76c05a4-f6b4-492a-b834-0b786fd4e520,old_only,excluded_vendor,active,fermob-bistro-stehtisch-71x71cm,Fermob,Bartische
c770d611-71e8-4eef-962c-4ce7c21b735f,old_only,excluded_product_type,active,cane-line-parasols-sunshade-sonnenschirm-antrazit,Cane-line,Sonnenschirme
c779e40e-e333-4429-93f4-8611e7ea34e3,old_only,excluded_vendor,active,fermob-bellevie-sessel,Fermob,Sessel
c77b4d7a-409a-45ba-91be-ca0899fa6d2e,old_only,excluded_vendor,active,fermob-bebop-d80,Fermob,Beistelltische
c79f6afb-9391-46f4-a032-977476247173,old_only,excluded_vendor,active,fermob-bellevie-zusammenstellung-1b,Fermob,Gartensofas
c7ab3eac-3064-4676-bdd2-fdc36d31eba3,old_only,excluded_vendor,active,gartentisch-ribamelle,Fermob,Gartentische
c7b0f10a-9cfc-467a-8931-0ca50e180e27,old_only,excluded_vendor,active,fermob-bellevie-2-sitzer-modul-mitte,Fermob,Gartensofas
c7b23155-f8b0-4071-939c-4f7c50a1b027,old_only,excluded_vendor,active,fermob-caractere-tisch-128x128cm,Fermob,Gartentische
c7bce71e-049f-477a-87c3-f2114fdf6025,old_only,excluded_vendor,active,fermob-bellevie-1-sitzer-polsterhocker,Fermob,Hocker
c7c873e0-1730-40d6-a629-7667e54ff945,old_only,excluded_vendor,active,extremis-gartentisch-pantagruel,Extremis,Gartentische
c7ce988c-11c5-4823-af50-a91c218632bf,old_only,excluded_vendor,active,fermob-gartensofa-bellevie-2-sitzer,Fermob,Gartensofas
c7e13f24-fdbf-400c-88e6-9546310a52d9,old_only,excluded_vendor,active,umbrosa-spectra-straight-alu,Umbrosa,Sonnenschirme
c7e2e254-9b92-4070-81a6-34b86c195f34,old_only,excluded_product_type,active,natures-collection-hot-water-bottle-1,Natures Collection,Dekoration
c7ec4595-0fe2-4507-81c0-c8204f9edc47,old_only,excluded_vendor,active,fermob-stuhl-surprising,Fermob,Gartenstühle
c7f7aa7d-61c1-494c-874a-fa25a3a80221,old_only,excluded_vendor,active,ofyr-spiesse,Ofyr,Grillzubehör
c7fbddb1-43a8-4c2b-be93-e1ae515ebc8c,old_only,excluded_vendor,active,fermob-tisch-bellevie,Fermob,Gartentische
c80d8f75-8a22-4a29-8232-578774f73955,old_only,excluded_vendor,active,fermob-1900-bank,Fermob,Sitzbänke
c81890ce-69b1-4cb7-a57d-574264182061,old_only,excluded_vendor,active,fermob-luxembourg-tisch-165x100cm,Fermob,Gartentische
c81bb6d0-abf7-4d3d-9332-a1eaf26d47f9,old_only,excluded_vendor,active,fermob-luxembourg-tisch-143x80,Fermob,Gartentische
c83acb75-10e1-4e12-9157-e34a5014327d,old_only,excluded_vendor,active,fermob-bank-bellevie,Fermob,Sitzbänke
c843be15-e74a-46af-8564-80ab4db44e7a,old_only,excluded_vendor,active,wandlampe-memory-wall,Brokis,Wandleuchten
c85cef80-8e1e-4b06-9b7e-672cc8d04145,old_only,excluded_vendor,active,fermob-bellevie-zusammenstellung-2b,Fermob,Gartensofas
c860d5d8-8924-4786-9acd-c90aacce7f2d,old_only,excluded_vendor,active,extremis-gartentisch-pantagruel-picnic,Extremis,Gartentische
c86af40c-4472-4048-b0e4-0ab24d303418,old_only,excluded_vendor,active,fermob-bellevie-zusammenstellung-2b,Fermob,Gartensofas
c86d4e99-1035-4b49-b127-c930b6ceb8cb,old_only,excluded_vendor,active,fermob-bellevie-1-sitzer-modul-mitte,Fermob,Gartensofas
c86db754-907b-4827-80c9-7fe39ce08c40,old_only,excluded_vendor,active,fermob-bellevie-3-sitzer-club-sofa-mit-kissen,Fermob,Gartensofas
c871c03c-815e-4115-8a93-60baa26f9476,old_only,excluded_vendor,active,fermob-bellevie-3-sitzer-club-sofa-mit-kissen,Fermob,Gartensofas
c87887c2-8bbd-47d1-8e33-5fbb6cd5762c,old_only,excluded_vendor,active,fermob-bellevie-sessel,Fermob,Sessel
c8863e55-79bd-4b86-bcd6-13cab75ae296,old_only,excluded_vendor,active,fermob-1900-cabriolet-sessel,Fermob,Sessel
c88c7540-f9c5-406e-9b1c-2c29107b9903,old_only,excluded_vendor,active,fermob-surprising-tiefer-sessel,Fermob,Sessel
c8b8ca78-ed06-42e3-b06c-c5ab98752a2a,old_only,excluded_vendor,active,fermob-stuhl-studie,Fermob,Stühle
c8e8902e-bea4-4228-988f-6420d4f25077,old_only,excluded_vendor,active,fermob-luxembourg-gueridon-haut-80x80cm,Fermob,Bartische
c92d2fb3-c20d-41df-a5bc-3c359b065e89,old_only,excluded_vendor,active,fermob-luxembourg-niedriger-tisch-mit-rollen,Fermob,Couchtische
c93758af-76f7-4bcc-b73e-48647552bcb0,old_only,excluded_vendor,active,gartentisch-petale,Fermob,Gartentische
c938f4c6-dd04-4040-9a0c-23a24b1d3753,old_only,excluded_vendor,active,umbrosa-sonnenschirm-spectra-straight,Umbrosa,Sonnenschirme
c94507ae-393e-4df7-8802-8e993b92343c,old_only,excluded_product_type,active,cane-line-roll-barwagen,Cane-line,Servierwagen
c95b08e2-f60c-414c-87eb-3837fea1cb84,old_only,excluded_vendor,active,fermob-bank-louisiana-150cm,Fermob,Sitzbänke
c96f0435-0a00-4bcb-8942-ed97443b8f31,old_only,excluded_vendor,active,fermob-bistro-barstuhl,Fermob,Barstühle
c9b98897-9178-46b8-8519-962899ae1b39,old_only,excluded_vendor,active,fermob-bellevie-2-sitzer-modul-rechts,Fermob,Gartensofas
c9bc18db-17d8-4362-91ac-c9c72418345e,old_only,excluded_vendor,active,fermob-bellevie-zusammenstellung-2b,Fermob,Gartensofas
c9c0ddab-4829-4f5f-8808-1a12b94a2220,old_only,excluded_vendor,active,umbrosa-sonnenschirm-spectra-straight,Umbrosa,Sonnenschirme
c9d34d03-4afe-4a69-868a-24787c43fa70,old_only,excluded_vendor,active,fermob-bellevie-1-sitzer-modul-rechts,Fermob,Gartensofas
c9d52fde-900a-4b53-94a4-7f8ab62f8115,old_only,excluded_vendor,active,fermob-bistrotisch-d117,Fermob,Gartentische
c9e00ee6-9dd1-444a-96f8-bb240e4ff4ce,old_only,excluded_vendor,active,fermob-bistro-tisch-75x57,Fermob,Gartentische
c9e07ebc-1208-4cc3-8d0b-548d3afac06f,old_only,excluded_vendor,active,fermob-bellevie-2-sitzer-modul-rechts,Fermob,Gartensofas
c9f646ff-43af-4267-bc33-a3c401502836,old_only,excluded_vendor,active,fermob-alize-fussteil,Fermob,Hocker
ca01c0ab-4c94-4251-aa7e-854ceb2a0337,old_only,excluded_vendor,active,fermob-bellevie-2-sitzer-eckmodul-links,Fermob,Gartensofas
ca077ac0-28fc-4325-99c5-27578c8d5cdb,old_only,excluded_vendor,active,fermob-luxembourg-tisch-80x80cm,Fermob,Gartentische
ca0d0770-d46a-4c21-bcab-deb279d9d50d,old_only,excluded_vendor,active,gartentisch-costa-ausziehbar,Fermob,Gartentische
ca179d5a-5bf7-4574-8bc0-5b92628223fa,old_only,excluded_vendor,active,fermob-bellevie-2-sitzer-polsterhocker,Fermob,Sitzbänke
ca3458b2-2bb7-477d-bdcb-2b87051f225d,old_only,excluded_vendor,active,fermob-bebop-niedriger-tisch-120-x-70-x-29cm,Fermob,Beistelltische
ca46d76b-19d3-4bd5-95de-2b9817069d48,old_only,excluded_vendor,active,fermob-rollende-bar-luxembourg,Fermob,Servierwagen
ca4c429d-9db2-46ba-aa7d-77bc97e98296,old_only,excluded_product_type,active,warmflasche-calmo,Weich Alpaca,Accessoires
ca653da6-db96-47e1-a49c-0f42a6e95dac,old_only,excluded_vendor,active,fermob-alize-tiefer-sessel-tog-stereo,Fermob,Sessel
ca70e382-d292-4f82-80ce-d74cf6eb008f,old_only,excluded_vendor,active,fermob-bridge-luxembourg,Fermob,Gartenstühle
ca71423d-d506-4684-9cb4-e2e1b5a35492,old_only,excluded_vendor,active,gubi-multi-lite-stehleuchte,Gubi,Stehlampen
ca72cc7c-4c5f-4aff-8759-ab9d79236d5d,old_only,excluded_vendor,active,fermob-bellevie-hoher-tisch-140x80cm,Fermob,Bartische
ca789215-e8e8-40c0-80f6-507f20bfa171,old_only,excluded_vendor,active,fermob-bellevie-zusammenstellung-1a,Fermob,Gartensofas
ca7d25d2-8f6c-4397-9e3c-47be7ee2660d,old_only,excluded_vendor,active,fermob-luxembourg-barstuhl-1,Fermob,Barstühle
ca82239e-ff76-4bd2-a17d-d12b5ae308a9,old_only,excluded_product_type,active,manutti-flex-konzept-3-schutzhulle,Manutti,Abdeckungen
ca99590d-1280-4403-be34-3e0b9660449f,old_only,excluded_vendor,active,fermob-bistrostuhl-naturel,Fermob,Gartenstühle
caa409b6-4074-4fc2-8e59-9885c4534a9b,old_only,excluded_vendor,active,fermob-bebop-niedriger-tisch-120-x-70-x-29cm,Fermob,Beistelltische
caa69390-f063-4aa5-8b87-093756e22632,old_only,excluded_vendor,active,fermob-bellevie-2-sitzer-club-sofa-mit-kissen,Fermob,Gartensofas
caba13e2-6f2e-4354-844d-aed50e69c82e,old_only,excluded_vendor,active,fermob-basket-blumenkasten-lang,Fermob,Topf
cad72363-b552-404e-89a0-cd56bf392ab9,old_only,excluded_vendor,active,fermob-bistro-tisch-75x57,Fermob,Gartentische
cad88a9d-b7ac-4f29-b848-c40f81d61972,old_only,excluded_vendor,active,fermob-luxembourg-gueridon-haut-80x80cm,Fermob,Bartische
cae5d7e3-440b-45b5-ab1a-7473583b80cc,old_only,excluded_vendor,active,fermob-1900-kaffeetisch,Fermob,Beistelltische
caeb172c-a3f0-40a6-a296-c18bdd1ad63d,old_only,excluded_vendor,active,wandlampe-memory-wall,Brokis,Wandleuchten
caf6601d-1183-4f22-8937-123f1f87132f,old_only,excluded_vendor,active,gartentisch-petale,Fermob,Gartentische
cb228694-6cc1-479d-a415-9680481f8a0e,old_only,excluded_vendor,active,gartentisch-petale,Fermob,Gartentische
cb32c60c-e162-4559-acb5-74210c6c94b0,old_only,excluded_vendor,active,gubi-grashoppa-stehleuchte,Gubi,Stehlampen
cb4cef19-9199-4c4f-9124-70bbff128351,old_only,excluded_vendor,active,fermob-luxembourg-kid-bank,Fermob,Sitzbänke
cb54a800-eb5b-4d6d-accf-dc97a2018629,old_only,excluded_vendor,active,fermob-bellevie-2-sitzer-club-sofa-mit-kissen,Fermob,Gartensofas
cb5a5d9b-27ed-42cf-a7b5-6ee69674fb10,old_only,excluded_product_type,active,scapa-kissenbezug-causeway,Scapa,Dekoration
cb5e623c-cef8-4615-bdde-1f99b99ce554,old_only,excluded_vendor,active,fermob-bellevie-1-sitzer-modul-rechts,Fermob,Gartensofas
cb6a41f9-ed29-442f-afbd-7d1ef1127667,old_only,excluded_vendor,active,fermob-luxembourg-doppelter-sessel,Fermob,Sessel
cb6be0f3-b758-4a00-bcec-b09a2b2c4f97,old_only,excluded_vendor,active,umbrosa-sonnenschirm-spectra-straight,Umbrosa,Sonnenschirme
cb6c219b-884c-4f13-9912-f3e2b9376a3d,old_only,excluded_vendor,active,fermob-bellevie-3-sitzer-club-sofa-mit-kissen,Fermob,Gartensofas
cb71605b-50b9-4ea7-9a46-d3da93bbad3c,old_only,excluded_vendor,active,fermob-tisch-bellevie,Fermob,Gartentische
cb795f13-b1f0-48c4-acfe-ab55c10097d1,old_only,excluded_vendor,active,gartentisch-romane-rund,Fermob,Gartentische
cb7db57a-5c82-48de-aa8c-4bfa7e37e3de,old_only,excluded_vendor,active,gartentisch-petale-kopie,Fermob,Gartentische
cb92fc9d-b164-4767-9984-06fc8c940f10,old_only,excluded_vendor,active,fermob-bellevie-tisch-196x90cm,Fermob,Gartentische
cb99f3ae-535b-4213-8c01-87580a2ee659,old_only,excluded_vendor,active,fermob-bellevie-1-sitzer-modul-mitte,Fermob,Gartensofas
cb9af5ef-18dc-4ae4-9fb8-81ec6ca3df06,old_only,excluded_vendor,active,fermob-bellevie-2-sitzer-modul-rechts,Fermob,Gartensofas
cb9cd31f-5f7d-4ab6-8b78-97218ff5d9a4,old_only,excluded_vendor,active,fermob-alize-sonnenliege-stereo,Fermob,Sonnenliegen
cbc8f02d-4522-4f00-88cb-fda063b10811,old_only,excluded_vendor,active,fermob-lorette-armlehnstuhl-problem-fauteuil-und-bridge,Fermob,Sitzbänke
cbc9584a-a40e-4f9d-8295-cdb8d1fc5bbd,old_only,excluded_vendor,active,fermob-bellevie-tisch-140x80cm,Fermob,Gartentische
cbd8578a-9f5e-4eec-8d2d-c774392c48f6,old_only,excluded_vendor,active,fermob-luxembourg-barstuhl-1,Fermob,Barstühle
cbf337cf-0f77-44cf-9b1e-3190ea4e49d6,old_only,excluded_vendor,active,fermob-bellevie-2-sitzer-eckmodul-links,Fermob,Gartensofas
cc0760db-1589-49c5-a294-7ab84cd3d965,old_only,excluded_vendor,active,fermob-luxembourg-niedriger-doppelter-tisch,Fermob,Couchtische
cc11fa98-7421-435c-be7c-d9e3cf89860e,old_only,excluded_vendor,active,gubi-grashoppa-stehleuchte,Gubi,Stehlampen
cc35df58-77e0-4d81-9398-039dd7895253,old_only,excluded_vendor,active,fermob-balad-lampe-h25,Fermob,Tischlampen
cc423ff3-6139-4617-ab9d-3121418641f5,old_only,excluded_vendor,active,brokis-deckenleuchte-memory-ceiling,Brokis,Deckenleuchten
cc6ce6ae-a1f4-46f8-ae66-4d6468573c1f,old_only,excluded_vendor,active,fermob-bellevie-1-sitzer-polsterhocker,Fermob,Hocker
cc710dab-537f-45b0-9237-0df0388fc4be,old_only,excluded_product_type,active,tribu-schutzhullen,Tribù,Abdeckungen
cc87ff5e-3368-4af9-a7f6-462c449024d8,old_only,excluded_vendor,active,fermob-luxembourg-tisch-143x80,Fermob,Gartentische
cc884c1a-ef92-4fd8-9bb4-f039bf6d8e7f,old_only,excluded_vendor,active,fermob-bellevie-2-sitzer-eckmodul-links,Fermob,Gartensofas
cc8e3610-597d-4403-b313-a57aee9caeea,old_only,excluded_vendor,active,fermob-bridge-luxembourg,Fermob,Gartenstühle
cc99be95-784c-4836-808b-05942aecba77,old_only,excluded_product_type,active,tasche-mini-glory-shopper,Natures Collection,Accessoires
cc9c3950-da41-4988-990b-8514803f920b,old_only,excluded_vendor,active,gubi-esstischstuhl-beetle-gepolstert,Gubi,Stühle
cca135dc-fb01-4245-b93e-d59d34e3ae89,old_only,excluded_vendor,active,umbrosa-spectra-straight-alu,Umbrosa,Sonnenschirme
cca588d5-ce5d-43b0-8054-8125e2a686aa,old_only,excluded_vendor,active,gartentisch-floreal,Fermob,Gartentische
cca59723-2448-4a1b-b952-744cdf3b9505,old_only,excluded_vendor,active,brokis-stehlampe-ballons-pc857,Brokis,Stehlampen
ccbc74d2-d3a4-4cf8-8063-9a455837973e,old_only,excluded_vendor,active,fermob-luxembourg-doppelter-sessel,Fermob,Sessel
ccc3ab22-eca7-4aa2-8ae9-cc2e997282b4,old_only,excluded_vendor,active,fermob-schaukelstuhl-luxembourg,Fermob,Sessel
ccda7f90-04d3-444c-815a-2fd06a9fc083,old_only,excluded_vendor,active,fermob-bellevie-zusammenstellung-1a,Fermob,Gartensofas
ccdff32c-f87d-4f86-b486-ef10ac49bc6d,old_only,excluded_vendor,active,gubi-stemlite-tischlampe,Gubi,Tischlampen
ccea3fe7-c754-47c6-998c-a431732046dc,old_only,excluded_vendor,active,fermob-bellevie-3-sitzer-club-sofa-mit-kissen,Fermob,Gartensofas
ccf6511e-445e-49e4-b9ec-5f8e697d54c0,old_only,excluded_vendor,active,fermob-bellevie-halbhoher-tisch-140x80cm,Fermob,Gartentische
ccf78903-e709-4cf4-9cc2-69673f570edb,old_only,excluded_vendor,active,fermob-bellevie-2-sitzer-eckmodul-links,Fermob,Gartensofas
ccfe472c-8499-41a3-9a8f-ddbeb24b780a,old_only,excluded_vendor,active,umbrosa-sonnenschirm-spectra-straight,Umbrosa,Sonnenschirme
cd042c83-87a2-4628-8ffb-50e74f8e32f7,old_only,excluded_vendor,active,fermob-bank-bellevie,Fermob,Sitzbänke
cd0a7fbd-3e17-46e2-a857-98601ad43b15,old_only,excluded_vendor,active,fermob-bellevie-1-sitzer-modul-links,Fermob,Gartensofas
cd0f8d59-7d42-417c-8f65-b8732df4811e,old_only,excluded_vendor,active,fermob-bistro-stehtisch-71x71cm,Fermob,Bartische
cd18c9f1-4ce0-4647-a5d6-ba2dce3898e7,old_only,excluded_vendor,active,fermob-bellevie-zusammenstellung-1b,Fermob,Gartensofas
cd1cdbed-9a28-4116-a2c0-9a9aac159a58,old_only,excluded_vendor,active,schaukelstuhl-surprising,Fermob,Sessel
cd205f7a-11bd-428c-ac3d-3cb73d30c860,old_only,excluded_product_type,active,cane-line-parasols-hyde-luxe-hanging-sonnenschirm-3x4-1,Cane-line,Sonnenschirme
cd2dfb78-5e98-4b32-add1-5eef2436d3e1,old_only,excluded_vendor,active,fermob-basket-blumenkasten-lang,Fermob,Topf
cd64aca9-451d-45ba-a7cf-efdc6ad24dd0,old_only,excluded_vendor,active,fermob-stuhl-surprising,Fermob,Gartenstühle
cd6a0c08-b8e2-4a10-99c0-0a28d0e62628,old_only,excluded_vendor,active,fermob-bellevie-zusammenstellung-1b,Fermob,Gartensofas
cd94c884-cdb2-45a8-ae70-03fb48484b5d,old_only,excluded_vendor,active,fermob-bistro-tisch-d60,Fermob,Gartentische
cd9bd1ef-3de2-43a1-87e6-e9d3e271fb60,old_only,excluded_product_type,active,scapa-decke-angus,Scapa,Dekoration
cd9e7c01-462d-49c2-8550-f6e0317c7ea1,old_only,excluded_vendor,active,fermob-niedriger-tisch-bellevie,Fermob,Couchtische
cda4f479-6a91-4494-9d78-c60e6046807a,old_only,excluded_vendor,active,fermob-gartensofa-bellevie-2-sitzer,Fermob,Gartensofas
cda83fd0-ef8f-4fce-a539-db83c400e9bf,old_only,excluded_vendor,active,fermob-lorette-runder-tisch-d110,Fermob,Beistelltische
cdbd6804-374f-4dfa-9934-802305dc7dd6,old_only,excluded_vendor,active,fermob-bellevie-zusammenstellung-2a-1,Fermob,Gartensofas
cddc2033-fbe0-4637-9b1b-ff1eda45f023,old_only,excluded_vendor,active,wandlampe-memory-wall,Brokis,Wandleuchten
cdf03fef-6cc2-4a63-beea-59034b0c9140,old_only,excluded_vendor,active,umbrosa-paraflex-wall-round-271,Umbrosa,Sonnenschirme
cdf488cd-48cb-4df4-8a17-391edffd2467,old_only,excluded_product_type,active,libeco-decke-jules,Libeco,Decken
cdf81044-6759-4968-9574-1911d0a187e3,old_only,excluded_vendor,active,fermob-stuhl-luxembourg,Fermob,Gartenstühle
ce0f6583-c040-4026-a1e4-383b4c7c64d2,old_only,excluded_vendor,active,fermob-caractere-tisch-128x128cm,Fermob,Gartentische
ce300be7-90fa-4aad-991d-dee73a45e2cf,old_only,excluded_vendor,active,umbrosa-paraflex-wall-round-270,Umbrosa,Sonnenschirme
ce305420-614b-4833-8d01-7e72f0932c61,old_only,excluded_vendor,active,fermob-luxembourg-barstuhl-1,Fermob,Barstühle
ce3c7144-8bed-4dce-98c1-02a32913787b,old_only,excluded_product_type,active,tribu-schutzhullen,Tribù,Abdeckungen
ce3fd3d8-51fe-4e98-a6f4-961939010014,old_only,excluded_product_type,active,warmflasche-calmo,Weich Alpaca,Accessoires
ce65da68-d850-472f-b51b-b2e76a21ed66,old_only,excluded_vendor,active,fermob-bellevie-2-sitzer-club-sofa-mit-kissen,Fermob,Gartensofas
ce7239a6-2ea8-4ce4-b61f-9bffa3525455,old_only,excluded_vendor,active,fermob-bellevie-zusammenstellung-3b,Fermob,Gartensofas
ce7402df-5eb4-4df8-8962-eaebbbc48010,old_only,excluded_vendor,active,umbrosa-sonnenschirm-spectra,Umbrosa,Sonnenschirme
ce789ffb-6d2d-4643-99f3-45665d0d5f56,old_only,excluded_vendor,active,fermob-bellevie-zusammenstellung-1b,Fermob,Gartensofas
ce7bd1a3-2fb3-4ef1-8b84-6edb5128360c,old_only,excluded_vendor,active,fermob-bellevie-zusammenstellung-3b,Fermob,Gartensofas
ce84bd1b-a6dc-4fb1-b3cc-3f12bd81408f,old_only,excluded_vendor,active,thonet-stuhl-209-m,Thonet,Stühle
ceb2aae6-2bf7-42c5-8e2f-761b6d25cc2a,old_only,excluded_vendor,active,thonet-s32-pvht,Thonet,Stühle
cec124c6-8482-4656-9f3a-9de98d014e61,old_only,excluded_vendor,active,fermob-bellevie-2-sitzer-modul-links,Fermob,Gartensofas
cec80382-e10d-48f3-a825-dfe94bc1480f,old_only,excluded_vendor,active,fermob-tiefer-sessel-luxembourg,Fermob,Sessel
cef352db-191f-4ea4-8086-f09a9cfc7a62,old_only,excluded_vendor,active,fermob-bellevie-zusammenstellung-3b,Fermob,Gartensofas
cef9ceec-f988-4561-b2c2-f0429d225382,old_only,excluded_vendor,active,fermob-bank-mit-ruckenlehne-bellevie,Fermob,Sitzbänke
cf03a506-e70d-4129-a6e0-87bcffc18a8b,old_only,excluded_vendor,active,gartentisch-craft,Fermob,Gartentische
cf10c88b-665e-4b4d-9f13-37f2ea775a48,old_only,excluded_product_type,active,cane-line-parasols-hyde-luxe-hanging-sonnenschirm-3x4-1,Cane-line,Sonnenschirme
cf157019-efcd-46ca-b27b-05228054f476,old_only,excluded_vendor,active,fermob-bellevie-zusammenstellung-1a,Fermob,Gartensofas
cf21f03f-6f42-4e9e-b5b8-dd6ba8f49eff,old_only,excluded_vendor,active,fermob-bellevie-zusammenstellung-3b,Fermob,Gartensofas
cf247e98-2907-44e4-8d55-8570a2ae7f42,old_only,excluded_vendor,active,fermob-1900-stuhl,Fermob,Gartenstühle
cf268945-1fc0-49c1-8fd1-919d8828b84b,old_only,excluded_vendor,active,ofyr-cooler,Ofyr,Auflagenboxen
cf29df77-eceb-472d-9cc3-4b2b51b226a0,old_only,excluded_vendor,active,fermob-luxembourg-barstuhl-1,Fermob,Barstühle
cf34de59-1fd4-46d0-b1b8-6a62dc1c36a1,old_only,excluded_vendor,active,fermob-bellevie-2-sitzer-eckmodul-links,Fermob,Gartensofas
cf36581c-2abb-4420-bf62-5bc453dcf2c4,old_only,excluded_vendor,active,fermob-bellevie-2-sitzer-polsterhocker,Fermob,Sitzbänke
cf3a8d21-d7da-4014-958e-5b4c27d05d38,old_only,excluded_vendor,active,fermob-bellevie-sessel,Fermob,Sessel
cf3e219c-b695-4339-95b6-05d8213d435b,old_only,excluded_vendor,active,fermob-bebop-d80,Fermob,Beistelltische
cf4063c4-8d9f-4118-9ba1-3616c7400618,old_only,excluded_vendor,active,umbrosa-spectra-forward-sonnenschirm,Umbrosa,Sonnenschirme
cf44d2e2-b69f-4500-92c3-a34033e922a5,old_only,excluded_vendor,active,fermob-bellevie-zusammenstellung-2a-1,Fermob,Gartensofas
cf461cb1-aa3f-47ac-bc0d-1cc490deeb42,old_only,excluded_vendor,active,fermob-bellevie-tisch-74x80cm,Fermob,Gartentische
cf465a1c-4941-43e7-8df5-32d8efb5100c,old_only,excluded_vendor,active,fermob-rollende-bar-luxembourg,Fermob,Servierwagen
cf491d27-9b89-4047-ba48-d5c69447a014,old_only,excluded_vendor,active,fermob-armlehnstuhl-studie,Fermob,Stühle
cf5883fa-0421-4ff6-94af-b61e424fb89f,old_only,excluded_vendor,active,fermob-bellevie-zusammenstellung-1b,Fermob,Gartensofas
cf5a38a5-2b4a-416c-a103-fd6b82a70203,old_only,excluded_vendor,active,fermob-gartensofa-bellevie-2-sitzer,Fermob,Gartensofas
cf67b2cd-c631-4b27-b9b0-a9e9348e4662,old_only,excluded_vendor,active,gubi-moon-multi-lite-pendant-large,Gubi,Hängeleuchten
cf67f1b4-6a4f-4bff-bce8-d0dae4fc0f69,old_only,excluded_vendor,active,fermob-bellevie-1-sitzer-modul-rechts,Fermob,Gartensofas
cf6c85c4-d468-4038-84f4-3be3de261015,old_only,excluded_product_type,active,ethnicraft-wandaufhaken-massivholz,Ethnicraft,Kleiderhaken
cf7993d7-87e3-4ed8-a928-cd828e9ae928,old_only,excluded_vendor,active,fermob-bellevie-sessel-fur-den-essbereich,Fermob,Gartenstühle
cf7aa0ec-3a72-4c47-970c-6166aec62d04,old_only,excluded_vendor,active,fermob-caractere-tisch-90x190,Fermob,Gartentische
cf8da6bc-78d8-4ec9-b82c-639ac99b2711,old_only,excluded_vendor,active,fermob-bellevie-2-sitzer-polsterhocker,Fermob,Sitzbänke
cfbca3e9-1d1d-4a29-a1b4-6c99fdd431b1,old_only,excluded_vendor,active,gartentisch-petale,Fermob,Gartentische
cfbe18ce-6c5c-4b1b-ada5-5ebe81c7645f,old_only,excluded_vendor,active,fermob-bank-bellevie,Fermob,Sitzbänke
cfc13f05-5701-47b9-81d4-62d9dce35534,old_only,excluded_vendor,active,fermob-luxembourg-barstuhl,Fermob,Barstühle
cfc447ed-4b99-4562-b076-01b7c52c5dbb,old_only,excluded_vendor,active,ofyr-accessoires-kochbuch-en-de,Ofyr,Accessoires
cfc8f1b6-6dbe-4c9a-b334-6f485eca6141,old_only,excluded_vendor,active,fermob-set-h12-balad,Fermob,Tischlampen
cfd1ec3d-b728-4e92-aa73-03ca19a5bd15,old_only,excluded_vendor,active,gubi-esstischstuhl-beetle,Gubi,Stühle
cfd34f67-9629-4e71-b0df-5fd014557db0,old_only,excluded_vendor,active,fermob-bellevie-2-sitzer-modul-mitte,Fermob,Gartensofas
cfd66727-acf7-4a46-9543-26085a88c68b,old_only,excluded_vendor,active,fermob-luxembourg-hoher-tisch,Fermob,Gartentische
cfda3df6-6e56-4cfe-a586-1c0027306473,old_only,excluded_vendor,active,fermob-bellevie-1-sitzer-modul-mitte,Fermob,Gartensofas
cfe677d3-a523-491b-95a2-b57e02e7f199,old_only,excluded_vendor,active,fermob-bellevie-sessel,Fermob,Sessel
cfedbaf1-4886-4982-a311-646e212daa79,old_only,excluded_vendor,active,fermob-bellevie-zusammenstellung-3b,Fermob,Gartensofas
cff9eb49-2558-4005-9302-804e85d83362,old_only,excluded_vendor,active,fermob-bistro-tisch-d60,Fermob,Gartentische
d00bc464-40c2-4008-80e2-0d7991d15986,old_only,excluded_vendor,active,fermob-bellevie-2-sitzer-eckmodul-rechts,Fermob,Gartensofas
d0160272-14c6-4be4-a10a-ba3b7014a3ac,old_only,excluded_vendor,active,fermob-lorette-armlehnstuhl-problem-fauteuil-und-bridge,Fermob,Sitzbänke
d01870c4-a6d8-4da6-99d5-013ba9590a3a,old_only,excluded_vendor,active,fermob-bellevie-zusammenstellung-2a-1,Fermob,Gartensofas
d01b5291-c59d-473b-a6f8-ad117635179b,old_only,excluded_product_type,active,manutti-schutzhulle-torsa-beistelltisch-101,Manutti,Abdeckungen
d026e0cc-c77c-44cb-ab45-e3333a0463f4,old_only,excluded_vendor,active,fermob-bank-bellevie,Fermob,Sitzbänke
d029f500-63b7-4937-b839-1c295d7bc961,old_only,excluded_vendor,active,fermob-niedriger-tisch-bellevie,Fermob,Couchtische
d02d97fb-ce91-4a9a-b671-8f4ff1f83975,old_only,excluded_vendor,active,fermob-bellevie-tisch-140x80cm,Fermob,Gartentische
d04a5d86-0e45-4cdf-a73c-dec7c164c02c,old_only,excluded_product_type,active,cane-line-laterne-lighthouse-teak,Cane-line,Laternen
d075af92-7598-4d07-9e76-f0ff97d3b501,old_only,excluded_vendor,active,fermob-accroche-coeurs-kleiderstander,Fermob,Accessoires
d0887683-af2b-4b26-bf71-66f96ac0f4f3,old_only,excluded_vendor,active,brokis-stehlampe-ballons-pc858,Brokis,Stehlampen
d08c6287-d299-4afc-b85c-16f2a5425948,old_only,excluded_vendor,active,fermob-bellevie-1-sitzer-polsterhocker,Fermob,Hocker
d08fbcff-209c-4068-8e2d-3a292737549b,old_only,excluded_vendor,active,gartensessel-surprising,Fermob,Sessel
d0966798-008a-4f21-8d20-b94b80f727c0,old_only,excluded_vendor,active,fermob-bellevie-zusammenstellung-3a,Fermob,Gartensofas
d0a3ddec-9e97-4f4e-8f23-95aa745bcb5d,old_only,excluded_vendor,active,fermob-bellevie-zusammenstellung-1a,Fermob,Gartensofas
d0b08910-c6f8-48ea-91a9-1bc3e68fbe50,old_only,excluded_vendor,active,kerze-melted-pillar-smooth-led-uyuni-nordic-white-o7-8x20-3cm,Piffany,Kerzen
d0c1c1c9-8b76-45ff-bc68-0d68992cbfd6,old_only,excluded_vendor,active,brokis-deckenleuchte-memory-ceiling,Brokis,Deckenleuchten
d0c4a312-eed1-485d-a90a-c0104171651e,old_only,excluded_vendor,active,fermob-bellevie-3-sitzer-club-sofa-mit-kissen,Fermob,Gartensofas
d0cad643-f646-4af7-ac01-e543f166f086,old_only,excluded_vendor,active,gartentisch-ribamelle,Fermob,Gartentische
d0e76c1e-8878-4ad8-9023-5be2cf451e93,old_only,excluded_vendor,active,fermob-bellevie-stuhl-v2,Fermob,Gartenstühle
d0eafe8c-b346-4566-90b2-a96c59fccea7,old_only,excluded_vendor,active,beistelltisch-alize-o48,Fermob,Beistelltische
d0f51d82-c1e9-4c85-ae2b-e9e4f47a9c72,old_only,excluded_vendor,active,fermob-tisch-bellevie,Fermob,Gartentische
d0f947f8-e243-4c50-9c22-dc8496cd0601,old_only,excluded_product_type,active,natural-collection-tibetisches-schafsfell-85x50-cm,Natures Collection,Dekoration
d1051701-f581-4306-ae2e-494fd3708ec5,old_only,excluded_vendor,active,fermob-bellevie-hoher-tisch-74x80cm,Fermob,Bartische
d1206f2a-f815-4518-ae68-d99dfb41c28f,old_only,excluded_product_type,active,usm-haller-schubladenkasten-inos-k1,USM Haller,Accessoires
d13ac90c-706e-418c-8e8c-46dac7afd1c7,old_only,excluded_vendor,active,fermob-alize-beistelltisch,Fermob,Beistelltische
d14d0af3-4992-430e-b8d2-7315d2a1fbe1,old_only,excluded_vendor,active,fermob-luxembourg-lounge-sessel,Fermob,Sessel
d151f4bd-b504-488c-b7e8-2f3f9b7a6a3d,old_only,excluded_vendor,active,extremis-hopper-picnic-hellwood-300cm,Extremis,Gartentische
d1597a1f-3009-4c7f-baa4-5d876639fb6a,old_only,excluded_vendor,active,fermob-bellevie-3-sitzer-club-sofa-mit-kissen,Fermob,Gartensofas
d16b84b0-a97d-4f26-9c26-b400eac986a6,old_only,excluded_vendor,active,fermob-bellevie-3-sitzer,Fermob,Gartensofas
d18ca05e-68c2-4f65-9b4e-2bb266f0d356,old_only,excluded_vendor,active,fermob-stuhl-surprising,Fermob,Gartenstühle
d1941cb7-8a97-499c-960c-41b4b6bcca71,old_only,excluded_product_type,active,cane-line-parasols-hyde-luxe-hanging-sonnenschirm-3x4-1,Cane-line,Sonnenschirme
d1948c7d-b124-4939-b74b-e74c2d52d699,old_only,excluded_vendor,active,fermob-bellevie-zusammenstellung-2a-1,Fermob,Gartensofas
d199b00a-1544-4bb4-9be2-f91f22881465,old_only,excluded_product_type,active,scapa-vase-lathe-walnut,Scapa,Accessoires
d19ac976-c540-45aa-80d7-59ebf3fc623b,old_only,excluded_vendor,active,fermob-bellevie-2-sitzer-modul-mitte,Fermob,Gartensofas
d19e2dae-d716-4f29-b0b8-b2c3e36f2a49,old_only,excluded_vendor,active,fermob-rolltisch-guinguette,Fermob,Servierwagen
d1a4ffaa-fe27-47f6-b566-87a2528d400a,old_only,excluded_vendor,active,fermob-bellevie-zusammenstellung-2b,Fermob,Gartensofas
d1a64a4f-debc-4c33-8608-cae9bb9e7dcf,old_only,excluded_vendor,active,fermob-bellevie-2-sitzer-modul-rechts,Fermob,Gartensofas
d1b01a04-45e3-42cc-8796-5b6c7ae92cc8,old_only,excluded_vendor,active,fermob-luxembourg-niedriger-doppelter-tisch,Fermob,Couchtische
d1d088bd-6392-40cc-9356-22dd67c83933,old_only,excluded_vendor,active,umbrosa-sonnenschirm-spectra,Umbrosa,Sonnenschirme
d1e36beb-86ef-44a4-b73f-1ebc911f210d,old_only,excluded_vendor,active,fermob-gartensofa-bellevie-2-sitzer,Fermob,Gartensofas
d1f59246-faa3-4508-b899-9c5264857762,old_only,excluded_product_type,active,cane-line-parasols-hyde-luxe-hanging-sonnenschirm-3x4-1,Cane-line,Sonnenschirme
d1f7be80-87cb-4097-81c9-d19d9fe7de84,old_only,excluded_vendor,active,fermob-luxembourg-tisch-143x80,Fermob,Gartentische
d21de81c-91d9-455f-907a-9842592bbf34,old_only,excluded_vendor,active,fermob-bellevie-1-sitzer-modul-mitte,Fermob,Gartensofas
d233348a-82be-4f0e-b7af-058adf335032,old_only,excluded_vendor,active,fermob-bellevie-2-sitzer-modul-links,Fermob,Gartensofas
d23588f4-41b3-4f2a-b0c4-44af9592abce,old_only,excluded_product_type,active,cane-line-laterne-lightlux,Cane-line,Laternen
d23afb0b-0bee-4dd4-8f06-956aa4dac5c2,old_only,excluded_vendor,active,fermob-luxembourg-hoher-tisch,Fermob,Gartentische
d2452fc9-93df-4d72-b991-d042e1eb2f7b,old_only,excluded_vendor,active,gubi-esstischstuhl-beetle-3d-furnier,Gubi,Stühle
d24d1806-60d8-4559-9b73-88d9cd798d54,old_only,excluded_vendor,active,fermob-schaukelstuhl-luxembourg,Fermob,Sessel
d257c00f-351a-4e4e-afbc-345360b254bd,old_only,excluded_vendor,active,ofyr-grill-set,Ofyr,Grillzubehör
d265d098-9f7c-4b33-8c6c-c2293628c72f,old_only,excluded_vendor,active,fermob-bellevie-2-sitzer-modul-mitte,Fermob,Gartensofas
d26c0b32-5816-42cf-8bb8-97560f69b48a,old_only,excluded_vendor,active,fermob-bellevie-barhocker,Fermob,Barstühle
d278b322-ac9e-49b9-ac02-a0fd9d5357e8,old_only,excluded_vendor,active,umbrosa-sonnenschirm-spectra,Umbrosa,Sonnenschirme
d27929d7-8c83-4011-88c5-aff1d8c30cc4,old_only,excluded_vendor,active,fermob-sitzbank-luxembourg-kompakt,Fermob,Sitzbänke
d28147b6-3473-45c2-b83e-42bd93cecf53,old_only,excluded_vendor,active,gartentisch-opera-carronde,Fermob,Gartentische
d297faa5-fc19-436f-9fa2-73ac1690c4a6,old_only,excluded_vendor,active,gubi-esstischstuhl-beetle-gepolstert,Gubi,Stühle
d29fdcc3-d31b-4cbc-ba21-635b2dcd79ed,old_only,excluded_vendor,active,fermob-bellevie-zusammenstellung-3a,Fermob,Gartensofas
d2a6d9ec-bc40-466f-a23a-648eb51848b4,old_only,excluded_product_type,active,tischfeuer-spin,Höfats,Tischaccessoires
d2a76a62-76d9-4b07-a9af-9228bb751004,old_only,excluded_vendor,active,fermob-bellevie-tisch-74x80cm,Fermob,Gartentische
d2a7d563-686c-40e4-9813-47a96816c1bf,old_only,excluded_vendor,active,fermob-bellevie-zusammenstellung-1a,Fermob,Gartensofas
d2aed1a2-86d6-4e8c-ac71-9f6e6dc97b06,old_only,excluded_vendor,active,brokis-stehlampe-ballons-pc858,Brokis,Stehlampen
d2b591f5-fa86-4e1f-ae3a-50e012b81ff4,old_only,excluded_vendor,active,fermob-caractere-tisch-128x128cm,Fermob,Gartentische
d2b6a33b-d83b-422e-a6f0-191f1177a223,old_only,excluded_vendor,active,fermob-bistro-stehtisch-71x71cm,Fermob,Bartische
d2bdfd29-6bfd-42d9-a857-9f6bbfa063c8,old_only,excluded_vendor,active,fermob-bellevie-sessel,Fermob,Sessel
d2c7f846-e777-4e26-8823-dcae52474d9d,old_only,excluded_vendor,active,fermob-itac-zylindrische-vase-h-76-cm,Fermob,Vasen
d2dc5c1f-4594-4319-a938-8d7f0e17573e,old_only,excluded_vendor,active,fermob-bellevie-halbhoher-tisch-74x80cm,Fermob,Gartentische
d2e28baf-8e9b-4c8c-ade5-e7f1026f9bfe,old_only,excluded_vendor,active,umbrosa-sonnenschirm-spectra-straight,Umbrosa,Sonnenschirme
d2e96b30-2dc2-4890-a4e2-8f05877ba4a3,old_only,excluded_vendor,active,fermob-1900-cabriolet-sessel,Fermob,Sessel
d2f8d8ff-4fc7-40ae-8998-fcbcf6f1d672,old_only,excluded_product_type,active,kopie-von-vincent-sheppard-tika-laterne-auf-metallgestell-camel,Vincent Sheppard,Laternen
d2ffab1e-19c6-464d-bf69-4bca5fba0ba0,old_only,excluded_vendor,active,fermob-stuhl-studie,Fermob,Stühle
d317c8b2-7ef3-4027-a39b-2e7287264cc9,old_only,excluded_vendor,active,gartentisch-craft,Fermob,Gartentische
d320c752-3aae-4147-9453-524532a206f0,old_only,excluded_vendor,active,fermob-bellevie-halbhoher-tisch-74x80cm,Fermob,Gartentische
d32d082a-a0a3-490d-b817-c47fbb2e47e8,old_only,excluded_vendor,active,fermob-2-3-sitzer-bank-mit-ruckenlehne-luxembourg,Fermob,Sitzbänke
d32dcec8-fb25-4806-a9f4-83bc9e54b3d9,old_only,excluded_vendor,active,gartentisch-romane,Fermob,Gartentische
d332dcab-b18a-45a2-8fac-8c2f6b6ab808,old_only,excluded_vendor,active,umbrosa-sonnenschirm-spectra-straight,Umbrosa,Sonnenschirme
d343482b-643b-4d9b-993f-360a72c813a4,old_only,excluded_vendor,active,fermob-bellevie-tisch-74x80cm,Fermob,Gartentische
d356ee0b-8a37-49d6-9595-e9fe16438d6e,old_only,excluded_vendor,active,gartentisch-craft,Fermob,Gartentische
d367db06-ca8c-4b4d-93b0-e6d56500dbad,old_only,excluded_vendor,active,fermob-bellevie-3-sitzer,Fermob,Gartensofas
d36c0a8f-d275-44e2-951e-509c758b00c7,old_only,excluded_vendor,active,fermob-tisch-luxembourg,Fermob,Gartentische
d379bda9-9a53-41b7-9edf-0b0a5434fdc9,old_only,excluded_vendor,active,fermob-rolltisch-guinguette,Fermob,Servierwagen
d37b0a7b-617b-45f3-8d6f-20f6eace9d30,old_only,excluded_vendor,active,gartentisch-floreal,Fermob,Gartentische
d3826b3b-07d5-4615-bf0d-fcebed408aa7,old_only,excluded_vendor,active,umbrosa-spectra-straight-alu,Umbrosa,Sonnenschirme
d3a2dca8-66a3-4450-8e1c-9f62acca3e14,old_only,excluded_vendor,active,fermob-luxembourg-tisch-143x80,Fermob,Gartentische
d3b45a68-32f5-4e4a-a951-61719c9dbbff,old_only,excluded_vendor,active,fermob-luxembourg-tisch-165x100cm,Fermob,Gartentische
d3bfed3f-bfdf-4b45-bc90-7beafffde308,old_only,excluded_vendor,active,fermob-bellevie-1-sitzer-modul-mitte,Fermob,Gartensofas
d3cc644d-329f-4c95-8e27-2dba53724c1e,old_only,excluded_vendor,active,fermob-bellevie-2-sitzer-polsterhocker,Fermob,Sitzbänke
d3d22f55-6244-4915-908e-5623f6c0d867,old_only,excluded_vendor,active,fermob-bellevie-2-sitzer-polsterhocker,Fermob,Sitzbänke
d3dc9a9f-56ca-42f5-8fdb-94619b8b2207,old_only,excluded_vendor,active,fermob-luxembourg-tisch-80x80cm,Fermob,Gartentische
d4203ae4-a748-47a6-9363-85db84978dca,old_only,excluded_vendor,active,fermob-armlehnstuhl-studie,Fermob,Stühle
d420a5ee-c93a-4499-9d0d-320bee516302,old_only,excluded_vendor,active,fermob-bellevie-sessel,Fermob,Sessel
d4236118-9f26-4851-80a1-dae023b36901,old_only,excluded_vendor,active,fermob-bellevie-2-sitzer-modul-mitte,Fermob,Gartensofas
d436ff7e-815a-4fb3-b69a-03e3d074e557,old_only,excluded_vendor,active,fermob-bellevie-zusammenstellung-3b,Fermob,Gartensofas
d443341d-ecc1-4985-84d6-66cdf677e141,old_only,excluded_vendor,active,fermob-gartensofa-bellevie-2-sitzer,Fermob,Gartensofas
d45b2b73-a994-4861-bcf6-c3a43cfa1358,old_only,excluded_vendor,active,fermob-bellevie-3-sitzer,Fermob,Gartensofas
d45fe2cb-041b-4c6f-90fe-f598667b6197,old_only,excluded_vendor,active,kerze-pillar-smooth-led-uyuni-ivory-o5-8-x-10-1-cm,Piffany,Kerzen
d473ff8a-7c65-42d4-858a-3c0e0dfe2b6b,old_only,excluded_vendor,active,umbrosa-paraflex-wall-round-271,Umbrosa,Sonnenschirme
d4775eb1-206e-47e0-b912-772252cfaa54,old_only,excluded_vendor,active,fermob-bellevie-2-sitzer-polsterhocker,Fermob,Sitzbänke
d482b269-4dde-4904-9c68-1da11ca42ea3,old_only,excluded_vendor,active,fermob-bellevie-sessel-fur-den-essbereich,Fermob,Gartenstühle
d4833cb6-94f9-4443-8e28-2fe8fdf38330,old_only,excluded_vendor,active,fermob-tisch-luxembourg,Fermob,Gartentische
d48d8864-34d4-4c37-a59b-53525adc03bc,old_only,excluded_vendor,active,gartentisch-opera-oval,Fermob,Gartentische
d497c0f2-cba7-4521-975c-59afe4d23ea0,old_only,excluded_vendor,active,fermob-luxembourg-kid-tisch-76x55cm,Fermob,Gartentische
d4a1d028-b66c-4ae0-b7fe-f96de4e37a83,old_only,excluded_vendor,active,fermob-bellevie-1-sitzer-modul-mitte,Fermob,Gartensofas
d4a2e0dd-29f5-4dd9-a299-05fee0eb297f,old_only,excluded_vendor,active,piffany-mr-wattson-original-tischlampe-chiltern-green,Piffany,Tischlampen
d4b57595-413d-4c2d-9655-01f1c3e6577d,old_only,excluded_vendor,active,fermob-bellevie-2-sitzer-modul-rechts,Fermob,Gartensofas
d4e39f80-4ea5-4c5d-9d29-963c31affda3,old_only,excluded_vendor,active,gubi-epic-steel-coffee-table-rund-60cm,Gubi,Couchtische
d50f8a38-cc4a-4e1b-83c7-58f8b36899b4,old_only,excluded_product_type,active,plaid-tira,Weich Alpaca,Decken
d51368f2-fc17-4062-8a8a-9fb1d8bd83f3,old_only,excluded_vendor,active,gartentisch-petale-kopie,Fermob,Gartentische
d533492c-2e67-479c-8a7b-10726f691649,old_only,excluded_vendor,active,fermob-bellevie-zusammenstellung-2b,Fermob,Gartensofas
d53f1e26-bcbf-4897-897a-00f783c6aec5,old_only,excluded_vendor,active,fermob-bellevie-2-sitzer-modul-links,Fermob,Gartensofas
d56063d6-4839-48a8-ba96-0b3f47f3724b,old_only,excluded_vendor,active,fermob-calvi-tisch-140-x-140-cm,Fermob,Gartentische
d56c3a8c-ec3c-427a-be14-029cda3cae79,old_only,excluded_product_type,active,scapa-vase-lathe-walnut,Scapa,Accessoires
d5789c39-8338-41a1-b018-b01bc016507b,old_only,excluded_vendor,active,fermob-bellevie-zusammenstellung-3b,Fermob,Gartensofas
d590366a-63b1-4603-ba8b-d61cdce6cd37,old_only,excluded_vendor,active,fermob-bellevie-tisch-74x80cm,Fermob,Gartentische
d5956143-7db9-4048-ba30-3b366d7c6f67,old_only,excluded_vendor,active,fermob-bebop-d80,Fermob,Beistelltische
d59f59c9-5df3-4679-b8fd-10da6ed0d692,old_only,excluded_vendor,active,fermob-bellevie-tisch-140x80cm,Fermob,Gartentische
d5ab4dec-e0e2-4bb5-9b69-4c3df5cdae6d,old_only,excluded_vendor,active,wandlampe-memory-wall,Brokis,Wandleuchten
d5b0f269-b55e-4529-b9dc-deaf145ecc8f,old_only,excluded_vendor,active,fermob-bellevie-2-sitzer-polsterhocker,Fermob,Sitzbänke
d5b22ab9-0858-4c31-abff-4ec1434236aa,old_only,excluded_vendor,active,fermob-bellevie-zusammenstellung-2b,Fermob,Gartensofas
d5b9f128-e8be-48bf-b9c0-ba8ea35dc086,old_only,excluded_vendor,active,fermob-bellevie-2-sitzer-eckmodul-links,Fermob,Gartensofas
d5cc7b43-e357-4c4c-a5b3-208ea0001ff0,old_only,excluded_vendor,active,fermob-bistro-tisch-d77,Fermob,Gartentische
d5d46449-cf0b-43a9-b863-08cf7c8237d6,old_only,excluded_vendor,active,gubi-beetle-sofa-2-sitzer,Gubi,Sofas
d5d98fba-234b-4f08-861f-5afe998a0060,old_only,excluded_vendor,active,brokis-stehlampe-balloons-pc856,Brokis,Stehlampen
d5e15ed9-43d5-4411-86fd-96919c50c046,old_only,excluded_vendor,active,fermob-bellevie-2-sitzer-eckmodul-links,Fermob,Gartensofas
d6001726-a764-42b3-9818-35d1dbdaa06f,old_only,excluded_vendor,active,fermob-balad-lampe-h25,Fermob,Tischlampen
d604a58b-9bcc-4ad5-aa34-34a12908e043,old_only,excluded_vendor,active,fermob-bellevie-1-sitzer-modul-mitte,Fermob,Gartensofas
d615b912-2571-4eb7-bce7-ef4c8f604b91,old_only,excluded_vendor,active,fermob-caractere-tisch-128x128cm,Fermob,Gartentische
d6186de1-aacf-4a7e-87ae-9b48a248460b,old_only,excluded_vendor,active,fermob-bellevie-2-sitzer-eckmodul-rechts,Fermob,Gartensofas
d61ffc5d-9b33-48b5-86fb-887455ef485c,old_only,excluded_vendor,active,fermob-luxembourg-kid-bank,Fermob,Sitzbänke
d642ee93-8d12-408a-ab81-7aeeb9c010ea,old_only,excluded_vendor,active,fermob-1900-cabriolet-sessel,Fermob,Sessel
d6438404-dc04-40d4-9ddf-36a3a0569f83,old_only,excluded_vendor,active,fermob-alize-beistelltisch,Fermob,Beistelltische
d662e3cf-3c47-4a6a-9b97-54af3f2c43e9,old_only,excluded_vendor,active,umbrosa-spectra-straight-alu,Umbrosa,Sonnenschirme
d667b383-652d-41f9-ac04-c7117c2a3c97,old_only,excluded_vendor,active,fermob-bellevie-2-sitzer-eckmodul-links,Fermob,Gartensofas
d66a6e0c-80fd-452f-8773-9b18e1a99e22,old_only,excluded_vendor,active,umbrosa-sonnenschirm-spectra-straight,Umbrosa,Sonnenschirme
d67c8147-2974-412d-b835-ae0d3fac5cef,old_only,excluded_vendor,active,glaskerze-led-candle-vanille,Piffany,Kerzen
d683b847-7019-4610-9c11-dc396c0823a5,old_only,excluded_vendor,active,gartentisch-luxembourg-80x80-1,Fermob,Gartentische
d6a26dba-8374-4358-805a-3aef86fe5dd6,old_only,excluded_vendor,active,fermob-stuhl-studie,Fermob,Stühle
d6a46024-c6f4-4a30-9416-0c810eb3f1a8,old_only,excluded_vendor,active,fermob-rollende-bar-luxembourg,Fermob,Servierwagen
d6a78307-cb42-405e-bcae-6b436229e3eb,old_only,excluded_vendor,active,fermob-bellevie-zusammenstellung-1b,Fermob,Gartensofas
d6b0156d-6f8e-4b7d-b41d-34c5491fd6f2,old_only,excluded_vendor,active,fermob-luxembourg-bank-3-4-sitzer,Fermob,Sitzbänke
d6b2e344-1be0-44a1-beff-66f24b7c53ad,old_only,excluded_vendor,active,gartentisch-floreal,Fermob,Gartentische
d6bcf6c7-6711-4f6d-8ae6-475ad6512610,old_only,excluded_vendor,active,fermob-alize-deporte,Fermob,Beistelltische
d6d1318c-af42-46a7-98ce-3f90cf3fe180,old_only,excluded_vendor,active,fermob-luxembourg-tisch-80x80cm,Fermob,Gartentische
d6db7fe3-b350-47c7-a62c-f42930d82d55,old_only,excluded_vendor,active,fermob-bistro-tisch-75x57,Fermob,Gartentische
d6ebd44b-a5d2-4175-9281-85ee33bf1837,old_only,excluded_vendor,active,fermob-bellevie-2-sitzer-club-sofa-mit-kissen,Fermob,Gartensofas
d6eecae1-92a5-4b7c-9f1a-8e9a27574b66,old_only,excluded_vendor,active,fermob-bellevie-halbhoher-tisch-140x80cm,Fermob,Gartentische
d6f08e31-cb3f-4238-b6c2-f7d944fc8670,old_only,excluded_vendor,active,fermob-bistro-tisch-d60,Fermob,Gartentische
d70e1edf-ae53-4c0c-9168-4c5504f12069,old_only,excluded_vendor,active,fermob-bellevie-halbhoher-tisch-74x80cm,Fermob,Gartentische
d71c402b-659e-46bc-a006-824a1c210348,old_only,excluded_vendor,active,fermob-bellevie-zusammenstellung-2a-1,Fermob,Gartensofas
d7252462-2d90-4954-a553-1df082a8463a,old_only,excluded_vendor,active,gartentisch-petale-kopie,Fermob,Gartentische
d72b2266-e232-494c-aba2-a4e5f23721b9,old_only,excluded_vendor,active,fermob-lorette-bridge,Fermob,Gartenstühle
d73868f6-cdf6-47fe-ab47-cc1a04f8180b,old_only,excluded_vendor,active,fermob-bellevie-sessel,Fermob,Sessel
d746f7ca-1e01-4ca8-87e7-c657480c8179,old_only,excluded_vendor,active,extremis-gartentisch-pantagruel-picnic,Extremis,Gartentische
d74b2b8f-2987-4030-b969-5cab33371af0,old_only,excluded_vendor,active,gartentisch-petale,Fermob,Gartentische
d7598fed-32a9-4cf5-96f8-833cb1154d61,old_only,excluded_vendor,active,fermob-bellevie-2-sitzer-polsterhocker,Fermob,Sitzbänke
d761c16b-017a-44af-966f-f59e694bd1b0,old_only,excluded_vendor,active,fermob-bellevie-3-sitzer,Fermob,Gartensofas
d7655bd2-6efb-4f70-88c5-2d92f12b9ef0,old_only,excluded_product_type,active,tribu-accesoires-laternensockel,Tribù,Laternen
d7802c8d-1fbe-499f-ba1b-c172f4e5ed1c,old_only,excluded_vendor,active,gartentisch-floreal,Fermob,Gartentische
d79c7059-0355-46b0-a480-2aa568b99749,old_only,excluded_vendor,active,fermob-bank-mit-ruckenlehne-bellevie,Fermob,Sitzbänke
d79fa291-d515-4c3d-be7a-3d5e3b658336,old_only,excluded_vendor,active,fermob-1900-stuhl,Fermob,Gartenstühle
d7a96ec6-8533-4784-ad58-7def3896ecf3,old_only,excluded_vendor,active,armlehnstuhl-studie,Fermob,Gartenstühle
d7b02b5e-f29a-4ddf-a2b4-ac8813f077a7,old_only,excluded_vendor,active,fermob-bellevie-zusammenstellung-3a,Fermob,Gartensofas
d7b2bd99-9d87-4397-a3d9-5586af59f84e,old_only,excluded_vendor,active,fermob-bellevie-tisch-140x80cm,Fermob,Gartentische
d7c5a10c-ca9d-400e-a98c-34612c18d874,old_only,excluded_vendor,active,fermob-bistro-stehtisch-71x71cm,Fermob,Bartische
d7db85be-6179-4394-9da8-0dd6e1c15287,old_only,excluded_vendor,active,fermob-bellevie-zusammenstellung-2a-1,Fermob,Gartensofas
d7f206b1-ebb2-4628-b9c0-32e8fd7d32f5,old_only,excluded_vendor,active,fermob-luxembourg-kid-bank,Fermob,Sitzbänke
d7f667ca-2739-4fe7-b181-524240772763,old_only,excluded_vendor,active,brokis-deckenleuchte-memory-ceiling,Brokis,Deckenleuchten
d800244b-d16a-4cf8-9fea-e6e52a4f86f1,old_only,excluded_vendor,active,gartentisch-opera-oval,Fermob,Gartentische
d80585da-3311-476c-926a-45ab8a98bd4f,old_only,excluded_vendor,active,fermob-bellevie-zusammenstellung-3a,Fermob,Gartensofas
d835733a-b453-4b3f-b622-874aea58edc2,old_only,excluded_vendor,active,fermob-bellevie-halbhoher-tisch-140x80cm,Fermob,Gartentische
d838dd8f-cd23-464f-b6f7-6a19bfdfc6d4,old_only,excluded_vendor,active,ofyr-wood-storage,Ofyr,Holzlagerung
d83943a5-49af-4d93-b955-8ea24987d656,old_only,excluded_vendor,active,gartentisch-romane,Fermob,Gartentische
d839cfba-d765-4636-bf99-524a4ae023a9,old_only,excluded_vendor,active,gubi-multi-lite-stehleuchte,Gubi,Stehlampen
d83b77b0-a62d-4fb1-b71e-b08187e16c23,old_only,excluded_vendor,active,gartentisch-flower-kopie,Fermob,Gartentische
d84883ee-a5eb-44e7-a443-44409a9199f3,old_only,excluded_vendor,active,brokis-stehlampe-ballons-pc857,Brokis,Stehlampen
d84ab789-365b-422c-b074-8704d2245475,old_only,excluded_vendor,active,fermob-bellevie-2-sitzer-modul-links,Fermob,Gartensofas
d853c6df-dca1-4e32-bad0-c5a94469ecb5,old_only,excluded_vendor,active,fermob-luxembourg-niedriger-doppelter-tisch,Fermob,Couchtische
d85d313e-df2b-449b-b8b8-1aa6c31db653,old_only,excluded_vendor,active,umbrosa-paraflex-wall-square-230,Umbrosa,Sonnenschirme
d862747d-63c8-4fce-87bb-320c8de3cca9,old_only,excluded_vendor,active,fermob-bellevie-zusammenstellung-3a,Fermob,Gartensofas
d868d261-be60-4815-9ad8-05c3ac794d17,old_only,excluded_vendor,active,kerze-pillar-smooth-led-uyuni-ivory-o5-8-x-15-2cm,Piffany,Kerzen
d86c37a4-3e30-406c-82e2-e5b69b8a1312,old_only,excluded_product_type,active,ethnicraft-outdoor-schutzhuelle-rechteck-essgruppen,Ethnicraft,Abdeckungen
d86d65d2-144c-4a70-a1a9-c48624e72387,old_only,excluded_product_type,active,plaid-tira,Weich Alpaca,Decken
d87d70b3-ba5c-45fe-a894-f5faa9dfd95c,old_only,excluded_vendor,active,fermob-alize-deporte,Fermob,Beistelltische
d894f2de-a90b-4700-9a6f-38aaca04987f,old_only,excluded_vendor,active,umbrosa-sonnenschirm-spectra-straight,Umbrosa,Sonnenschirme
d89759df-8834-41dd-be76-16c0ff13c34b,old_only,excluded_vendor,active,extremis-bistroo-tisch-stuhl-kombination,Extremis,Gartentische
d89c9b58-81c0-4239-8ebd-59487e967d54,old_only,excluded_vendor,active,fermob-bellevie-2-sitzer-eckmodul-rechts,Fermob,Gartensofas
d8a23adf-210d-410e-9d26-06d0052ca6db,old_only,excluded_vendor,active,fermob-kleiner-niedriger-bestelltisch,Fermob,Beistelltische
d8b7734d-e4d5-45e6-9406-4672cfda6fec,old_only,excluded_vendor,active,gartentisch-romane,Fermob,Gartentische
d8b780bb-ec7d-43b3-9041-124a8ee5febb,old_only,excluded_product_type,active,tribu-eclipse-aluminium-sonnenschirm,Tribù,Sonnenschirme
d8c135a9-88af-45fd-8657-fe2e904fc9cc,old_only,excluded_vendor,active,gartentisch-craft-kopie,Fermob,Gartentische
d8c5a7d4-25fb-46fc-9743-dc71a3a3ec90,old_only,excluded_vendor,active,fermob-bellevie-sessel,Fermob,Sessel
d8c7c073-25d8-4932-97c6-6beb10a6f676,old_only,excluded_vendor,active,fermob-stuhl-surprising,Fermob,Gartenstühle
d8c8eb7b-c6a9-4e1e-a15a-c6169a220f1f,old_only,excluded_vendor,active,fermob-bellevie-2-sitzer-eckmodul-links,Fermob,Gartensofas
d8cdb451-678a-4e72-97d2-3de1b7f7e749,old_only,excluded_vendor,active,extremis-gartentisch-hopper-picnic-aa,Extremis,Gartentische
d8d0264b-2eec-4a3a-a236-5d5e15f16f2b,old_only,excluded_vendor,active,fermob-bellevie-2-sitzer-eckmodul-rechts,Fermob,Gartensofas
d8d17da8-2e6a-4e11-b911-c6299e6f1d8b,old_only,excluded_vendor,active,fermob-bellevie-sessel,Fermob,Sessel
d8d57f8f-60fd-4ee4-921f-5a9076c16953,old_only,excluded_vendor,active,fermob-bellevie-zusammenstellung-3a,Fermob,Gartensofas
d8e41ae0-88f3-4c9c-87e0-4076e84e2fa6,old_only,excluded_vendor,active,fermob-surprising-tiefer-sessel,Fermob,Sessel
d8eccebb-4730-4e63-add0-d71552fa2244,old_only,excluded_vendor,active,fermob-calvi-tisch-160-x-80-cm,Fermob,Gartentische
d901ba4e-94b9-42ea-86e7-8816cbaa9f83,old_only,excluded_vendor,active,brokis-deckenleuchte-memory-ceiling,Brokis,Deckenleuchten
d9020fdc-d341-470b-a502-4472ca4e7cd6,old_only,excluded_vendor,active,fermob-bellevie-2-sitzer-eckmodul-links,Fermob,Gartensofas
d9101ae3-93f1-4195-8a27-b8cbf552876e,old_only,excluded_vendor,active,ofyr-loschdeckel,Ofyr,Grillzubehör
d9108fc1-c205-48b4-9ce6-b2243f77ede2,old_only,excluded_product_type,active,tribu-schutzhullen,Tribù,Abdeckungen
d91214dd-bff6-46fa-b78c-272ae0082194,old_only,excluded_vendor,active,fermob-bellevie-2-sitzer-club-sofa-mit-kissen,Fermob,Gartensofas
d91634dc-7ac1-4114-aa04-e542b08d8733,old_only,excluded_product_type,active,scapa-kissenbezug-causeway,Scapa,Dekoration
d91e45b2-a100-40fd-98f1-e2ac2123ef68,old_only,excluded_vendor,active,wandlampe-memory-wall,Brokis,Wandleuchten
d9316b0f-c70d-4099-9901-925c73bab207,old_only,excluded_vendor,active,fermob-bellevie-2-sitzer-modul-links,Fermob,Gartensofas
d934a46c-0b75-49fb-8f31-89238467ae10,old_only,excluded_vendor,active,gartentisch-petale-kopie,Fermob,Gartentische
d94e28e3-5b2d-4fd4-950c-f8519b469464,old_only,excluded_vendor,active,fermob-bellevie-barhocker,Fermob,Barstühle
d9510040-cdd3-46c7-828f-9239dc4245c0,old_only,excluded_vendor,active,fermob-cocotte-basse,Fermob,Beistelltische
d95b26af-87ff-4c49-8108-6e5117b3949b,old_only,excluded_vendor,active,fermob-bellevie-2-sitzer-modul-rechts,Fermob,Gartensofas
d9696f78-4bec-4876-93f1-9ab5627ef03e,old_only,excluded_vendor,active,fermob-bellevie-sessel-fur-den-essbereich,Fermob,Gartenstühle
d97d5b75-fe95-4498-bee9-6e5ae3e38f80,old_only,excluded_vendor,active,fermob-bellevie-hoher-tisch-74x80cm,Fermob,Bartische
d989d8ac-a7ba-4552-a4ee-48807a629f36,old_only,excluded_vendor,active,batteriekasten-christmas,Piffany,Kerzen
d997250d-ac73-46e5-9b12-2ee8a6849240,old_only,excluded_vendor,active,thonet-118f-holzstuhl-mit-armlehnen,Thonet,Stühle
d9a4d0aa-ea99-42f8-bbd5-345ec44d9a64,old_only,excluded_vendor,active,fermob-1900-cabriolet-sessel,Fermob,Sessel
d9a52478-2be4-47c8-8e8b-1e04ffc2cd5c,old_only,excluded_vendor,active,fermob-niedriger-tisch-bellevie,Fermob,Couchtische
d9d27137-8e8b-4e3d-986f-684214c3578b,old_only,excluded_vendor,active,fermob-bellevie-2-sitzer-modul-mitte,Fermob,Gartensofas
d9d9a02b-3953-456f-a8d2-16cbd218083a,old_only,excluded_vendor,active,ofyr-grillzange,Ofyr,Grillzubehör
d9d9f718-77ad-428a-98cc-00ab9d62f124,old_only,excluded_vendor,active,fermob-alize-beistelltisch,Fermob,Beistelltische
d9e49e72-4ff7-4d3b-88a1-00969044c041,old_only,excluded_vendor,active,fermob-bellevie-1-sitzer-polsterhocker,Fermob,Hocker
d9e74dd9-fe5f-41a5-807a-3f3b7410591b,old_only,excluded_vendor,active,fermob-1900-cabriolet-sessel,Fermob,Sessel
d9ec02ca-6143-4cf0-be8d-382297c2b4b3,old_only,excluded_vendor,active,fermob-lorette-ovaler-tisch-160x90,Fermob,Gartentische
d9ee344d-f703-49de-830b-b36d0fb02108,old_only,excluded_vendor,active,fermob-1900-tisch-d96,Fermob,Gartentische
d9fe7aa9-4be9-47fe-957f-5eb881c7b038,old_only,excluded_vendor,active,fermob-bellevie-2-sitzer-polsterhocker,Fermob,Sitzbänke
da0131a5-84c8-46e9-8d8e-eae05a82e707,old_only,excluded_vendor,active,gartensessel-bellevie,Fermob,Sessel
da04f84f-568f-4fdd-9f87-10a9562c3e44,old_only,excluded_vendor,active,fermob-luxembourg-barstuhl,Fermob,Barstühle
da173be1-d2fe-4505-9558-7a87a5a26298,old_only,excluded_vendor,active,fermob-bellevie-3-sitzer,Fermob,Gartensofas
da25fd13-9f54-4e3f-be72-64b060bbd9f6,old_only,excluded_vendor,active,fermob-bellevie-1-sitzer-modul-links,Fermob,Gartensofas
da272993-5575-4e95-aa53-832b6236f7c7,old_only,excluded_vendor,active,fermob-bellevie-1-sitzer-modul-rechts,Fermob,Gartensofas
da3efcd6-a77b-4738-b93f-9002870753f8,old_only,excluded_vendor,active,fermob-bellevie-2-sitzer-modul-links,Fermob,Gartensofas
da57791b-eaa0-40e0-99cd-0e871b66822b,old_only,excluded_vendor,active,fermob-bellevie-1-sitzer-modul-rechts,Fermob,Gartensofas
da59e8be-9005-4232-bb28-0f4baae37300,old_only,excluded_vendor,active,gartentisch-craft,Fermob,Gartentische
da60e921-0a41-40a0-8cf9-648ba022308f,old_only,excluded_vendor,active,ofyr-grill-island,Ofyr,Grills
da6631af-7dda-4893-a66e-73b4ee08ef58,old_only,excluded_vendor,active,gartentisch-petale-kopie,Fermob,Gartentische
da7e5139-133f-4712-9888-c23a220c1fd4,old_only,excluded_vendor,active,brokis-deckenleuchte-memory-ceiling,Brokis,Deckenleuchten
da89119e-9d8c-4de8-898f-fc10b6ee778c,old_only,excluded_vendor,active,fermob-bellevie-2-sitzer-eckmodul-links,Fermob,Gartensofas
daa6fb87-9d95-4dbb-a647-884320594c8e,old_only,excluded_vendor,active,fermob-bellevie-1-sitzer-modul-links,Fermob,Gartensofas
dab09608-c456-4915-8fec-9fbb4004cf71,old_only,excluded_product_type,active,tribu-schutzhullen,Tribù,Abdeckungen
dad7c9c9-1f19-4782-bb55-d195ab4c6253,old_only,excluded_vendor,active,gartentisch-opera-oval,Fermob,Gartentische
dae2925d-9fc5-400d-986d-6e8fb1cae065,old_only,excluded_vendor,active,fermob-bridge-luxembourg,Fermob,Gartenstühle
daf2dc85-35e1-4dd7-a7d6-a2db463376fe,old_only,excluded_vendor,active,fermob-bellevie-zusammenstellung-3a,Fermob,Gartensofas
dafcc183-6cb6-4ef7-b294-de69f51e6a59,old_only,excluded_vendor,active,tischlampe-spectra,Brokis,Tischlampen
db062c00-e947-4f65-92a3-49379db21dc1,old_only,excluded_vendor,active,fermob-bellevie-2-sitzer-eckmodul-rechts,Fermob,Gartensofas
db0b59ee-8786-41b1-84a3-e601525e9581,old_only,excluded_vendor,active,fermob-bellevie-3-sitzer,Fermob,Gartensofas
db0e1ad3-73b1-4c1c-a4b1-321c692d3e09,old_only,excluded_vendor,active,fermob-bellevie-zusammenstellung-2b,Fermob,Gartensofas
db2a9d4d-3163-4bc5-b145-e45c73d8809c,old_only,excluded_vendor,active,fermob-luxembourg-tisch-165x100cm,Fermob,Gartentische
db2b4362-6b7a-44fb-802e-8e4cf8b8c61d,old_only,excluded_vendor,active,fermob-bellevie-2-sitzer-eckmodul-rechts,Fermob,Gartensofas
db348de3-fbf7-43c8-9883-ece7ce5b8350,old_only,excluded_product_type,active,tribu-schutzhullen,Tribù,Abdeckungen
db4381d6-eaca-44c0-aba7-45b8ce616d94,old_only,excluded_vendor,active,fermob-gartensofa-bellevie-2-sitzer,Fermob,Gartensofas
db495194-8cea-46be-ac14-64dd6bc60c7b,old_only,excluded_vendor,active,wandlampe-memory-wall,Brokis,Wandleuchten
db6185fa-acb8-4dad-b69b-0c8dc0acfdad,old_only,excluded_product_type,active,natures-collection-decke-aus-mohairwolle-doppelseitige,Natures Collection,Decken
db64aa5a-1f86-4239-b57a-0022e8b1173d,old_only,excluded_vendor,active,thonet-stuhl-209-m,Thonet,Stühle
db69d26c-5d30-4483-b242-5f4018520968,old_only,excluded_vendor,active,gubi-beetle-sofa-2-sitzer,Gubi,Sofas
db7ceff5-9c1d-4eff-b1aa-919fce9de83b,old_only,excluded_vendor,active,fermob-bellevie-zusammenstellung-3b,Fermob,Gartensofas
db890e12-382e-494f-9b02-500983bbf977,old_only,excluded_product_type,active,tribu-eclipse-quadratischer-aluminium-sonnenschirm,Tribù,Sonnenschirme
dbadf99f-2aba-4f93-809a-a7d3d2fd2863,old_only,excluded_vendor,active,fermob-bellevie-2-sitzer-club-sofa-mit-kissen,Fermob,Gartensofas
dbb38684-82b4-4fd3-9ac2-0140e0fb48e5,old_only,excluded_vendor,active,fermob-lorette-runder-tisch-d110,Fermob,Beistelltische
dbc62fc9-1791-4603-b3ea-837bf3f8ae7c,old_only,excluded_vendor,active,fermob-bellevie-3-sitzer-club-sofa-mit-kissen,Fermob,Gartensofas
dbd1e95f-7cce-4ace-9a03-86b5968c0f6f,old_only,excluded_vendor,active,fermob-bank-mit-ruckenlehne-bellevie,Fermob,Sitzbänke
dbd3ef1c-08c7-466a-ab72-ffa1ccd804fd,old_only,excluded_vendor,active,fermob-lighting-mooon-lampe-h134cm,Fermob,Stehlampen
dbf3a9a1-636d-4849-aee9-2d20a6db86cc,old_only,excluded_product_type,active,tribu-eclipse-aluminium-sonnenschirm,Tribù,Sonnenschirme
dbf877d9-f0ed-4402-923e-2dbc3df6a9f6,old_only,excluded_vendor,active,fermob-luxembourg-kid-stuhl,Fermob,Gartenstühle
dbfc7eaf-cccb-417f-b15a-1114fd5ae173,old_only,excluded_vendor,active,fermob-bellevie-3-sitzer,Fermob,Gartensofas
dc0293ae-6521-402d-8c1d-43fa89127e3d,old_only,excluded_vendor,active,fermob-bellevie-3-sitzer-club-sofa-mit-kissen,Fermob,Gartensofas
dc0bfd61-2435-42c5-8dcd-a447563ad040,old_only,excluded_vendor,active,fermob-bellevie-zusammenstellung-3b,Fermob,Gartensofas
dc0edf6a-d2ea-4164-a982-f0dee2e9749c,old_only,excluded_product_type,active,tribu-eclipse-quadratischer-aluminium-sonnenschirm,Tribù,Sonnenschirme
dc1247f0-7fab-44f5-b23a-c3ae9b507f51,old_only,excluded_vendor,active,fermob-bellevie-halbhoher-tisch-74x80cm,Fermob,Gartentische
dc13c560-f460-4285-859c-c0a13354e778,old_only,excluded_product_type,active,manutti-grosse-kissentruhe-pca-fuse,Manutti,Auflagenboxen
dc2c17fd-8074-4255-a388-ab758762eaa4,old_only,excluded_vendor,active,fermob-bellevie-zusammenstellung-2b,Fermob,Gartensofas
dc382e49-b5b8-4d6a-89c0-3e5b0d1791ab,old_only,excluded_vendor,active,fermob-bellevie-1-sitzer-modul-mitte,Fermob,Gartensofas
dc3fa0cf-2c77-4ee4-8fb3-6f77240e9cb4,old_only,excluded_vendor,active,fermob-luxembourg-kid-stuhl,Fermob,Gartenstühle
dc4632c8-4118-4843-80fd-248223dd70c7,old_only,excluded_vendor,active,fermob-bellevie-1-sitzer-modul-rechts,Fermob,Gartensofas
dc49bc5c-cb56-4a9c-bc27-4d271c3945fb,old_only,excluded_vendor,active,fermob-bellevie-zusammenstellung-1a,Fermob,Gartensofas
dc4e16f7-7f6c-424b-b7ec-3f72808d54b5,old_only,excluded_vendor,active,umbrosa-paraflex-wall-round-270,Umbrosa,Sonnenschirme
dc6dd5c7-ad35-48fc-b087-138be26de4a5,old_only,excluded_product_type,active,tribu-eclipse-aluminium-sonnenschirm,Tribù,Sonnenschirme
dc79f555-30fa-4e82-a351-4f42092aa88d,old_only,excluded_vendor,active,fermob-stuhl-luxembourg,Fermob,Gartenstühle
dc9e3cee-6dd8-49a7-8744-c8e498c13abf,old_only,excluded_vendor,active,fermob-calvi-tisch-140-x-140-cm,Fermob,Gartentische
dc9efa6a-515f-4f41-b12d-1c64a999784d,old_only,excluded_vendor,active,ofyr-mise-en-place-table-pro,Ofyr,Küchen
dcaa24fe-ce46-414f-9ae2-be744be8929e,old_only,excluded_vendor,active,fermob-bebop-d80,Fermob,Beistelltische
dcacfdab-0ee1-44df-86b8-a28a7ae65fdc,old_only,excluded_vendor,active,fermob-rollende-bar-luxembourg,Fermob,Servierwagen
dcad79e9-06dc-4b4f-a67b-bcb647bf5821,old_only,excluded_vendor,active,gubi-moon-multi-lite-pendant-large,Gubi,Hängeleuchten
dcb18907-065a-4faf-a216-1d8e0a3266d6,old_only,excluded_vendor,active,fermob-cocotte-beistelltisch,Fermob,Beistelltische
dcb962ca-8732-4643-8096-bc5b61e94678,old_only,excluded_vendor,active,fermob-bellevie-zusammenstellung-1b,Fermob,Gartensofas
dcbc2ddd-6bf8-4110-a36a-5df6ec4b1073,old_only,excluded_vendor,active,fermob-bellevie-hoher-tisch-140x80cm,Fermob,Bartische
dccacfdd-4447-4b9e-8825-626b253ce6c5,old_only,excluded_vendor,active,fermob-bellevie-2-sitzer-eckmodul-links,Fermob,Gartensofas
dcd21700-8c34-4f9e-8343-6369e28baa05,old_only,excluded_vendor,active,fermob-1900-cabriolet-sessel,Fermob,Sessel
dce0728a-7b0f-4c5f-935a-97ce59d5bc27,old_only,excluded_vendor,active,gartentisch-petale,Fermob,Gartentische
dcee7fb0-1e57-4fe4-bbbe-9ed949b89716,old_only,excluded_vendor,active,fermob-bellevie-2-sitzer-eckmodul-links,Fermob,Gartensofas
dcf26cab-df00-459e-82aa-f82ab7a81618,old_only,excluded_product_type,active,ethnicraft-pi-kerzenhalter-massivholz,Ethnicraft,Kerzen
dd0ea4da-e1b8-4cb1-aa69-e00d34ffb3e3,old_only,excluded_vendor,active,fermob-luxembourg-tisch-165x100cm,Fermob,Gartentische
dd2b9719-061a-4004-a71e-b63a7ecdac0f,old_only,excluded_vendor,active,fermob-bellevie-1-sitzer-modul-mitte,Fermob,Gartensofas
dd3bf974-342c-4235-afa6-5d14896742f5,old_only,excluded_vendor,active,fermob-luxembourg-lounge-sessel,Fermob,Sessel
dd3f133a-2a20-4f21-acbd-3eed154a0a8d,old_only,excluded_vendor,active,gartentisch-ribamelle,Fermob,Gartentische
dd434e26-90ac-49a2-9ed9-aaeaaa4b4073,old_only,excluded_vendor,active,fermob-luxembourg-niedriger-doppelter-tisch,Fermob,Couchtische
dd4465d5-aa60-40d1-a00d-8c721c462f2e,old_only,excluded_vendor,active,gartentisch-craft-kopie,Fermob,Gartentische
dd633377-b69e-4496-92a7-79375bbca322,old_only,excluded_vendor,active,fermob-bellevie-3-sitzer-club-sofa-mit-kissen,Fermob,Gartensofas
dd6af41f-8493-4645-a8e9-dfa52bc0e86f,old_only,excluded_vendor,active,fermob-bebop-niedriger-tisch-120-x-70-x-29cm,Fermob,Beistelltische
dd6ef3c8-4171-4baf-aa05-52c673a01648,old_only,excluded_vendor,active,fermob-lampe-ulli,Fermob,Tischlampen
dda32cd5-7b97-479f-aecd-aff64f71228a,old_only,excluded_product_type,active,ethnicraft-grooves-buchstuetzen,Ethnicraft,Accessoires
dda51b3f-4b1f-47f4-ae9a-cb422f511893,old_only,excluded_vendor,active,fermob-gartensofa-bellevie-2-sitzer,Fermob,Gartensofas
dda7107e-64fe-47e7-9b3b-b947e5e7baf7,old_only,excluded_vendor,active,umbrosa-sonnenschirm-spectra,Umbrosa,Sonnenschirme
ddb3e075-06c5-4254-817a-af1880d06c19,old_only,excluded_vendor,active,fermob-1900-cabriolet-sessel,Fermob,Sessel
dddd6025-691c-4415-8100-261f937ce702,old_only,excluded_vendor,active,fermob-bank-bellevie,Fermob,Sitzbänke
dde785d1-df53-4e34-9e60-3dfd6bb941cb,old_only,excluded_vendor,active,fermob-bellevie-barhocker,Fermob,Barstühle
ddea60dc-8bff-46c7-9498-2f97df5cfda9,old_only,excluded_vendor,active,fermob-bridge-luxembourg,Fermob,Gartenstühle
ddffba4b-4671-4edb-b2d0-9a59a20166bf,old_only,excluded_vendor,active,gartentisch-romane,Fermob,Gartentische
de05ef05-76f7-4b6d-9618-f65c7b1c2083,old_only,excluded_vendor,active,fermob-lighting-mooon-lampe-h134cm,Fermob,Stehlampen
de079996-2e02-42ca-8eba-22ef0d14bf85,old_only,excluded_vendor,active,thonet-118f-holzstuhl-mit-armlehnen,Thonet,Stühle
de107523-6cdf-47c3-84f9-6a99466c63a0,old_only,excluded_vendor,active,fermob-bellevie-2-sitzer-modul-mitte,Fermob,Gartensofas
de20613c-ef31-4025-95b2-ad924eaa2a63,old_only,excluded_vendor,active,fermob-bellevie-2-sitzer-club-sofa-mit-kissen,Fermob,Gartensofas
de2bdb64-40ae-460f-ae9d-3b434ce6c18e,old_only,excluded_vendor,active,fermob-bellevie-2-sitzer-modul-links,Fermob,Gartensofas
de3151c6-5ca0-4be0-a7b1-05ae750731fb,old_only,excluded_vendor,active,fermob-luxembourg-kid-stuhl,Fermob,Gartenstühle
de384c39-3160-413d-9852-0c334d0cdf3b,old_only,excluded_vendor,active,fermob-bellevie-1-sitzer-modul-links,Fermob,Gartensofas
de3ac6c2-be14-4f1a-bd91-82bf42bea5f3,old_only,excluded_vendor,active,fermob-rolltisch-guinguette,Fermob,Servierwagen
de40f037-1958-4dc6-a692-96b85fb88b23,old_only,excluded_vendor,active,fermob-lorette-kissen-68x44cm,Fermob,Kissen
de42dbd1-d151-4d44-8993-fab572354b0b,old_only,excluded_vendor,active,fermob-alize-sonnenliege-xs-stereo,Fermob,Sonnenliegen
de4f889e-e5fc-4a34-b3e0-baeeddef3611,old_only,excluded_vendor,active,fermob-bistro-tisch-97x57cm,Fermob,Gartentische
de54f99b-7e08-45ba-b64e-e65b07d35e9c,old_only,excluded_vendor,active,fermob-bellevie-2-sitzer-eckmodul-links,Fermob,Gartensofas
de5c8ceb-31b4-4b2f-80ed-374418b6e692,old_only,excluded_vendor,active,fermob-bistro-balkontisch,Fermob,Gartentische
de5f0751-d22b-486d-b257-e5acffc5f3d6,old_only,excluded_product_type,active,wachsobjekt-copenhague,Sirius,Dekoration
de6c8d3a-029f-4bda-9cb5-d5b35e38b457,old_only,excluded_vendor,active,fermob-bellevie-2-sitzer-eckmodul-links,Fermob,Gartensofas
de7816bd-4a03-4c63-8ca6-86b39cb772b7,old_only,excluded_vendor,active,fermob-luxembourg-hoher-tisch,Fermob,Gartentische
de85f7cf-3aeb-4302-9c9c-d1b655ae59f8,old_only,excluded_vendor,active,fermob-luxembourg-barstuhl-1,Fermob,Barstühle
de8b0368-e60c-411f-b9d9-f1af137d182c,old_only,excluded_vendor,active,fermob-bellevie-tisch-74x80cm,Fermob,Gartentische
de8ccdf8-fb8e-4223-b348-b7839faa0b97,old_only,excluded_vendor,active,fermob-bellevie-zusammenstellung-1a,Fermob,Gartensofas
de8e0b86-d7b6-4257-848e-a3cea0b2a59e,old_only,excluded_vendor,active,fermob-luxembourg-tisch-143x80,Fermob,Gartentische
de901d4a-6e35-4bc0-8e12-929a6d2b6914,old_only,excluded_vendor,active,fermob-bellevie-2-sitzer-eckmodul-links,Fermob,Gartensofas
de91652a-d414-44c8-8e8c-e77d0a4482db,old_only,excluded_vendor,active,fermob-bellevie-sessel-fur-den-essbereich,Fermob,Gartenstühle
de987614-02aa-4786-8a7a-46644e61f316,old_only,excluded_vendor,active,gubi-beetle-sofa-2-sitzer,Gubi,Sofas
de99c9e0-9d94-43e3-81f7-48d04c492c9c,old_only,excluded_vendor,active,extremis-gartentisch-hopper-picnic-aa,Extremis,Gartentische
dea5e81d-111d-4e6d-9489-3e06c1ccf02a,old_only,excluded_vendor,active,fermob-bistro-barstuhl,Fermob,Barstühle
deb8270f-1827-4fea-bd82-6f6212f708db,old_only,excluded_product_type,active,warmflasche-calmo,Weich Alpaca,Accessoires
dec08eeb-8423-466a-9aef-ffc5b92239b8,old_only,excluded_vendor,active,fermob-bellevie-3-sitzer,Fermob,Gartensofas
decd5e60-4e75-42da-a65b-798c4f8071cd,old_only,excluded_product_type,active,sonnenschirm-tomo,Sora,Sonnenschirme
ded0d983-4a5c-4ab5-9f24-cc83855ebb65,old_only,excluded_vendor,active,fermob-stuhl-surprising,Fermob,Gartenstühle
dedcb843-f2dd-457c-b2ab-8f1d55db5b92,old_only,excluded_vendor,active,fermob-luxembourg-tisch-143x80,Fermob,Gartentische
dee43319-e7e6-4f99-a7c1-3edacce9aa15,old_only,excluded_vendor,active,fermob-bellevie-2-sitzer-club-sofa-mit-kissen,Fermob,Gartensofas
deee7317-ebe8-40e9-a217-99fce7a8ba72,old_only,excluded_vendor,active,beistelltisch-cocotte-55x44,Fermob,Beistelltische
defde92b-fcdc-4491-924a-b51ae59d7824,old_only,excluded_vendor,active,fermob-bistro-tisch-d96,Fermob,Gartentische
defe31ff-7bd8-4db2-94a1-dff015a06ee4,old_only,excluded_vendor,active,fermob-bellevie-1-sitzer-modul-links,Fermob,Gartensofas
df16ff82-e276-4c02-9e5d-66e5f5a001b5,old_only,excluded_vendor,active,fermob-bellevie-stuhl-v2,Fermob,Gartenstühle
df2137ab-559d-4a06-9cdb-4df2018162df,old_only,excluded_vendor,active,gartentisch-romane-rund,Fermob,Gartentische
df2d5a8c-6512-45f6-86e0-a49efcbcf763,old_only,excluded_vendor,active,brokis-stehlampe-ballons-pc858,Brokis,Stehlampen
df2dcaef-33b0-4b3f-96cb-590da3bfdef3,old_only,excluded_vendor,active,gubi-g-10-stehleuchte,Gubi,Stehlampen
df34ef7f-4a91-44f4-b0a3-84204424360e,old_only,excluded_vendor,active,gartentisch-romane,Fermob,Gartentische
df4c09e8-a658-496b-8337-1961b5f22b15,old_only,excluded_vendor,active,fermob-bellevie-3-sitzer-club-sofa-mit-kissen,Fermob,Gartensofas
df543d74-6bf5-4c0d-8581-a0075232eff3,old_only,excluded_vendor,active,fermob-1900-cabriolet-sessel,Fermob,Sessel
df593d17-adff-48ea-aade-ee332dfe5213,old_only,excluded_vendor,active,brokis-stehlampe-ballons-pc858,Brokis,Stehlampen
df653da1-0ab1-4444-9a4a-b3e13be461eb,old_only,excluded_vendor,active,fermob-bistro-tisch-d77,Fermob,Gartentische
df735bc3-6342-458d-a0b9-07d605a33e9f,old_only,excluded_vendor,active,fermob-luxembourg-doppelter-sessel,Fermob,Sessel
df80c7e1-f5ef-4bf6-94a6-b0063ccf83ea,old_only,excluded_vendor,active,fermob-luxembourg-kid-bank,Fermob,Sitzbänke
df86ddce-4e6a-40e4-ae5e-e6862f1021f2,old_only,excluded_vendor,active,gartentisch-opera-carronde,Fermob,Gartentische
df8b1efe-00e0-43fe-b917-81c76c467203,old_only,excluded_vendor,active,fermob-bellevie-2-sitzer-club-sofa-mit-kissen,Fermob,Gartensofas
dfa1603c-941d-4a60-9dd7-24aa86d678b5,old_only,excluded_vendor,active,gubi-stemlite-tischlampe,Gubi,Tischlampen
dfa6eb47-2ac9-4703-bd4a-35afa12c830f,old_only,excluded_product_type,active,cane-line-grow-pflanzengefass,Cane-line,Dekoration
dfcccc48-9a20-43dc-af36-4ce472e18119,old_only,excluded_product_type,active,kywie-wine-cooler-black-suede,Kywie,Tischaccessoires
dfcee1ad-15be-43f3-b76b-62a255327f03,old_only,excluded_vendor,active,brokis-stehlampe-balloons-pc856,Brokis,Stehlampen
dfd30877-b595-47ee-8495-46f6ada3424a,old_only,excluded_product_type,active,libeco-decke-jules,Libeco,Decken
dfdf2b45-a4a9-4562-9e02-4caca124e314,old_only,excluded_vendor,active,fermob-bellevie-hoher-tisch-74x80cm,Fermob,Bartische
dfffa3d6-a9b5-4583-8875-5f07939c3dee,old_only,excluded_vendor,active,fermob-bistro-barstuhl,Fermob,Barstühle
e02f434a-79a4-4182-83c8-cdec26305892,old_only,excluded_vendor,active,fermob-bellevie-sessel-fur-den-essbereich,Fermob,Gartenstühle
e038807d-c946-494f-b449-bce093432525,old_only,excluded_vendor,active,umbrosa-sonnenschirm-spectra-straight,Umbrosa,Sonnenschirme
e04ce9e7-b979-487c-8660-689b67e5fc74,old_only,excluded_vendor,active,fermob-luxembourg-kid-tisch-76x55cm,Fermob,Gartentische
e0656574-99fe-4c52-b451-262f98d3bea1,old_only,excluded_vendor,active,gartenstuhl-studie,Fermob,Gartenstühle
e07197b9-a8ad-434f-a61b-c00687406154,old_only,excluded_vendor,active,fermob-armlehnstuhl-studie,Fermob,Stühle
e07f2720-19f6-4dd0-9b52-71dfce13aa1e,old_only,excluded_vendor,active,ofyr-gartenbank,Ofyr,Sitzbänke
e0a5b5c4-182e-4cca-b644-f9b3adaa15d5,old_only,excluded_vendor,active,fermob-bellevie-halbhoher-tisch-74x80cm,Fermob,Gartentische
e0b29d7e-f835-4bdf-9d3d-03861f7d5893,old_only,excluded_vendor,active,fermob-1900-stuhl,Fermob,Gartenstühle
e0bc2360-d758-4c30-bbf5-6c367ef69182,old_only,excluded_vendor,active,fermob-luxembourg-tisch-80x80cm,Fermob,Gartentische
e0c14d48-fa4d-4bba-be85-e3f026b7758e,old_only,excluded_vendor,active,fermob-bellevie-1-sitzer-modul-links,Fermob,Gartensofas
e0c403cc-6455-4d8a-9afb-e3510c899604,old_only,excluded_vendor,active,fermob-bistro-metallstuhl,Fermob,Gartenstühle
e0cca4b1-23d9-4c63-ab47-69f9d1dffee2,old_only,excluded_vendor,active,gubi-moon-multi-lite-pendant-small,Gubi,Hängeleuchten
e0dde253-d98c-42b5-9252-394f792f9f81,old_only,excluded_vendor,active,fermob-bellevie-2-sitzer-modul-mitte,Fermob,Gartensofas
e0e5256f-d1be-41bc-8dbd-a11a032662a0,old_only,excluded_vendor,active,fermob-luxembourg-tisch-80x80cm,Fermob,Gartentische
e0f98a99-b950-42ac-ae47-5ecc0afe325c,old_only,excluded_vendor,active,umbrosa-spectra-straight-alu,Umbrosa,Sonnenschirme
e1046706-bf4f-4d4f-8ced-16b68162f5f0,old_only,excluded_vendor,active,fermob-bellevie-sessel-fur-den-essbereich,Fermob,Gartenstühle
e10c49b5-ab42-4fce-89d1-157d9fff2112,old_only,excluded_vendor,active,fermob-gartensofa-bellevie-2-sitzer,Fermob,Gartensofas
e1168b22-2a17-4236-bfbd-9dc92b066236,old_only,excluded_vendor,active,thonet-stuhl-209,Thonet,Stühle
e11d6c9e-6bbd-47a3-8b3c-61e673b8d0cd,old_only,excluded_vendor,active,fermob-bellevie-zusammenstellung-2a-1,Fermob,Gartensofas
e11e13b6-2b4e-42d2-81ca-1640e47cb9c3,old_only,excluded_vendor,active,mini-wattson-original-table-lamp,Piffany,Tischlampen
e121eedf-a43a-4e21-b0b5-aef4735da18f,old_only,excluded_vendor,active,fermob-bistrostuhl-naturel,Fermob,Gartenstühle
e1300a64-d226-4125-bf13-79de9e7823c6,old_only,excluded_vendor,active,fermob-bellevie-2-sitzer-modul-rechts,Fermob,Gartensofas
e1323fc8-63f9-4e8a-831c-5836ac11db16,old_only,excluded_vendor,active,fermob-bank-bellevie,Fermob,Sitzbänke
e13dcc6f-7769-4ac2-bbc6-74a7a9e63dde,old_only,excluded_vendor,active,fermob-armlehnstuhl-studie,Fermob,Stühle
e1413d61-211f-4afe-9ccd-74429eaa4903,old_only,excluded_product_type,active,tribu-schutzhullen,Tribù,Abdeckungen
e1458f0b-c036-4f4e-a673-39f1ba5e6ee1,old_only,excluded_vendor,active,gubi-multi-lite-stehleuchte,Gubi,Stehlampen
e14bac31-a4d1-4d96-a9ec-6068f07b749b,old_only,excluded_vendor,active,fermob-stuhl-studie,Fermob,Stühle
e152e8a6-d45f-4b81-86fc-b1819a57c07f,old_only,excluded_vendor,active,brokis-deckenleuchte-memory-ceiling,Brokis,Deckenleuchten
e15c293a-a14a-4510-b0c0-8d82dab31e27,old_only,excluded_product_type,active,warmflasche-calmo,Weich Alpaca,Accessoires
e1633137-bd21-4c11-802e-b2532991e21e,old_only,excluded_vendor,active,fermob-bellevie-1-sitzer-modul-rechts,Fermob,Gartensofas
e1802b53-4456-4b65-a2ed-9ca043b911fb,old_only,excluded_product_type,active,warmflasche-calmo,Weich Alpaca,Accessoires
e1a8b3e1-fab1-4748-9fda-c259ddcbc254,old_only,excluded_vendor,active,gubi-hangelampe-howard-pendant,Gubi,Hängeleuchten
e1aa8f74-85f9-4af9-90d0-d46767acc765,old_only,excluded_vendor,active,fermob-bistro-tisch-d60,Fermob,Gartentische
e1dd4b35-66d3-4651-bb75-0852e1262386,old_only,excluded_vendor,active,umbrosa-sonnenschirm-spectra,Umbrosa,Sonnenschirme
e1ed0bdf-1d8c-461b-8236-8fd688de9bb6,old_only,excluded_product_type,active,glowbus-growdrop-l,Glowbus,Kerzen
e1ee6a0e-9151-4e50-aca2-e88837362328,old_only,excluded_vendor,active,fermob-gartensofa-bellevie-2-sitzer,Fermob,Gartensofas
e1ff807a-cb0d-4bb1-bdf9-3ecbf32c03ba,old_only,excluded_vendor,active,wood-storage-dressoir,Ofyr,Holzlagerung
e201cf35-76a9-437f-9373-8ee2f85c1ab4,old_only,excluded_product_type,active,manutti-flex-konzept-10-schutzhulle,Manutti,Abdeckungen
e2029acf-de2e-4b96-a2e1-dd0db1ded8eb,old_only,excluded_vendor,active,armlehnstuhl-studie,Fermob,Gartenstühle
e22e778b-6d64-4b8c-9773-895fbd23df6a,old_only,excluded_vendor,active,fermob-bellevie-zusammenstellung-3b,Fermob,Gartensofas
e22f09aa-084e-4f99-8dd1-a7593703fa17,old_only,excluded_vendor,active,gubi-grashoppa-stehleuchte,Gubi,Stehlampen
e22fdc90-58f7-495b-bab6-424e57c7fd96,old_only,excluded_vendor,active,fermob-bank-louisiana-150cm,Fermob,Sitzbänke
e248e8bd-b97b-44dc-af75-b284d6d69e5d,old_only,excluded_vendor,active,kerzen-ladestation,Piffany,Accessoires
e25c1349-d862-4136-b0db-01f5a0762011,old_only,excluded_vendor,active,ofyr-grill-round,Ofyr,Grillzubehör
e2662e5b-66fd-495c-8f55-40843fa89b15,old_only,excluded_vendor,active,extremis-hopper-picnic-hellwood-180cm,Extremis,Gartentische
e26b5c29-da16-4dd3-bc58-2b1e82c0e518,old_only,excluded_vendor,active,fermob-bebop-d80,Fermob,Beistelltische
e2765c55-358b-4314-9fb6-fa4ffa78be67,old_only,excluded_vendor,active,fermob-bellevie-zusammenstellung-2b,Fermob,Gartensofas
e29a541b-7880-4390-8700-ccbee553b769,old_only,excluded_vendor,active,gartentisch-petale,Fermob,Gartentische
e2b318e2-e9ec-4e60-af18-49955b0ad154,old_only,excluded_vendor,active,wandlampe-memory-wall,Brokis,Wandleuchten
e2b6863c-a31e-415a-a8d3-c61b858757a1,old_only,excluded_vendor,active,umbrosa-sonnenschirm-spectra,Umbrosa,Sonnenschirme
e2ce29bf-3afe-4965-b580-a9423f15f2ad,old_only,excluded_vendor,active,fermob-bridge-luxembourg,Fermob,Gartenstühle
e2d14dc9-5f4b-4d5d-b3f7-935e3bbe86f9,old_only,excluded_vendor,active,fermob-1900-bank,Fermob,Sitzbänke
e2eb0e21-9fe8-48b6-8a60-9e9ca8e79417,old_only,excluded_vendor,active,fermob-bellevie-1-sitzer-modul-mitte,Fermob,Gartensofas
e2edd217-1507-42d8-b138-c468783968f3,old_only,excluded_vendor,active,tischlampe-spectra,Brokis,Tischlampen
e2efba12-1dbd-44ad-8a29-ae9dde40236f,old_only,excluded_vendor,active,fermob-bellevie-3-sitzer-club-sofa-mit-kissen,Fermob,Gartensofas
e2f71ee3-6180-48db-8e42-2944d312488a,old_only,excluded_vendor,active,gubi-moon-multi-lite-pendant-small,Gubi,Hängeleuchten
e2fedd64-9baf-4d3a-8ec5-eeb361e3ca07,old_only,excluded_vendor,active,fermob-bistro-tisch-75x57,Fermob,Gartentische
e30432fe-61cb-4287-877c-0f6b1899f2d8,old_only,excluded_vendor,active,fermob-bellevie-1-sitzer-modul-mitte,Fermob,Gartensofas
e308e5c2-ceb8-4f0b-bf25-cfc1e3f662ac,old_only,excluded_vendor,active,fermob-bellevie-hoher-tisch-140x80cm,Fermob,Bartische
e30d842f-8053-4029-a33e-156a0560bc49,old_only,excluded_vendor,active,fermob-bellevie-1-sitzer-modul-mitte,Fermob,Gartensofas
e31e3c88-efb6-4e48-9f41-68d3f7be896a,old_only,excluded_vendor,active,fermob-bellevie-stuhl-v2,Fermob,Gartenstühle
e3250ec9-dccd-4b36-bbd0-5dad2345df9d,old_only,excluded_vendor,active,fermob-bellevie-zusammenstellung-2b,Fermob,Gartensofas
e325cf52-67c0-4ca4-a799-95213c0205d5,old_only,excluded_vendor,active,fermob-rolltisch-guinguette,Fermob,Servierwagen
e3274256-2574-42d3-8451-4dc2c7ddf74d,old_only,excluded_vendor,active,gartentisch-bistro-117x77,Fermob,Gartentische
e3382c05-b857-4915-a08f-68e7c7e5df16,old_only,excluded_vendor,active,gartentisch-costa-ausziehbar,Fermob,Gartentische
e33f94d2-2ae1-4ac4-9487-c8a5953504b7,old_only,excluded_vendor,active,fermob-armlehnstuhl-studie,Fermob,Stühle
e33fdfc8-9686-4c9e-9eed-eaafe1d3b14c,old_only,excluded_vendor,active,fermob-1900-cabriolet-sessel,Fermob,Sessel
e3437aec-52b3-46bb-89d6-168e7504f60d,old_only,excluded_vendor,active,brokis-deckenleuchte-memory-ceiling,Brokis,Deckenleuchten
e35b425b-a697-4ec6-bce3-aacdd6149d80,old_only,excluded_vendor,active,fermob-bellevie-2-sitzer-polsterhocker,Fermob,Sitzbänke
e3604cfc-5c09-48d9-ae13-55ccc098397c,old_only,excluded_vendor,active,gartentisch-romane,Fermob,Gartentische
e360974e-a459-4d37-afeb-6e84e5868545,old_only,excluded_vendor,active,fermob-bistrostuhl-naturel,Fermob,Gartenstühle
e372addd-481c-4196-a744-8f455586fe6f,old_only,excluded_vendor,active,fermob-calvi-tisch-160-x-80-cm,Fermob,Gartentische
e39dd63d-c3fa-4f2e-8cb8-1e0d0fb677a3,old_only,excluded_vendor,active,fermob-bellevie-1-sitzer-modul-rechts,Fermob,Gartensofas
e3a3785c-61e6-4ddd-a168-50699a291b7c,old_only,excluded_vendor,active,brokis-deckenleuchte-memory-ceiling,Brokis,Deckenleuchten
e3af8f3c-240c-4d26-8598-0914075adaea,old_only,excluded_vendor,active,fermob-gartensofa-bellevie-2-sitzer,Fermob,Gartensofas
e3b106f7-b5d6-4e96-9a7f-4ab5433a816d,old_only,excluded_vendor,active,fermob-bellevie-stuhl-v2,Fermob,Gartenstühle
e3db7209-529a-482d-9616-4d79e7712c49,old_only,excluded_vendor,active,fermob-luxembourg-bridge-barstuhl,Fermob,Barstühle
e3df7e4b-e2e8-487b-b788-ae3cd9fafb61,old_only,excluded_vendor,active,fermob-1900-cabriolet-sessel,Fermob,Sessel
e3e1c1c0-1ac3-4d89-931b-17df2b3fab78,old_only,excluded_vendor,active,fermob-bellevie-3-sitzer-club-sofa-mit-kissen,Fermob,Gartensofas
e3e9911d-5fce-4a83-afca-4fd0876798ee,old_only,excluded_vendor,active,fermob-sitzbank-luxembourg-kompakt,Fermob,Sitzbänke
e3f3da51-9581-4b5a-b4c0-6696c6eac27a,old_only,excluded_vendor,active,thonet-s32-spvn,Thonet,Stühle
e4044807-e7db-4f2d-8484-d47f344d7be8,old_only,excluded_vendor,active,fermob-alto-tablett-klein,Fermob,Tabletts
e410d39c-63f0-421f-89c7-152b04272fa1,old_only,excluded_product_type,active,scapa-kissenbezug-aberdeen,Scapa,Dekoration
e4114590-2aff-4737-a64f-8da37d176985,old_only,excluded_product_type,active,tribu-schutzhullen,Tribù,Abdeckungen
e4141906-48cd-4313-b848-06a41a6cee49,old_only,excluded_vendor,active,gartentisch-floreal,Fermob,Gartentische
e4142d5b-6776-4bf0-a256-01c3263e9c2c,old_only,excluded_vendor,active,fermob-bellevie-sessel-fur-den-essbereich,Fermob,Gartenstühle
e431a280-2163-498b-b346-7efb67281045,old_only,excluded_product_type,active,weinkuhler-blue-curly,Kywie,Tischaccessoires
e43c35fe-47c7-4860-9f53-9eb1fe022e3f,old_only,excluded_vendor,active,fermob-bellevie-sessel-fur-den-essbereich,Fermob,Gartenstühle
e43f4d8d-2905-4212-aa02-2304ae62dc67,old_only,excluded_product_type,active,scapa-kissenbezug-antrim,Scapa,Dekoration
e44758c7-f552-4e21-a8c6-cc19e6159096,old_only,excluded_vendor,active,windlicht-uyuni-led,Piffany,Kerzen
e44f3361-7c1a-4a3f-b6ea-4744b7b5984b,old_only,excluded_vendor,active,fermob-bistro-balkontisch,Fermob,Gartentische
e454a53f-1b4d-46e3-be78-e1d6a5cc48b9,old_only,excluded_vendor,active,fermob-bellevie-2-sitzer-polsterhocker,Fermob,Sitzbänke
e45a0319-9c7b-42f3-a5fd-4b0c71c934b2,old_only,excluded_vendor,active,extremis-hopper-picnic-iroko-300cm,Extremis,Gartentische
e461c69d-035b-46ed-aa85-d850c5665eeb,old_only,excluded_vendor,active,fermob-luxembourg-gueridon-haut-80x80cm,Fermob,Bartische
e462584e-981b-4776-880c-9ca617065740,old_only,excluded_vendor,active,umbrosa-spectra-straight-alu,Umbrosa,Sonnenschirme
e46d50ba-cb5c-4cf0-83ea-a5d2fd635578,old_only,excluded_vendor,active,fermob-bellevie-2-sitzer-modul-links,Fermob,Gartensofas
e46ff0c9-a9f4-4ebc-82ff-e9324550c17e,old_only,excluded_product_type,active,natures-collection-lammfell-handtasche-mini-glory,Natures Collection,Accessoires
e4748383-4c0b-4b41-afad-f80156a3cf53,old_only,excluded_vendor,active,fermob-1900-bank,Fermob,Sitzbänke
e475f51d-fade-4992-8776-c5d65e2ca613,old_only,excluded_vendor,active,fermob-bellevie-zusammenstellung-3a,Fermob,Gartensofas
e477e7b8-c758-48f4-969a-5ae548c790dd,old_only,excluded_vendor,active,fermob-bellevie-zusammenstellung-1a,Fermob,Gartensofas
e4816849-aa43-402e-8c6f-65d41fdd388a,old_only,excluded_vendor,active,fermob-bellevie-zusammenstellung-2a-1,Fermob,Gartensofas
e4b67ee0-edfd-4a4e-a197-5747fc95462d,old_only,excluded_vendor,active,fermob-caractere-tisch-90x190,Fermob,Gartentische
e4c59ac5-f76c-4377-b16b-3595f82e51b5,old_only,excluded_vendor,active,thonet-stuhl-209-m,Thonet,Stühle
e4e14e4d-d783-4412-88cd-b47b085f2f9d,old_only,excluded_vendor,active,fermob-bellevie-sessel,Fermob,Sessel
e4e37e47-823a-4aaf-8ed4-7bb04cb2533d,old_only,excluded_vendor,active,fermob-bebop-d80,Fermob,Beistelltische
e4e7ddd0-b113-4b67-b4e7-b5655e1e454a,old_only,excluded_vendor,active,gartentisch-craft,Fermob,Gartentische
e4e882ff-9835-42cf-9652-82ff5c60c6f3,old_only,excluded_product_type,active,geschenkgutschein,Homestorys,Geschenkgutscheine
e4fa8747-3108-4a83-884e-9b4a7497b631,old_only,excluded_vendor,active,fermob-bellevie-tisch-196x90cm,Fermob,Gartentische
e513ee04-2942-4562-b270-760b5c3e7480,old_only,excluded_vendor,active,fermob-cadiz-bridge,Fermob,Gartenstühle
e51e4693-37e0-4b5b-bd74-2f649b4ab0ca,old_only,excluded_vendor,active,fermob-bellevie-zusammenstellung-2b,Fermob,Gartensofas
e52c5840-fcb3-456c-af62-6a3b83c19d43,old_only,excluded_vendor,active,gartentisch-petale-kopie,Fermob,Gartentische
e53b6443-06df-4445-aec5-f37437329c0f,old_only,excluded_vendor,active,fermob-lampe-h38-balad,Fermob,Tischlampen
e5475cf9-a710-458b-b4f7-ac032eddc888,old_only,excluded_vendor,active,fermob-bellevie-zusammenstellung-3a,Fermob,Gartensofas
e55706f3-a75d-4311-beaf-40fa4ccf6403,old_only,excluded_vendor,active,fermob-gartensofa-bellevie-2-sitzer,Fermob,Gartensofas
e568c04a-a554-49d4-9977-335d0163ccd1,old_only,excluded_product_type,active,tribu-schutzhullen,Tribù,Abdeckungen
e571b87c-bc39-4351-a4a2-fc13312a75bf,old_only,excluded_vendor,active,fermob-bellevie-zusammenstellung-3b,Fermob,Gartensofas
e57d1238-bf00-4792-a238-2188b323067a,old_only,excluded_vendor,active,piffany-mr-wattson-original-tischlampe-chiltern-green,Piffany,Tischlampen
e581ed51-657a-4996-9dfd-cfd9ad41c9fd,old_only,excluded_vendor,active,fermob-bellevie-2-sitzer-club-sofa-mit-kissen,Fermob,Gartensofas
e585858b-fae9-4f8d-8eb0-5ad740f6fcef,old_only,excluded_vendor,active,gartentisch-opera-oval,Fermob,Gartentische
e586e440-a4b4-4a1f-9fa5-b3fbeae14af6,old_only,excluded_vendor,active,fermob-bistro-tisch-d77,Fermob,Gartentische
e594c1bc-aa39-44a6-ac09-122616634df9,old_only,excluded_vendor,active,fermob-bellevie-zusammenstellung-3a,Fermob,Gartensofas
e59c0033-09c1-460a-9a24-f765e62988f9,old_only,excluded_vendor,active,fermob-luxembourg-bank-3-4-sitzer,Fermob,Sitzbänke
e59fc79f-121c-4a9b-bb17-2b4435f19a35,old_only,excluded_vendor,active,fermob-bellevie-2-sitzer-club-sofa-mit-kissen,Fermob,Gartensofas
e5ab2064-ff85-47e0-ae26-d40207bb162d,old_only,excluded_vendor,active,fermob-tisch-luxembourg,Fermob,Gartentische
e5ce76ae-253e-49f1-ac69-10518f5cc427,old_only,excluded_vendor,active,fermob-bellevie-tisch-140x80cm,Fermob,Gartentische
e5cfa37b-d400-4db8-808e-ce826520d6cb,old_only,excluded_vendor,active,fermob-basket-blumenkasten-lang,Fermob,Topf
e5e6f0af-fc3f-4d92-a214-6b76ecf389ec,old_only,excluded_vendor,active,fermob-bellevie-sessel,Fermob,Sessel
e5f43336-99e2-4221-9686-d156327abf84,old_only,excluded_vendor,active,fermob-stuhl-luxembourg,Fermob,Gartenstühle
e5f561ad-05f4-49e6-b7fb-c1b6c6962fb5,old_only,excluded_vendor,active,fermob-basket-blumenkasten-hoch,Fermob,Topf
e5f58115-4522-419c-b7fe-1f8e10c608b4,old_only,excluded_vendor,active,ofyr-grill-round,Ofyr,Grillzubehör
e5f7afe8-6956-4808-8496-9efb6317490b,old_only,excluded_vendor,active,fermob-color-mix-kissen-44x30cm,Fermob,Sitzkissen
e60713a4-0978-4fa1-8393-9aa4c2c00543,old_only,excluded_vendor,active,fermob-bellevie-zusammenstellung-2a-1,Fermob,Gartensofas
e6156fbc-1da9-4a14-b3a4-c0daa689e709,old_only,excluded_vendor,active,gartentisch-flower-kopie,Fermob,Gartentische
e625a42c-b16d-4cc6-9119-7af2a01dce13,old_only,excluded_vendor,active,extremis-gartentisch-pantagruel,Extremis,Gartentische
e62c9a80-bb74-45db-bc9d-4bf9f4f18df4,old_only,excluded_vendor,active,fermob-kleiner-niedriger-bestelltisch,Fermob,Beistelltische
e64bed9b-d056-45b0-a02d-103f45037453,old_only,excluded_vendor,active,ofyr-cage,Ofyr,Grillzubehör
e6503b03-763f-41ea-96cb-237470d74b6b,old_only,excluded_vendor,active,fermob-bellevie-3-sitzer-club-sofa-mit-kissen,Fermob,Gartensofas
e656e43f-42ca-4cb8-a988-4e2d0451760b,old_only,excluded_vendor,active,fermob-kleiner-niedriger-bestelltisch,Fermob,Beistelltische
e6723181-1d82-4a4f-8db9-5ac33774eebb,old_only,excluded_vendor,active,fermob-bellevie-1-sitzer-modul-mitte,Fermob,Gartensofas
e67cfa52-aba5-44a8-b571-f9da00c86cba,old_only,excluded_vendor,active,brokis-stehlampe-ballons-pc858,Brokis,Stehlampen
e68cf972-c8ea-41b7-8053-38e79fa059b9,old_only,excluded_vendor,active,fermob-bellevie-2-sitzer-club-sofa-mit-kissen,Fermob,Gartensofas
e69f88f2-d755-430d-8db7-b8da1972aefe,old_only,excluded_vendor,active,ofyr-grill-classic-black-100-pro-1,Ofyr,Grills
e6a9700d-9c63-44b4-a6f0-1e773aee9996,old_only,excluded_vendor,active,gartentisch-floreal,Fermob,Gartentische
e6ab937e-d55e-4e2f-b2a4-dc0854ccc21f,old_only,excluded_vendor,active,fermob-schaukelstuhl-luxembourg,Fermob,Sessel
e6e1f607-e825-4b2b-8f0f-d7cec593f822,old_only,product_not_active,archived,ofyr-kamado-bge-table-corten-pro-65-teakholz,Ofyr,Grills
e6ea8e29-2cce-4c48-8b55-624eb79db060,old_only,excluded_vendor,active,fermob-cadiz-tiefer-sessel,Fermob,Sessel
e6eae052-8356-4915-8d43-587ba0a1c438,old_only,excluded_vendor,active,fermob-bellevie-2-sitzer-club-sofa-mit-kissen,Fermob,Gartensofas
e6f89827-3907-4bcd-bd4d-adf4fe089e16,old_only,excluded_vendor,active,fermob-1900-tisch-d117,Fermob,Gartentische
e6fba969-ef3f-49c2-965e-58f71e3d8fe6,old_only,excluded_product_type,active,cane-line-laterne-lighttube,Cane-line,Laternen
e70ced1e-bc4e-4bfa-9903-5b1ae4a2f365,old_only,excluded_vendor,active,fermob-bistro-tisch-71x71cm,Fermob,Gartentische
e713eb1d-72ed-4a36-9761-30792293eadb,old_only,excluded_vendor,active,fermob-bellevie-zusammenstellung-3a,Fermob,Gartensofas
e7150ac7-f3dd-4b20-b2f3-d58e4d42fba1,old_only,excluded_vendor,active,gartentisch-costa-ausziehbar,Fermob,Gartentische
e717c73a-13c3-40f5-bd24-9e438d26063d,old_only,excluded_vendor,active,gartenstuhl-studie,Fermob,Gartenstühle
e7242944-486a-4175-b857-caecaf3428fb,old_only,excluded_vendor,active,fermob-surprising-tiefer-sessel,Fermob,Sessel
e72da029-21d9-45df-aaea-fd8544081786,old_only,excluded_product_type,active,tribu-eclipse-runder-lyptusholz-sonnenschirm,Tribù,Sonnenschirme
e7313fce-0314-440d-8b63-18e9b693ca32,old_only,excluded_vendor,active,brokis-stehlampe-balloons-pc856,Brokis,Stehlampen
e7344f01-8f5b-4867-8a3c-61bdc2a73856,old_only,excluded_vendor,active,fermob-bellevie-zusammenstellung-3b,Fermob,Gartensofas
e740e30c-5914-4ab3-a449-441608b3f831,old_only,excluded_vendor,active,fermob-gartensofa-bellevie-2-sitzer,Fermob,Gartensofas
e74f3ce7-00a2-4ca2-8969-d790bd81a899,old_only,excluded_vendor,active,fermob-bellevie-zusammenstellung-2a-1,Fermob,Gartensofas
e7701965-ab18-4078-8f10-a0556e82e533,old_only,excluded_vendor,active,gartentisch-floreal,Fermob,Gartentische
e7704942-518c-4e3b-83d3-b200df57a7cd,old_only,excluded_vendor,active,fermob-bellevie-2-sitzer-club-sofa-mit-kissen,Fermob,Gartensofas
e789cb36-be76-46a1-92bf-30a2cf58a951,old_only,excluded_vendor,active,gartentisch-floreal,Fermob,Gartentische
e7a02a02-3ffe-4bcc-b11c-365fb8cc4c7f,old_only,excluded_vendor,active,fermob-alize-deporte,Fermob,Beistelltische
e7a13d52-a81f-49cc-a1c2-e9b57e4d2f18,old_only,excluded_vendor,active,fermob-bellevie-zusammenstellung-1a,Fermob,Gartensofas
e7ae1d06-ec55-4a96-8d83-a2384c0bfec3,old_only,excluded_product_type,active,warmflasche-calmo,Weich Alpaca,Accessoires
e7b0ff5c-94ee-4e56-a992-8a3989c76388,old_only,excluded_vendor,active,fermob-bellevie-1-sitzer-modul-rechts,Fermob,Gartensofas
e7ba9fc9-4b48-427b-a12c-f72f8d8ced65,old_only,excluded_product_type,active,tasche-mini-glory-shopper,Natures Collection,Accessoires
e7f490d3-9108-4af0-aee1-96ab02d283be,old_only,excluded_vendor,active,fermob-airloop-tisch-o-60cm,Fermob,Gartentische
e813839e-13a8-4b90-b164-149976a6c397,old_only,excluded_vendor,active,fermob-luxembourg-kid-tisch-76x55cm,Fermob,Gartentische
e8138929-e8f3-4e4b-acac-8c266279c2fb,old_only,excluded_vendor,active,fermob-bellevie-zusammenstellung-3b,Fermob,Gartensofas
e8265748-b65c-487f-bc3b-7679804d1f8d,old_only,excluded_vendor,active,fermob-bellevie-zusammenstellung-1a,Fermob,Gartensofas
e838ae3a-18ed-48c5-88eb-bae3c641c43d,old_only,excluded_vendor,active,gartentisch-flower-kopie,Fermob,Gartentische
e84ab584-fe9f-46b1-9cad-1ce61f33bfe7,old_only,excluded_vendor,active,fermob-bellevie-zusammenstellung-1b,Fermob,Gartensofas
e85265d5-dae2-499a-ae16-c87ef2d36a15,old_only,excluded_vendor,active,fermob-bellevie-halbhoher-tisch-140x80cm,Fermob,Gartentische
e857d9e6-409b-4dd5-b15d-cc6cdcf6c332,old_only,excluded_vendor,active,fermob-bistro-balkontisch,Fermob,Gartentische
e8592f3e-104a-4dde-91f6-e535fb992eac,old_only,excluded_vendor,active,umbrosa-sonnenschirm-spectra-straight,Umbrosa,Sonnenschirme
e862ad53-62e0-4557-8386-0c96f2198bc4,old_only,excluded_vendor,active,batterien-uyuni-2-pack-3v,Piffany,Accessoires
e87b3c8e-758f-4ccf-a1d5-422a85f6a39d,old_only,excluded_vendor,active,fermob-1900-bank,Fermob,Sitzbänke
e87d1079-1fcc-48ec-b59e-9e547696ce1e,old_only,excluded_vendor,active,gartentisch-ribamelle,Fermob,Gartentische
e883d11f-c8ac-4c35-a0eb-6009efb6039a,old_only,excluded_vendor,active,gartentisch-ribamelle,Fermob,Gartentische
e88deac0-8afe-46ae-a0de-34655f8c55ca,old_only,excluded_vendor,active,fermob-bridge-luxembourg,Fermob,Gartenstühle
e891cf7c-05bf-4360-9da1-1c0797de6215,old_only,excluded_vendor,active,fermob-bistro-tisch-d96,Fermob,Gartentische
e8a08710-08b2-40a8-b3f9-d4b1d7b66360,old_only,excluded_vendor,active,fermob-bellevie-2-sitzer-modul-mitte,Fermob,Gartensofas
e8a55944-bdbe-4e7f-a0c8-fda1632e07b5,old_only,excluded_product_type,active,usm-haller-schubladenkasten-inos-k1,USM Haller,Accessoires
e8ac0dd0-4354-4b4f-baed-c3378c84596b,old_only,excluded_vendor,active,fermob-bellevie-sessel-fur-den-essbereich,Fermob,Gartenstühle
e8b01649-7550-44b9-94f9-26852fba7548,old_only,excluded_vendor,active,brokis-deckenleuchte-memory-ceiling,Brokis,Deckenleuchten
e8c21567-048e-44b7-add0-572c5f7bbdb7,old_only,excluded_vendor,active,fermob-alize-deporte,Fermob,Beistelltische
e8e4f097-e247-4562-931d-bea69142ac8a,old_only,excluded_vendor,active,fermob-luxembourg-barstuhl-1,Fermob,Barstühle
e8e91553-6bce-4ed1-8ff8-cef410bee275,old_only,excluded_vendor,active,fermob-gartensofa-bellevie-2-sitzer,Fermob,Gartensofas
e8f063d6-4c77-4e80-bc44-ddfa7a0a2d4f,old_only,excluded_vendor,active,fermob-bellevie-2-sitzer-modul-rechts,Fermob,Gartensofas
e8f4cacd-0b90-47cc-91d4-efb260cf5a07,old_only,excluded_vendor,active,gartentisch-petale-kopie,Fermob,Gartentische
e8f62821-b5d8-44da-8d23-b833d6806f0e,old_only,excluded_vendor,active,fermob-1900-tisch-d96,Fermob,Gartentische
e9006513-c6c9-4702-b6e0-2e32ba5f619f,old_only,excluded_vendor,active,fermob-bistro-tisch-71x71cm,Fermob,Gartentische
e90358da-1a33-4409-a677-66818cedabb9,old_only,excluded_vendor,active,wandlampe-memory-wall,Brokis,Wandleuchten
e9338ad1-2cb1-4e42-839a-6d003f3c564f,old_only,excluded_vendor,active,fermob-bistrotisch-d117,Fermob,Gartentische
e934d768-3d9e-47de-93cd-792c11eb62d9,old_only,excluded_vendor,active,deckenlampe-puro-contour,Brokis,Hängeleuchten
e938008d-dc24-46b9-bc55-56d3397ff794,old_only,excluded_vendor,active,fermob-luxembourg-barstuhl-1,Fermob,Barstühle
e961cd6c-04c5-44aa-898c-53de69151622,old_only,excluded_vendor,active,extremis-gartentisch-pantagruel,Extremis,Gartentische
e96a8eec-4198-41ed-b09d-70f35f8041eb,old_only,excluded_vendor,active,gartentisch-ribamelle,Fermob,Gartentische
e982c9f4-1c64-4807-8dfc-5277ba69c69b,old_only,excluded_vendor,active,brokis-stehlampe-ballons-pc857,Brokis,Stehlampen
e983cc51-bac3-4d87-8866-5c299047ed4a,old_only,excluded_vendor,active,fermob-bellevie-sessel-fur-den-essbereich,Fermob,Gartenstühle
e9a05dd1-d072-4d90-905c-511ac401c0d3,old_only,excluded_vendor,active,fermob-luxembourg-tisch-80x80cm,Fermob,Gartentische
e9ad9ab5-caf1-4cab-9117-32a2399343b2,old_only,excluded_vendor,active,gartentisch-petale-kopie,Fermob,Gartentische
e9b04b22-e1d4-42dd-91d6-9bb3cf1616a7,old_only,excluded_vendor,active,gartentisch-craft,Fermob,Gartentische
e9b89cb7-d90d-447d-951d-1c330000d999,old_only,excluded_vendor,active,fermob-airloop-tisch-o-60cm,Fermob,Gartentische
e9be48cd-41b1-43f3-b9d9-c279ad15c980,old_only,excluded_vendor,active,fermob-1900-kaffeetisch,Fermob,Beistelltische
e9c08562-e3a5-430b-afff-ca7065317982,old_only,excluded_vendor,active,fermob-airloop-tisch-o-60cm,Fermob,Gartentische
e9d3950e-819d-4d85-b767-5fda5d4b7888,old_only,excluded_vendor,active,gartenstuhl-studie,Fermob,Gartenstühle
e9e31d99-49c0-4123-8766-bb26be0b14d6,old_only,excluded_vendor,active,gartentisch-romane,Fermob,Gartentische
e9e968f2-3806-4cb5-b327-655df8b600cb,old_only,excluded_vendor,active,piffany-uyuni-lighting-outdoor-lantern,Piffany,Kerzen
e9f70133-3ecd-4875-8eea-d7d9c6291682,old_only,excluded_vendor,active,fermob-bellevie-zusammenstellung-3b,Fermob,Gartensofas
ea03e13c-901d-4093-a1b7-54e70ea85196,old_only,excluded_product_type,active,cane-line-laterne-lighthouse-teak,Cane-line,Laternen
ea042df0-23b3-49a2-b325-ba48b78bab5f,old_only,excluded_product_type,active,natures-collection-decke-aus-mohairwolle-doppelseitige,Natures Collection,Decken
ea0add63-84ec-423e-98a8-7a84fc940651,old_only,excluded_vendor,active,fermob-bellevie-2-sitzer-eckmodul-links,Fermob,Gartensofas
ea123356-e12c-43d5-aa3f-c0acaf8b109d,old_only,excluded_vendor,active,fermob-tiefer-sessel-luxembourg,Fermob,Sessel
ea2b64ee-ca73-48e9-a9f8-d05702d3bcf4,old_only,excluded_vendor,active,fermob-caractere-tisch-90x190,Fermob,Gartentische
ea33ed53-24e2-42a7-b239-4195f343051f,old_only,excluded_vendor,active,fermob-bellevie-1-sitzer-polsterhocker,Fermob,Hocker
ea37c742-e0dc-4fe2-aed8-baa19e1f115e,old_only,excluded_vendor,active,gartentisch-petale-kopie,Fermob,Gartentische
ea3861de-a819-4246-806e-d24fc0cf294d,old_only,excluded_vendor,active,fermob-luxembourg-tisch-mit-4-fusse-80x80,Fermob,Gartentische
ea418027-4910-4299-9b89-e2225f9af359,old_only,excluded_vendor,active,fermob-1900-tisch-d117,Fermob,Gartentische
ea479e0f-21a1-4c19-87aa-9b1a9f4fe362,old_only,excluded_vendor,active,fermob-bellevie-2-sitzer-eckmodul-links,Fermob,Gartensofas
ea49594c-d910-42f7-9ff4-28c6295de49d,old_only,excluded_vendor,active,fermob-bellevie-zusammenstellung-1a,Fermob,Gartensofas
ea4e80b6-fea8-4bbf-a31f-a809373ea5de,old_only,excluded_vendor,active,gartentisch-flower-kopie,Fermob,Gartentische
ea5d473f-691a-43e4-bafc-0661e79e77f5,old_only,excluded_vendor,active,brokis-stehlampe-ballons-pc858,Brokis,Stehlampen
ea61bf79-94be-4b38-9eab-e5b84dd6958e,old_only,excluded_vendor,active,fermob-caractere-tisch-128x128cm,Fermob,Gartentische
ea767d4b-5d67-486e-acc9-41db4db78ddc,old_only,excluded_vendor,active,fermob-bebop-niedriger-tisch-120-x-70-x-29cm,Fermob,Beistelltische
ea840a72-5165-46e4-9054-891f75d6abec,old_only,excluded_vendor,active,fermob-luxembourg-kid-stuhl,Fermob,Gartenstühle
ea88a077-6283-4518-a465-cc4f082baae6,old_only,excluded_vendor,active,fermob-bellevie-zusammenstellung-2b,Fermob,Gartensofas
ea8b4bbf-589b-43f1-9e55-779d1472961b,old_only,excluded_vendor,active,fermob-surprising-fussablage,Fermob,Hocker
ea9e33fa-6dd9-4e86-b8c3-cf5fc0c5b726,old_only,excluded_vendor,active,fermob-bebop-d80,Fermob,Beistelltische
eab85a34-58d1-48e7-845f-c592603286f5,old_only,excluded_vendor,active,ofyr-mise-en-place-table-pro,Ofyr,Küchen
eaba32f8-9896-4a36-92ea-ac47f15d37ea,old_only,excluded_vendor,active,umbrosa-spectra-straight-alu,Umbrosa,Sonnenschirme
eabcec7e-01b1-41f1-9fa4-70dbddf80e1e,old_only,excluded_vendor,active,fermob-luxembourg-barstuhl-1,Fermob,Barstühle
eac3b732-c30b-4934-914c-da06da73e035,old_only,excluded_vendor,active,fermob-bellevie-zusammenstellung-2b,Fermob,Gartensofas
eacf68fd-6c35-41d9-92db-b846ed066c90,old_only,excluded_vendor,active,gartentisch-costa-ausziehbar,Fermob,Gartentische
ead135c2-9321-4132-9d03-1d6ccecff5d6,old_only,excluded_vendor,active,fermob-cadiz-tiefer-sessel,Fermob,Sessel
eade1cb1-be68-4109-9ab8-131f709ad2f3,old_only,excluded_vendor,active,fermob-kleiner-niedriger-bestelltisch,Fermob,Beistelltische
eae11b66-70af-4dd1-a4de-59391b819a22,old_only,excluded_vendor,active,fermob-bellevie-2-sitzer-club-sofa-mit-kissen,Fermob,Gartensofas
eaf7178d-e259-40d9-a0cb-faecf4877673,old_only,excluded_vendor,active,fermob-bellevie-tisch-196x90cm,Fermob,Gartentische
eaf7a622-ad53-4f5a-ab38-d7649a0f0ea8,old_only,excluded_vendor,active,fermob-bellevie-1-sitzer-polsterhocker,Fermob,Hocker
eb02b0ec-ff3e-45b3-96ab-555a50d4aec8,old_only,excluded_vendor,active,umbrosa-sonnenschirm-spectra,Umbrosa,Sonnenschirme
eb2ac013-6f54-406d-8665-724037238184,old_only,excluded_vendor,active,fermob-bellevie-zusammenstellung-2a-1,Fermob,Gartensofas
eb2ad9d5-4d9c-4916-a07b-b1fcda6a71b4,old_only,excluded_vendor,active,fermob-bellevie-halbhoher-tisch-74x80cm,Fermob,Gartentische
eb3c303b-a338-4795-a6b4-41d73abf6be9,old_only,excluded_vendor,active,fermob-luxembourg-kid-bank,Fermob,Sitzbänke
eb4101b8-6d99-46ab-a43f-c9d89ebdf3f0,old_only,excluded_vendor,active,umbrosa-sonnenschirm-spectra,Umbrosa,Sonnenschirme
eb530c53-29b3-4caa-8956-42ab8a4e0219,old_only,excluded_vendor,active,gartentisch-flower-kopie,Fermob,Gartentische
eb554962-5dd5-4cf2-914a-e43ae8f71e4b,old_only,excluded_vendor,active,fermob-bellevie-1-sitzer-modul-links,Fermob,Gartensofas
eb56d136-d4bb-463f-9f11-e0c0c13e7294,old_only,excluded_vendor,active,extremis-gartentisch-pantagruel,Extremis,Gartentische
eb5775b8-4a1a-43cd-8148-308eecb37008,old_only,excluded_vendor,active,gartentisch-petale,Fermob,Gartentische
eb6702d9-fb62-4177-bb09-f8e27dcba142,old_only,excluded_vendor,active,extremis-gartentisch-pantagruel-picnic,Extremis,Gartentische
eb673f5a-0159-4132-a3b5-554b2f1fc97c,old_only,excluded_vendor,active,umbrosa-paraflex-wall-round-270,Umbrosa,Sonnenschirme
eb6904b8-cc37-4391-a0fa-cf860911b9cc,old_only,excluded_vendor,active,extremis-gartentisch-hopper-picnic-aa,Extremis,Gartentische
eb6b8b96-23f6-4179-ab41-394831283a5f,old_only,excluded_vendor,active,fermob-bistro-barstuhl,Fermob,Barstühle
eb73ed92-631e-407d-8dd0-6e61eebf320a,old_only,excluded_vendor,active,brokis-stehlampe-ballons-pc857,Brokis,Stehlampen
eb778af8-0bcf-4eb5-a734-c1f68aaa9989,old_only,excluded_vendor,active,fermob-bellevie-2-sitzer-modul-mitte,Fermob,Gartensofas
eb877130-0114-4e76-a026-3cf1fc83d266,old_only,excluded_product_type,active,schussel-lathe-walnut,Scapa,Dekoration
eb8fc85e-fb02-4002-9512-ba234261a9b0,old_only,excluded_vendor,active,fermob-lampe-aplo-fermob-week,Fermob,Hängeleuchten
eb945326-650a-4596-8fdb-300b8848d938,old_only,excluded_vendor,active,fermob-bellevie-2-sitzer-modul-mitte,Fermob,Gartensofas
ebb67091-86ae-4386-9be7-ad1e41a19d6c,old_only,excluded_vendor,active,gartentisch-petale-kopie,Fermob,Gartentische
ebc01364-67ed-476e-b1c0-e12fea8e8e2e,old_only,excluded_vendor,active,fermob-bellevie-1-sitzer-modul-rechts,Fermob,Gartensofas
ebd09d9d-82a5-451c-9b87-22b7744147e0,old_only,excluded_product_type,active,tribu-schutzhullen,Tribù,Abdeckungen
ebe48701-98c4-474f-bb12-f9d1d7f703d9,old_only,excluded_vendor,active,gartentisch-opera-carronde,Fermob,Gartentische
ebfcea1a-fd0f-4ab4-a843-e022a7342548,old_only,excluded_vendor,active,fermob-bebop-niedriger-tisch-120-x-70-x-29cm,Fermob,Beistelltische
ec0509bb-9d15-4d40-b2d7-fb017f405941,old_only,excluded_vendor,active,fermob-bellevie-sessel-fur-den-essbereich,Fermob,Gartenstühle
ec1416dd-6892-4252-a87b-d2538fa20fb8,old_only,excluded_vendor,active,fermob-schaukelstuhl-luxembourg,Fermob,Sessel
ec1464d5-8b35-4a29-9347-0c317a5e17a7,old_only,excluded_vendor,active,extremis-gartentisch-pantagruel,Extremis,Gartentische
ec3ad071-e783-431c-acfd-be5446b1baa1,old_only,excluded_vendor,active,fermob-bellevie-halbhoher-tisch-74x80cm,Fermob,Gartentische
ec553a0e-52aa-4fae-8b2c-6a81e71e0532,old_only,excluded_vendor,active,fermob-bellevie-1-sitzer-modul-mitte,Fermob,Gartensofas
ec6544aa-e940-4efe-94ed-120ae36f7ace,old_only,excluded_vendor,active,gubi-stemlite-pendant,Gubi,Hängeleuchten
ec6b67d3-5809-4dbc-a872-8eec16cd59a5,old_only,excluded_vendor,active,fermob-surprising-tiefer-sessel,Fermob,Sessel
ec90ca9e-88e4-492b-8540-ef56873e4cef,old_only,excluded_vendor,active,fermob-tisch-bellevie,Fermob,Gartentische
eca6155f-49fb-4421-87c4-5ac10b247d08,old_only,excluded_vendor,active,fermob-bellevie-zusammenstellung-1b,Fermob,Gartensofas
eca7996a-aedc-4219-aa89-c887ed52b5d3,old_only,excluded_vendor,active,fermob-luxembourg-barstuhl-1,Fermob,Barstühle
ecab34a5-ccf4-4bb8-92f4-31086d516a1c,old_only,excluded_vendor,active,fermob-bellevie-sessel,Fermob,Sessel
ecd0f9da-6e31-4016-a1cb-1d6d160ac384,old_only,excluded_vendor,active,fermob-bellevie-zusammenstellung-2a-1,Fermob,Gartensofas
ecd9fcd7-c8f0-407f-af7f-f4fadef129c2,old_only,excluded_vendor,active,fermob-bellevie-1-sitzer-modul-rechts,Fermob,Gartensofas
ecdbbcfd-d337-4a74-a9ca-497676186398,old_only,excluded_vendor,active,fermob-luxembourg-hoher-tisch,Fermob,Gartentische
ece0cf90-5a2c-49cf-b50f-a0a80ed41fab,old_only,excluded_vendor,active,gartenstuhl-studie,Fermob,Gartenstühle
ecf3f9ac-c92e-4299-9e83-240190604580,old_only,excluded_vendor,active,fermob-gartensofa-bellevie-2-sitzer,Fermob,Gartensofas
ecf96eea-5f62-4e0e-9cf1-828d67b7dbc1,old_only,excluded_product_type,active,ethnicraft-tablett-second-nature-quadratisch,Ethnicraft,Accessoires
ed20f5e6-4584-4f6f-a218-19c92b1fa3ad,old_only,excluded_vendor,active,fermob-alize-tiefer-sessel,Fermob,Sessel
ed2cb731-ee6e-427b-a670-954d00335662,old_only,excluded_vendor,active,brokis-stehlampe-knot-battery,Brokis,Stehlampen
ed319298-ecaa-478b-9944-8a0ef76e2d0e,old_only,excluded_product_type,active,handytasche-gwen-phonebag,Natures Collection,Accessoires
ed31c578-1090-42d2-afd8-3e5f74b15be2,old_only,excluded_vendor,active,wandlampe-memory-wall,Brokis,Wandleuchten
ed5161b2-5062-48f3-ab29-6eeeaf892e82,old_only,excluded_vendor,active,fermob-airloop-tisch-o-60cm,Fermob,Gartentische
ed62a696-7553-45e0-9dfd-a3acd9429905,old_only,excluded_vendor,active,fermob-bellevie-2-sitzer-polsterhocker,Fermob,Sitzbänke
ed6eb923-b77e-4515-9334-fc0b9142fb9d,old_only,excluded_vendor,active,fermob-bellevie-sessel-fur-den-essbereich,Fermob,Gartenstühle
ed712525-957f-483e-bfe1-d735b4fcac15,old_only,excluded_vendor,active,fermob-bellevie-1-sitzer-modul-links,Fermob,Gartensofas
ed7898b5-345c-4dc4-8c37-74a301efb62c,old_only,excluded_product_type,active,ethnicraft-pi-wandhaken,Ethnicraft,Kleiderhaken
ed865cd2-e4f6-4d05-b0e2-7f94c7456270,old_only,excluded_vendor,active,gartentisch-petale-kopie,Fermob,Gartentische
ed86d00f-b9a2-4034-bbe5-2c117fbd7775,old_only,excluded_vendor,active,fermob-calvi-tisch-140-x-140-cm,Fermob,Gartentische
eda4d335-1def-40b1-b4dd-50397e16160b,old_only,excluded_vendor,active,umbrosa-sonnenschirm-spectra-straight,Umbrosa,Sonnenschirme
eda8b06a-a1f1-478e-832a-2abc569c65cf,old_only,excluded_vendor,active,gubi-stemlite-pendant,Gubi,Hängeleuchten
edc8ce4b-2206-4d8b-b4f1-28d9dc198a0b,old_only,excluded_vendor,active,fermob-bellevie-2-sitzer-modul-links,Fermob,Gartensofas
edd29816-6f03-48e4-89a4-8cbd037b68d7,old_only,excluded_vendor,active,fermob-bistro-kissen-38-x-30-cm,Fermob,Sitzkissen
eddf5a0a-8464-4c82-8340-ef787548ee3e,old_only,excluded_vendor,active,fermob-bistro-tisch-117x117cm,Fermob,Gartentische
edfa0e3b-4776-4140-98a9-24872220ab0e,old_only,excluded_vendor,active,fermob-bellevie-3-sitzer,Fermob,Gartensofas
edff587e-af65-40aa-964a-270c7e79bdcb,old_only,excluded_vendor,active,fermob-luxembourg-tisch-143x80,Fermob,Gartentische
ee00e94a-4b00-4e4f-b38a-7855e9567501,old_only,excluded_vendor,active,extremis-gartentisch-pantagruel-picnic,Extremis,Gartentische
ee061b93-686e-4550-a419-f700e947fa0e,old_only,excluded_vendor,active,fermob-1900-bank,Fermob,Sitzbänke
ee0f0d31-4a3b-4267-9815-5e94d4f27f7d,old_only,excluded_vendor,active,fermob-bistro-tisch-d96,Fermob,Gartentische
ee18b79f-6cc3-4839-97d1-155802d6645e,old_only,excluded_vendor,active,fermob-bellevie-2-sitzer-eckmodul-rechts,Fermob,Gartensofas
ee1b76c3-e3f0-4f35-9f21-41e0b8a6c768,old_only,excluded_vendor,active,fermob-bellevie-1-sitzer-modul-links,Fermob,Gartensofas
ee2a8a5a-c62c-4f95-ad0a-446223e4ae7d,old_only,excluded_vendor,active,fermob-luxembourg-kid-tisch-76x55cm,Fermob,Gartentische
ee3020fa-0ae6-43b6-9839-be7268c0fcb1,old_only,excluded_product_type,active,ethnicraft-abdeckung-monocle-modul,Ethnicraft,Abdeckungen
ee3bf3b6-50b1-480d-ba54-27dd1d9883e6,old_only,excluded_vendor,active,fermob-gartensofa-bellevie-2-sitzer,Fermob,Gartensofas
ee413651-f4aa-48f3-a691-ab4b40902c64,old_only,excluded_product_type,active,manutti-grosse-kissentruhe-pca-fuse,Manutti,Auflagenboxen
ee41a93b-8875-4e44-966c-76c2602788fd,old_only,excluded_vendor,active,fermob-rolltisch-guinguette,Fermob,Servierwagen
ee4aada0-35e0-416e-9f5d-63bacab9d594,old_only,excluded_vendor,active,fermob-luxembourg-tisch-165x100cm,Fermob,Gartentische
ee690768-5052-4b23-8352-c6fb6bb74378,old_only,excluded_vendor,active,fermob-bellevie-zusammenstellung-2a-1,Fermob,Gartensofas
ee722b9b-581d-4011-aa18-a83d60b3042e,old_only,excluded_product_type,active,scapa-kissenbezug-aberdeen,Scapa,Dekoration
ee733944-d622-4f12-b616-5dc2360b2df2,old_only,excluded_vendor,active,wandlampe-memory-wall,Brokis,Wandleuchten
ee74ce31-a8c1-4e6f-9a46-ca20329f0430,old_only,excluded_vendor,active,brokis-stehlampe-ballons-pc858,Brokis,Stehlampen
ee79fd65-a711-4201-9d2b-5c0514e09ed7,old_only,excluded_vendor,active,umbrosa-spectra-straight-alu,Umbrosa,Sonnenschirme
ee81c33a-296f-45fa-b0f2-cb76de58ac4d,old_only,excluded_vendor,active,fermob-luxembourg-barstuhl,Fermob,Barstühle
eea44013-b137-4cac-a406-64d39c6befd2,old_only,excluded_product_type,active,tribu-schutzhullen,Tribù,Abdeckungen
eebd02c6-6805-4fe8-b566-d8736afc2b47,old_only,excluded_vendor,active,fermob-bellevie-zusammenstellung-2b,Fermob,Gartensofas
eec7399f-fd2c-41a0-a917-8d36914456a8,old_only,excluded_vendor,active,fermob-bellevie-zusammenstellung-2b,Fermob,Gartensofas
eec7d39f-9cf8-455c-8a70-e43f2e7ebc0e,old_only,excluded_vendor,active,umbrosa-spectra-straight-alu,Umbrosa,Sonnenschirme
eed013c8-b049-40b4-8d40-12fc83019dde,old_only,excluded_vendor,active,fermob-bistro-tisch-d96,Fermob,Gartentische
eefdc5c4-4a26-4083-af2a-a2b0b73f259a,old_only,excluded_vendor,active,fermob-bellevie-2-sitzer-modul-links,Fermob,Gartensofas
ef04c9f2-bbe2-4540-bea2-6c70152a6935,old_only,excluded_vendor,active,fermob-bellevie-2-sitzer-eckmodul-rechts,Fermob,Gartensofas
ef0c97bc-d7ea-44f9-bd59-b4b2be27091f,old_only,excluded_vendor,active,fermob-luxembourg-lounge-stuhl,Fermob,Sessel
ef13789c-fd7d-44f7-856d-0538c246b63d,old_only,excluded_vendor,active,fermob-bistro-tisch-d60,Fermob,Gartentische
ef15a355-3112-4011-b289-3546a29a56cb,old_only,excluded_vendor,active,thonet-stuhl-209,Thonet,Stühle
ef21e7b0-ffd9-4342-99fc-2c5f1060a550,old_only,excluded_vendor,active,fermob-lorette-bridge,Fermob,Gartenstühle
ef2264f6-7aa1-4246-b7ef-4711ebf022c0,old_only,excluded_vendor,active,gartentisch-floreal,Fermob,Gartentische
ef2ed1b5-54b3-48b6-a6f1-8585610cd2f7,old_only,excluded_vendor,active,fermob-bellevie-sessel-fur-den-essbereich,Fermob,Gartenstühle
ef332e7c-3f09-425b-9fd9-34ea50292a24,old_only,excluded_vendor,active,fermob-bellevie-3-sitzer-club-sofa-mit-kissen,Fermob,Gartensofas
ef3fd82c-e781-496d-bac1-e4e3a37d7676,old_only,excluded_vendor,active,brokis-stehlampe-balloons-pc856,Brokis,Stehlampen
ef41ff4b-c1a3-41c5-8c83-480d2d216bca,old_only,excluded_vendor,active,armlehnstuhl-studie,Fermob,Gartenstühle
ef48d486-3db1-441b-a56e-abbc7bad22a5,old_only,excluded_vendor,active,fermob-bellevie-2-sitzer-club-sofa-mit-kissen,Fermob,Gartensofas
ef4aaa1c-e2f2-4f69-9deb-4d3e37fba4b9,old_only,excluded_vendor,active,fermob-bellevie-halbhoher-tisch-74x80cm,Fermob,Gartentische
ef5823f1-ea0a-46d8-a954-2f53aa399c41,old_only,excluded_vendor,active,fermob-bellevie-sessel,Fermob,Sessel
ef6d2ba7-354f-4578-ba34-148dcf47d02f,old_only,excluded_vendor,active,gartentisch-opera-oval,Fermob,Gartentische
ef8db5c0-bc6c-4f34-b2ba-f57c57de2d37,old_only,excluded_vendor,active,fermob-bellevie-2-sitzer-modul-links,Fermob,Gartensofas
ef91e08f-b727-4561-bde0-2687352b1625,old_only,excluded_vendor,active,fermob-tiefer-sessel-luxembourg,Fermob,Sessel
ef93b836-452c-4acb-aef9-d5432510a328,old_only,excluded_vendor,active,fermob-bistro-tisch-71x71cm,Fermob,Gartentische
ef95706a-b3f1-4c39-bb2e-d3920be7214d,old_only,excluded_vendor,active,fermob-alize-deporte,Fermob,Beistelltische
ef9af922-0b5b-4580-86cf-ff123f54d32d,old_only,excluded_vendor,active,fermob-surprising-tiefer-sessel,Fermob,Sessel
ef9f0142-fae0-4923-9f92-4c071f89ef39,old_only,excluded_vendor,active,fermob-bistro-metallstuhl,Fermob,Gartenstühle
efa98f17-9b5d-4131-b91e-725c5aaa15a6,old_only,excluded_vendor,active,brokis-deckenleuchte-memory-ceiling,Brokis,Deckenleuchten
efaccedd-0feb-433b-ad58-ed102f849620,old_only,excluded_vendor,active,fermob-bellevie-1-sitzer-modul-mitte,Fermob,Gartensofas
efb3581b-016f-4f31-8ae1-ae4786b2b3fa,old_only,excluded_vendor,active,fermob-bellevie-2-sitzer-eckmodul-links,Fermob,Gartensofas
efb60a41-7267-49a3-b0ea-f9a6d7c9037f,old_only,excluded_product_type,active,tasche-mini-glory-shopper,Natures Collection,Accessoires
efb73292-794d-4559-b44f-5cb179f5d6c7,old_only,excluded_vendor,active,fermob-bellevie-zusammenstellung-3b,Fermob,Gartensofas
efba133c-1a5e-4335-ac5d-1d5531f42865,old_only,excluded_vendor,active,fermob-bellevie-1-sitzer-modul-rechts,Fermob,Gartensofas
efbac771-9a8f-49e8-81c5-6fe7c161add1,old_only,excluded_vendor,active,fermob-bellevie-zusammenstellung-3a,Fermob,Gartensofas
efc248d9-9219-49ca-a7ef-8461df90ad90,old_only,excluded_vendor,active,fermob-bellevie-2-sitzer-eckmodul-rechts,Fermob,Gartensofas
efd2c1c9-263d-4a50-b3c8-35f9184b5f59,old_only,excluded_vendor,active,fermob-bellevie-sessel-fur-den-essbereich,Fermob,Gartenstühle
efdd4a16-0458-4197-afa3-c1de158da2b6,old_only,excluded_vendor,active,duftkerze-scented-glas-braun,Piffany,Kerzen
eff9a002-805a-483d-93ad-fa7c7d783ba4,old_only,excluded_vendor,active,fermob-bistro-tisch-75x57,Fermob,Gartentische
efffd9f8-fa84-479b-a507-135bc13be428,old_only,excluded_vendor,active,gubi-moon-multi-lite-pendant-large,Gubi,Hängeleuchten
f019fa7c-0a8b-4cdd-807e-781e061fa2dc,old_only,excluded_vendor,active,fermob-bellevie-3-sitzer,Fermob,Gartensofas
f01c90b2-52d3-4731-8dd4-b4f10464c33e,old_only,excluded_vendor,active,fermob-bellevie-stuhl-v2,Fermob,Gartenstühle
f028fc7a-a5d0-4eaf-9de5-f052835665ed,old_only,excluded_product_type,active,warmflasche-calmo,Weich Alpaca,Accessoires
f04cfd21-0e9b-43a4-8997-1e1362061c79,old_only,excluded_vendor,active,umbrosa-spectra-straight-alu,Umbrosa,Sonnenschirme
f04ec0b5-5e21-4a23-94fb-6576085fb6a1,old_only,excluded_vendor,active,fermob-1900-kaffeetisch,Fermob,Beistelltische
f051ded8-5f39-41f2-925d-f884d08a2835,old_only,excluded_vendor,active,fermob-bellevie-3-sitzer-club-sofa-mit-kissen,Fermob,Gartensofas
f0587490-6cbc-487f-96d1-e71c2beb13fd,old_only,excluded_vendor,active,fermob-caractere-tisch-90x190,Fermob,Gartentische
f067bcbe-25b0-4deb-a2aa-90c630be9cf6,old_only,excluded_vendor,active,fermob-bellevie-3-sitzer,Fermob,Gartensofas
f068c20d-0e3f-433e-834e-cca07359ace0,old_only,excluded_vendor,active,tischlampe-spectra,Brokis,Tischlampen
f0690a8b-4dff-4a76-9f82-2cbf216d677c,old_only,excluded_vendor,active,fermob-cadiz-bridge,Fermob,Gartenstühle
f0805be3-4c55-429e-b21e-3971f85ab499,old_only,excluded_vendor,active,fermob-bellevie-3-sitzer-club-sofa-mit-kissen,Fermob,Gartensofas
f0849c21-4ecd-455d-8a3f-ffa02939c2b5,old_only,excluded_vendor,active,fermob-luxembourg-lounge-stuhl,Fermob,Sessel
f08d393e-1afb-4ba0-9cdb-f3afd90b75f4,old_only,excluded_vendor,active,extremis-hopper-picnic-hellwood-240cm,Extremis,Gartentische
f096d81a-abb9-4036-be2b-9d6cb8e48a30,old_only,excluded_vendor,active,gartenstuhl-studie,Fermob,Gartenstühle
f0aacd97-1735-41ef-8893-f333dc8bc71a,old_only,excluded_vendor,active,fermob-bellevie-1-sitzer-modul-links,Fermob,Gartensofas
f0c84bbd-f60b-401f-80f7-0001da4df849,old_only,excluded_vendor,active,fermob-bellevie-2-sitzer-modul-links,Fermob,Gartensofas
f0cc6a8e-04d4-4331-9c0b-76d1f5ba0adf,old_only,excluded_vendor,active,umbrosa-paraflex-wall-round-271,Umbrosa,Sonnenschirme
f0cca62f-5567-404a-92b0-ae026dfa74f1,old_only,excluded_vendor,active,fermob-bellevie-zusammenstellung-3a,Fermob,Gartensofas
f0cdf29f-9935-4301-9a8f-b885258d0c91,old_only,excluded_vendor,active,brokis-stehlampe-ballons-pc857,Brokis,Stehlampen
f0dc0a74-0e08-4fb0-92fe-6df0c54ab34f,old_only,excluded_vendor,active,fermob-stuhl-studie,Fermob,Stühle
f0e6bcf7-608c-4b68-a7dd-19626219735e,old_only,excluded_vendor,active,fermob-bellevie-1-sitzer-modul-mitte,Fermob,Gartensofas
f0ed8198-e31d-4bbf-a608-c629ead09e33,old_only,excluded_vendor,active,gubi-esstischstuhl-beetle-gepolstert,Gubi,Stühle
f114b162-87b7-4005-88b6-0100f78e8b75,old_only,excluded_product_type,active,scapa-kissenbezug-causeway,Scapa,Dekoration
f11b4d82-52d8-4784-95f3-84b525fcc205,old_only,excluded_vendor,active,fermob-sitzbank-luxembourg-kompakt,Fermob,Sitzbänke
f126b8c0-9b05-498f-b11a-2189472d93cd,old_only,excluded_vendor,active,fermob-bellevie-2-sitzer-polsterhocker,Fermob,Sitzbänke
f12828ad-e114-40ad-a74c-dc5b9f0a34c0,old_only,excluded_vendor,active,fermob-bellevie-1-sitzer-polsterhocker,Fermob,Hocker
f13bc06a-8add-42e4-959f-7cdd810e8771,old_only,excluded_vendor,active,fermob-bellevie-2-sitzer-eckmodul-links,Fermob,Gartensofas
f13dc8fe-f417-4b9f-baa6-52357ac73da9,old_only,excluded_vendor,active,wandlampe-memory-wall,Brokis,Wandleuchten
f14002b3-f3e4-44b1-b16e-42bf3ff2d276,old_only,excluded_vendor,active,fermob-lorette-ovaler-tisch-160x90,Fermob,Gartentische
f14b8008-75f8-4457-b304-a7be5592df64,old_only,excluded_vendor,active,fermob-bellevie-2-sitzer-polsterhocker,Fermob,Sitzbänke
f1555ca7-5b65-4526-9e70-f11c0a0ed013,old_only,excluded_vendor,active,fermob-bellevie-2-sitzer-modul-rechts,Fermob,Gartensofas
f15be3e0-6f19-48dd-abb2-b0a8d3abd3a2,old_only,excluded_vendor,active,fermob-bellevie-2-sitzer-eckmodul-links,Fermob,Gartensofas
f1722391-e1d8-4b8e-941a-41cc03803904,old_only,excluded_vendor,active,gartentisch-craft,Fermob,Gartentische
f17b1e2c-94a8-4c38-aee9-f19a04e1cb45,old_only,excluded_vendor,active,fermob-bellevie-1-sitzer-modul-rechts,Fermob,Gartensofas
f196256d-089c-4781-8388-2f0d3daf0bcd,old_only,excluded_vendor,active,fermob-lorette-armlehnstuhl-problem-fauteuil-und-bridge,Fermob,Sitzbänke
f19951eb-8c1d-40a1-abf5-9ae294a40bc1,old_only,excluded_vendor,active,fermob-bellevie-1-sitzer-modul-rechts,Fermob,Gartensofas
f1ba1b78-9070-43d7-bc0d-13e26b57cd82,old_only,excluded_product_type,active,handytasche-gwen-phonebag,Natures Collection,Accessoires
f1bf7c5b-b8a3-445c-b165-9c27b0e6c957,old_only,excluded_vendor,active,fermob-bellevie-zusammenstellung-2a-1,Fermob,Gartensofas
f1c57ffb-0439-479c-bc16-66a0c7da2c0d,old_only,excluded_vendor,active,fermob-bellevie-zusammenstellung-3a,Fermob,Gartensofas
f1db6e83-6bf8-4565-85eb-60585df9fb98,old_only,excluded_vendor,active,fermob-bellevie-sessel-fur-den-essbereich,Fermob,Gartenstühle
f1db7bdb-f611-4103-afcf-25fa27d83b7d,old_only,excluded_vendor,active,fermob-bellevie-1-sitzer-modul-mitte,Fermob,Gartensofas
f1edd763-d8e5-4aa9-b11a-e0edf08e95e6,old_only,excluded_vendor,active,gubi-moon-multi-lite-pendant-large,Gubi,Hängeleuchten
f210ecbe-900f-477b-b0ea-33291a1690d1,old_only,excluded_vendor,active,gartentisch-luxembourg-80x80-1,Fermob,Gartentische
f215804a-c9d5-42be-818e-becc7f1deda8,old_only,excluded_vendor,active,fermob-bistro-tisch-d77,Fermob,Gartentische
f216309e-878b-46b9-81ab-bd98734ab2e3,old_only,excluded_vendor,active,fermob-bellevie-2-sitzer-polsterhocker,Fermob,Sitzbänke
f21fa24b-226e-40ca-bf83-5dba3a9f933a,old_only,excluded_vendor,active,gartentisch-petale,Fermob,Gartentische
f26a0d7a-c7f9-4cc4-8c7f-bec2d55f9e61,old_only,excluded_vendor,active,fermob-bellevie-1-sitzer-modul-mitte,Fermob,Gartensofas
f26be32c-6fe3-4ea1-9540-89de0d38d8c7,old_only,excluded_product_type,active,scapa-fabio-decke-140x200,Scapa,Decken
f279b0d8-a78e-43d4-9ebb-0a6f68ae7a8e,old_only,excluded_vendor,active,fermob-luxembourg-tisch-mit-4-fusse-80x80,Fermob,Gartentische
f27d67fa-ee53-41b4-b50e-8a1d679fb9d0,old_only,excluded_vendor,active,brokis-stehlampe-ballons-pc857,Brokis,Stehlampen
f27d96ec-6c75-4804-95b2-428a30852f3b,old_only,excluded_vendor,active,fermob-gartensofa-bellevie-2-sitzer,Fermob,Gartensofas
f27f84ce-c502-4082-9a1a-b7623197a973,old_only,excluded_vendor,active,fermob-lorette-kissen-68x44cm,Fermob,Kissen
f29a9465-505e-46fa-865f-a1e437acdb08,old_only,excluded_vendor,active,fermob-alize-beistelltisch,Fermob,Beistelltische
f2a405f3-e183-42a2-8640-ad71e46e9ef7,old_only,excluded_vendor,active,glaskerze-led-candle-beige,Piffany,Kerzen
f2a86d47-e8da-4cb1-b6fc-952d9f88dfe7,old_only,excluded_vendor,active,fermob-lorette-bridge,Fermob,Gartenstühle
f2b50237-9271-4e03-864d-76c0520133f8,old_only,excluded_vendor,active,brokis-stehlampe-balloons-pc856,Brokis,Stehlampen
f2b64d3e-b3dd-4eba-9193-9e7911be1247,old_only,excluded_vendor,active,fermob-bellevie-3-sitzer,Fermob,Gartensofas
f2bc543d-c7c2-4577-a0c1-c909edae1fe4,old_only,excluded_vendor,active,fermob-lederstuhl-bistro,Fermob,Stühle
f2c547ad-a619-40a3-8227-65519ac95748,old_only,excluded_vendor,active,fermob-2-3-sitzer-bank-mit-ruckenlehne-luxembourg,Fermob,Sitzbänke
f2c89f75-55f2-4b10-87e4-52b93baf3f6d,old_only,excluded_vendor,active,fermob-niedriger-tisch-bellevie,Fermob,Couchtische
f2d468b7-592a-4585-a82d-e159a4eb90ff,old_only,excluded_vendor,active,gartentisch-opera-oval,Fermob,Gartentische
f2db8cee-fef4-42c3-86df-54e8c06c1076,old_only,excluded_vendor,active,wandlampe-memory-wall,Brokis,Wandleuchten
f2ed2106-118d-4c2c-b6da-ef46c57bb2c1,old_only,excluded_vendor,active,fermob-bellevie-2-sitzer-club-sofa-mit-kissen,Fermob,Gartensofas
f2f288c5-cf3b-43f3-98b4-f0e48ee0b35b,old_only,excluded_vendor,active,gartentisch-romane,Fermob,Gartentische
f2fd1eec-4144-46b3-a463-83440d22c9d0,old_only,excluded_vendor,active,gartentisch-petale,Fermob,Gartentische
f30a5537-1b56-45ba-b971-67ac681b5bfb,old_only,excluded_vendor,active,fermob-bellevie-zusammenstellung-1a,Fermob,Gartensofas
f318977d-0488-4e08-ac3b-0bbc5d8fe0c2,old_only,excluded_vendor,active,fermob-luxembourg-hoher-tisch,Fermob,Gartentische
f328e082-66cd-4590-b3e8-f189c27f25ab,old_only,excluded_vendor,active,fermob-bellevie-zusammenstellung-1a,Fermob,Gartensofas
f32cf425-67f1-476a-b67f-e64eac07c4ea,old_only,excluded_vendor,active,fermob-bellevie-1-sitzer-polsterhocker,Fermob,Hocker
f3303af6-6011-4bc2-b364-454f09279a56,old_only,excluded_vendor,active,gartentisch-caractere-128x128,Fermob,Gartentische
f332e724-3a7f-433d-907f-25908028e1e9,old_only,excluded_vendor,active,fermob-1900-cabriolet-sessel,Fermob,Sessel
f3356445-cb46-4f1e-9705-e2c91c3db96c,old_only,excluded_vendor,active,fermob-bellevie-sessel-fur-den-essbereich,Fermob,Gartenstühle
f3427029-7f4c-4e30-8903-6f6927b42589,old_only,excluded_product_type,active,tribu-schutzhullen,Tribù,Abdeckungen
f3447f31-967b-4d36-b91e-6ca74411e31f,old_only,excluded_vendor,active,gartentisch-opera-oval,Fermob,Gartentische
f35cc558-c1be-4257-a8a0-3c2befad455f,old_only,excluded_vendor,active,fermob-rollende-bar-luxembourg,Fermob,Servierwagen
f35f1279-a876-4e63-bbb3-7ed78ad336db,old_only,excluded_product_type,active,tribu-schutzhullen,Tribù,Abdeckungen
f362bc9f-c361-40f3-bf52-739d65a3ed3e,old_only,excluded_vendor,active,brokis-stehlampe-ballons-pc857,Brokis,Stehlampen
f3641a97-7164-4f92-a727-7d19f8dd9e8c,old_only,excluded_vendor,active,fermob-bellevie-zusammenstellung-2a-1,Fermob,Gartensofas
f36c4a3a-6403-4646-82be-5c519f3aaee1,old_only,excluded_vendor,active,fermob-bistro-kissen-38-x-30-cm,Fermob,Sitzkissen
f37b418e-ef23-473e-8b1e-e5ca2b42258f,old_only,excluded_vendor,active,gartentisch-costa-ausziehbar,Fermob,Gartentische
f37ebf86-b69a-45d1-8b17-ac2124d5e14c,old_only,excluded_product_type,active,handytasche-gwen-phonebag,Natures Collection,Accessoires
f38f70a7-8e40-411e-9257-d58ce6f44eff,old_only,excluded_vendor,active,fermob-bellevie-2-sitzer-polsterhocker,Fermob,Sitzbänke
f38fd58f-c38e-4595-a32e-7f96b8855fcf,old_only,excluded_vendor,active,fermob-bellevie-2-sitzer-club-sofa-mit-kissen,Fermob,Gartensofas
f395243e-c16c-4e30-8d84-de654511012b,old_only,excluded_vendor,active,copy-of-beistelltisch-alize-o48,Fermob,Beistelltische
f3acf1f1-2316-4ce0-b349-c6672d563034,old_only,excluded_vendor,active,brokis-deckenleuchte-memory-ceiling,Brokis,Deckenleuchten
f3b31127-cc13-4612-9651-bb054e79d4c8,old_only,excluded_vendor,active,fermob-bistro-stehtisch-71x71cm,Fermob,Bartische
f3bd4b26-3244-44bb-8488-baf19d503d40,old_only,excluded_vendor,active,fermob-stuhl-luxembourg,Fermob,Gartenstühle
f3c6dcc5-3104-402b-8075-b09debe0a2f1,old_only,excluded_vendor,active,fermob-stuhl-studie,Fermob,Stühle
f3cf4bde-16bf-44c1-8dfa-0b4033f64c16,old_only,excluded_vendor,active,umbrosa-paraflex-wall-round-270,Umbrosa,Sonnenschirme
f3eb782a-a626-4199-b718-d7ec51157023,old_only,excluded_vendor,active,fermob-bellevie-zusammenstellung-2b,Fermob,Gartensofas
f3ef8bc9-bdba-4e1b-a165-59ee891e3339,old_only,excluded_vendor,active,fermob-luxembourg-hoher-tisch,Fermob,Gartentische
f3ff91b5-49bb-44f4-9f12-d776fa2dd3f0,old_only,excluded_product_type,active,handytasche-gwen-phonebag,Natures Collection,Accessoires
f413908c-0324-4aac-b008-532082091ed2,old_only,excluded_vendor,active,fermob-luxembourg-barstuhl,Fermob,Barstühle
f4212ddd-3ea5-45d2-80de-dfb8a0967c82,old_only,excluded_vendor,active,fermob-luxembourg-kid-bank,Fermob,Sitzbänke
f4423e47-aff7-4edf-b67c-5de02d70f625,old_only,excluded_vendor,active,fermob-bellevie-1-sitzer-polsterhocker,Fermob,Hocker
f44cd729-0a84-4d42-ba8f-f781dfaa2a71,old_only,excluded_vendor,active,fermob-bellevie-zusammenstellung-1b,Fermob,Gartensofas
f484a3b3-de11-4535-9bda-62523a6bac29,old_only,excluded_vendor,active,fermob-bellevie-3-sitzer-club-sofa-mit-kissen,Fermob,Gartensofas
f48b9c41-e812-4fed-8788-ea992da44206,old_only,excluded_product_type,active,libeco-decke-oscar,Libeco,Decken
f48f0221-ab6d-4130-b448-06fc702bd7db,old_only,excluded_vendor,active,extremis-gartentisch-pantagruel,Extremis,Gartentische
f492be79-e5f9-4020-91a4-473275d8a693,old_only,excluded_vendor,active,fermob-bellevie-2-sitzer-eckmodul-links,Fermob,Gartensofas
f4a28f60-5317-4162-9868-ad7c9eb06aae,old_only,excluded_vendor,active,fermob-bebop-d80,Fermob,Beistelltische
f4aa083d-937d-410c-8992-bf907aca465d,old_only,excluded_vendor,active,schaukelstuhl-surprising,Fermob,Sessel
f4abf5eb-0a3c-43e3-8371-53a102144dc5,old_only,excluded_product_type,active,handytasche-gwen-phonebag,Natures Collection,Accessoires
f4afef88-a96d-4681-a9f0-88067db2b67f,old_only,excluded_product_type,active,vincent-sheppard-tika-laterne-auf-holzgestell,Vincent Sheppard,Laternen
f4c856c3-2e17-47df-bfc3-63199b32ce8c,old_only,excluded_vendor,active,fermob-luxembourg-kid-tisch-76x55cm,Fermob,Gartentische
f4cfd5d9-619e-41bb-8c1b-d3a96079968d,old_only,excluded_vendor,active,fermob-bellevie-sessel-fur-den-essbereich,Fermob,Gartenstühle
f4d1e4a7-d54d-4244-9621-5e85200436b7,old_only,excluded_product_type,active,cane-line-parasols-hyde-luxe-hanging-sonnenschirm-3x4-1,Cane-line,Sonnenschirme
f4dd6976-611c-4588-90e2-634bcc039dfb,old_only,excluded_vendor,active,fermob-balad-lampe-h25,Fermob,Tischlampen
f4fb173a-a8d2-4f01-bbc4-93347ac37c3f,old_only,excluded_vendor,active,fermob-lorette-bridge,Fermob,Gartenstühle
f4fb5312-4c03-4888-a3d8-dee36821a238,old_only,excluded_vendor,active,gartentisch-craft-kopie,Fermob,Gartentische
f5064fcd-015c-4124-a544-ced989bc74b4,old_only,excluded_vendor,active,gubi-stemlite-stehlampe,Gubi,Stehlampen
f50b22d5-a389-4e4a-98f9-6d47ffe144be,old_only,excluded_vendor,active,brokis-stehlampe-ballons-pc858,Brokis,Stehlampen
f50bdfa2-e8cd-43fc-b95f-ba4881eb47e6,old_only,excluded_vendor,active,fermob-gartensofa-bellevie-2-sitzer,Fermob,Gartensofas
f50e3452-3f1c-4030-9161-d2ca21ad6a8a,old_only,excluded_vendor,active,gartentisch-petale,Fermob,Gartentische
f514a2b6-5ffb-4f98-a23c-0bfa66f8c63f,old_only,excluded_vendor,active,kerze-pillar-smooth-led-uyuni-ivory-o7-8-x-15-cm,Piffany,Kerzen
f527c9c6-0b34-43cb-bdc0-5db2caefdc46,old_only,excluded_vendor,active,fermob-bellevie-1-sitzer-modul-mitte,Fermob,Gartensofas
f529f3f9-064b-4ccc-8a18-c69fee650cb6,old_only,excluded_vendor,active,brokis-stehlampe-ballons-pc858,Brokis,Stehlampen
f52df438-08a9-47a3-a2fa-b7d6301b425f,old_only,excluded_vendor,active,fermob-bellevie-halbhoher-tisch-74x80cm,Fermob,Gartentische
f53c74dd-335f-4a7d-a8ad-b1bd74174987,old_only,excluded_vendor,active,fermob-luxembourg-lounge-sessel,Fermob,Sessel
f5438db6-0b98-441a-bc2e-17b1ecb307b7,old_only,excluded_vendor,active,fermob-bellevie-2-sitzer-club-sofa-mit-kissen,Fermob,Gartensofas
f54958c6-61a4-4564-b7ad-4b9ec6daf766,old_only,excluded_vendor,active,fermob-bellevie-2-sitzer-eckmodul-links,Fermob,Gartensofas
f54fd531-8889-426e-8156-3cae238b39f9,old_only,excluded_vendor,active,extremis-bistroo-tisch-stuhl-kombination,Extremis,Gartentische
f56cac37-54e8-4d92-af17-6bf4d0325f12,old_only,excluded_vendor,active,fermob-cocotte-basse,Fermob,Beistelltische
f5754edb-8b75-49bc-b700-9df322808192,old_only,excluded_vendor,active,gartentisch-craft-kopie,Fermob,Gartentische
f57d2d08-1741-461f-b34e-fdc0afd866dd,old_only,excluded_vendor,active,stabkerzen-uyuni-led-ivory,Piffany,Kerzen
f585b6f4-72ef-41df-a275-eae4418ae003,old_only,excluded_vendor,active,fermob-bellevie-2-sitzer-eckmodul-rechts,Fermob,Gartensofas
f58ae06d-1ae5-45f1-81d6-c97732b7ff83,old_only,excluded_vendor,active,fermob-lorette-ovaler-tisch-160x90,Fermob,Gartentische
f58ea8d5-668e-4e97-8121-20068201b05b,old_only,excluded_vendor,active,fermob-bellevie-2-sitzer-eckmodul-rechts,Fermob,Gartensofas
f594cdfc-3a12-452d-8a12-5c0f2884b71d,old_only,excluded_vendor,active,fermob-bellevie-3-sitzer,Fermob,Gartensofas
f595ec8f-8523-440b-b229-e2ee236c12a4,old_only,excluded_vendor,active,thonet-stuhl-209,Thonet,Stühle
f5a27d02-a072-43dd-8694-17bdb91c380f,old_only,excluded_vendor,active,fermob-1900-kaffeetisch,Fermob,Beistelltische
f5ab6c18-ef29-4431-92a4-61f8e9ab4d4c,old_only,excluded_vendor,active,fermob-niedriger-tisch-bellevie,Fermob,Couchtische
f5b2be5e-ffd5-4e8b-acea-30552ae695b5,old_only,excluded_vendor,active,fermob-basket-blumenkasten-lang,Fermob,Topf
f5c28cf9-8d8b-4abc-a3d8-b5366d85fcdb,old_only,excluded_vendor,active,fermob-bellevie-1-sitzer-modul-rechts,Fermob,Gartensofas
f5c6ca72-cb2a-4c9c-968d-bd6f4523c372,old_only,excluded_vendor,active,fermob-bellevie-2-sitzer-eckmodul-links,Fermob,Gartensofas
f5d0ee49-32c1-4d99-a80b-f98b2b5c55ab,old_only,excluded_vendor,active,fermob-bistro-tisch-75x57,Fermob,Gartentische
f5da6f5c-6431-402f-b583-6ed1cbc08c77,old_only,excluded_product_type,active,tischfeuer-spin,Höfats,Tischaccessoires
f60729c6-43ac-4f02-bd64-819ccdae58e6,old_only,excluded_vendor,active,fermob-luxembourg-niedriger-tisch-mit-rollen,Fermob,Couchtische
f60933ad-d954-4039-be5f-1321c33b2dd2,old_only,excluded_vendor,active,fermob-bellevie-2-sitzer-modul-links,Fermob,Gartensofas
f60d9b0b-680d-4c65-ba70-5eecb8a6bf64,old_only,excluded_vendor,active,tischlampe-spectra,Brokis,Tischlampen
f60fe344-bf5e-4faa-afcc-ec4b40ac117b,old_only,excluded_product_type,active,natures-collection-schaffell-kissen-leaf,Natures Collection,Dekoration
f6131a03-6965-4c4c-98ac-4674243b595a,old_only,excluded_vendor,active,fermob-gartensofa-bellevie-2-sitzer,Fermob,Gartensofas
f615eafe-2a97-41c7-8aad-cb24eab6ba47,old_only,excluded_vendor,active,fermob-luxembourg-tisch-143x80,Fermob,Gartentische
f61e03e5-06e6-4214-8e20-8e5dbc3a25c7,old_only,excluded_vendor,active,fermob-bellevie-2-sitzer-modul-mitte,Fermob,Gartensofas
f623636a-51cb-465a-a3a4-2a6426749018,old_only,excluded_vendor,active,fermob-bellevie-3-sitzer-club-sofa-mit-kissen,Fermob,Gartensofas
f62eb10a-fb42-4dca-9421-6d6a0f1ec278,old_only,excluded_vendor,active,fermob-bellevie-zusammenstellung-2a-1,Fermob,Gartensofas
f6392746-f52f-4a15-930e-3e3e1b07abcb,old_only,excluded_vendor,active,gartentisch-ribamelle,Fermob,Gartentische
f65212df-d34e-4664-8027-f6edf264a09f,old_only,excluded_vendor,active,fermob-bellevie-2-sitzer-modul-mitte,Fermob,Gartensofas
f66f0fc4-4319-44a6-9a97-10846d293c94,old_only,excluded_vendor,active,umbrosa-sonnenschirm-spectra,Umbrosa,Sonnenschirme
f67b33ee-7781-4822-9304-88b71fce803c,old_only,excluded_vendor,active,gartentisch-costa-ausziehbar,Fermob,Gartentische
f67cf236-fc23-4ddb-9dc6-dde3e4aadb75,old_only,excluded_vendor,active,fermob-lorette-bridge,Fermob,Gartenstühle
f67ff87e-bbb4-4253-9f7c-30c36ec1aaf6,old_only,excluded_vendor,active,fermob-bellevie-zusammenstellung-2b,Fermob,Gartensofas
f687e588-ef50-4919-8926-e9f7c452eb76,old_only,excluded_vendor,active,fermob-bellevie-tisch-196x90cm,Fermob,Gartentische
f69850a5-5700-4c11-a8ec-9fcc6cd1e68f,old_only,excluded_vendor,active,ofyr-rotisserie-set,Ofyr,Grillzubehör
f69c4986-39ef-4660-86f3-1d0a2be3bd55,old_only,excluded_vendor,active,fermob-bellevie-zusammenstellung-2a-1,Fermob,Gartensofas
f6a7aa76-1df3-4aa1-9ed1-8dda67a0373d,old_only,excluded_vendor,active,gartentisch-opera-carronde,Fermob,Gartentische
f6af7982-b8f5-4981-bd88-fcd490c130c9,old_only,excluded_vendor,active,fermob-bellevie-3-sitzer,Fermob,Gartensofas
f6e80359-5c13-4c6e-8e47-daabddc1e0ff,old_only,excluded_vendor,active,fermob-bellevie-zusammenstellung-1b,Fermob,Gartensofas
f6ff1bfe-d1e7-4f37-9226-300c0b8390b8,old_only,excluded_vendor,active,fermob-bellevie-zusammenstellung-1a,Fermob,Gartensofas
f70002d5-7d4e-4eed-8741-f49efa2835a2,old_only,excluded_vendor,active,fermob-bellevie-2-sitzer-modul-rechts,Fermob,Gartensofas
f703e8b0-e167-4ca8-982e-66786661ddeb,old_only,excluded_vendor,active,fermob-basket-blumenkasten-hoch,Fermob,Topf
f7051674-5e35-4a3a-8e59-a8da9e06727b,old_only,excluded_vendor,active,gartentisch-craft-kopie,Fermob,Gartentische
f7088205-1452-4982-8369-6bcb441398c6,old_only,excluded_vendor,active,fermob-bellevie-zusammenstellung-2b,Fermob,Gartensofas
f70b0530-4fc7-44ca-9d31-4f006f34dad3,old_only,excluded_vendor,active,fermob-bellevie-zusammenstellung-1b,Fermob,Gartensofas
f7144154-b3bd-471c-bccc-0be70aa8385f,old_only,excluded_vendor,active,extremis-hopper-picnic-iroko-360cm,Extremis,Gartentische
f71dfa13-994a-41e8-a0d2-eea6ed9730d4,old_only,excluded_vendor,active,fermob-1900-bank,Fermob,Sitzbänke
f725aa5a-012f-49bc-a57d-98bfadd83146,old_only,excluded_vendor,active,fermob-bellevie-2-sitzer-eckmodul-rechts,Fermob,Gartensofas
f7287e4e-24bf-4ef3-a6f3-45311a1778f4,old_only,excluded_vendor,active,fermob-2-3-sitzer-bank-mit-ruckenlehne-luxembourg,Fermob,Sitzbänke
f73f3632-8cf5-4e38-8d34-bbcefa16112c,old_only,excluded_product_type,active,scapa-kissenbezug-causeway,Scapa,Dekoration
f74f4ac3-baeb-4d05-8b30-482d1c37ef46,old_only,excluded_vendor,active,fermob-bistro-tisch-117x117cm,Fermob,Gartentische
f7745728-5926-45ac-accc-fc03c49aacef,old_only,excluded_vendor,active,fermob-calvi-tisch-160-x-80-cm,Fermob,Gartentische
f78cbaae-42ab-4bfe-860f-9d1d7c8bb3ee,old_only,excluded_vendor,active,fermob-gartensofa-bellevie-2-sitzer,Fermob,Gartensofas
f79d47c8-52e9-4372-9baa-a3fecf85406d,old_only,excluded_vendor,active,fermob-bellevie-1-sitzer-modul-links,Fermob,Gartensofas
f7aeae3f-3cb5-4d94-babc-6c5f6905635a,old_only,excluded_vendor,active,gartentisch-opera-carronde,Fermob,Gartentische
f7b76d59-4671-45f4-9dc3-d60e9fe2d17b,old_only,excluded_vendor,active,fermob-schaukelstuhl-luxembourg,Fermob,Sessel
f7c2ba01-f352-4d83-9727-b8e730e8a1ff,old_only,excluded_product_type,active,manutti-schutzhulle-torsa-beistelltisch-148,Manutti,Abdeckungen
f7c5f054-7dbf-4135-930a-af971a75fab1,old_only,excluded_vendor,active,fermob-luxembourg-bank-3-4-sitzer,Fermob,Sitzbänke
f7c9d206-e7da-4d0a-8237-77dfd5e790fa,old_only,excluded_vendor,active,fermob-2-3-sitzer-bank-mit-ruckenlehne-luxembourg,Fermob,Sitzbänke
f7ca4d19-aaa4-46b4-8b25-19740e61f848,old_only,excluded_vendor,active,fermob-bellevie-3-sitzer-club-sofa-mit-kissen,Fermob,Gartensofas
f7d5ab50-fb75-4a54-b111-14e9dca38728,old_only,excluded_vendor,active,fermob-bellevie-1-sitzer-polsterhocker,Fermob,Hocker
f7dc0a8a-f406-44e9-902f-0080eab22b99,old_only,excluded_vendor,active,fermob-1900-cabriolet-sessel,Fermob,Sessel
f7e3f631-07c7-4eaf-afbb-2147758b66bc,old_only,excluded_product_type,active,scapa-kissenbezug-causeway,Scapa,Dekoration
f7ed6de9-2044-41aa-bcbf-3642554d51ae,old_only,excluded_vendor,active,fermob-bistro-balkontisch,Fermob,Gartentische
f7f57211-4d88-4776-af7d-2569f2f59f60,old_only,excluded_vendor,active,fermob-armlehnstuhl-studie,Fermob,Stühle
f7f8ca77-16f0-4ddb-b826-0175fe66b726,old_only,excluded_vendor,active,fermob-bellevie-1-sitzer-modul-mitte,Fermob,Gartensofas
f7fe27ce-e9b3-4e53-a70e-c786a4804f71,old_only,excluded_vendor,active,fermob-bellevie-3-sitzer-club-sofa-mit-kissen,Fermob,Gartensofas
f80480ca-6028-4626-a479-0605d8b5e70d,old_only,excluded_vendor,active,fermob-bellevie-sessel,Fermob,Sessel
f8075256-fbae-43de-ae6e-1c9ade49b9fe,old_only,excluded_vendor,active,fermob-1900-tisch-d96,Fermob,Gartentische
f830c426-5416-431c-89e4-b997fa95d651,old_only,excluded_vendor,active,gartentisch-romane,Fermob,Gartentische
f83514b7-2167-4837-99c7-f5a6928adf27,old_only,excluded_vendor,active,fermob-bellevie-sessel-fur-den-essbereich,Fermob,Gartenstühle
f845e21f-c120-4804-82b1-229afaeabfd8,old_only,excluded_vendor,active,gartentisch-opera-carronde,Fermob,Gartentische
f851e4c5-4cd6-4e71-a17c-c6a7baab587e,old_only,excluded_vendor,active,gartentisch-petale-kopie,Fermob,Gartentische
f851e734-ef3b-4966-a66d-71061ff2d1e2,old_only,excluded_vendor,active,fermob-gartensofa-bellevie-2-sitzer,Fermob,Gartensofas
f852725e-640a-4140-9ca7-abef147e5b02,old_only,excluded_vendor,active,fermob-kleiner-niedriger-bestelltisch,Fermob,Beistelltische
f85355f9-4434-4420-a9ff-f32e022939a7,old_only,excluded_vendor,active,beistelltisch-cocotte-55x44,Fermob,Beistelltische
f85cf8bb-0580-448f-a18e-8b4474803592,old_only,excluded_vendor,active,fermob-lampe-mooon-h41,Fermob,Tischlampen
f85e1827-0e2f-44ba-abb2-1af7900e935d,old_only,excluded_product_type,active,cane-line-parasols-classic-sonnenschirm,Cane-line,Sonnenschirme
f86cdffd-5578-41b4-9d26-d2aa69dcf07a,old_only,excluded_vendor,active,fermob-bellevie-hoher-tisch-74x80cm,Fermob,Bartische
f87d226a-9a5b-43ea-ab4e-85dc8c8fadf4,old_only,excluded_vendor,active,fermob-luxembourg-lounge-stuhl,Fermob,Sessel
f8957503-a088-450f-a00e-9426d1da28ec,old_only,excluded_vendor,active,gartentisch-opera-oval,Fermob,Gartentische
f89bf9de-43bd-4de1-bece-cfd8128627fe,old_only,excluded_vendor,active,fermob-bellevie-zusammenstellung-3a,Fermob,Gartensofas
f8a34c73-54c2-4b15-b7d2-4260d04ad303,old_only,excluded_vendor,active,fermob-bellevie-zusammenstellung-2a-1,Fermob,Gartensofas
f8a5cd60-f70a-419d-be63-b9c139a21201,old_only,excluded_vendor,active,fermob-bellevie-2-sitzer-modul-rechts,Fermob,Gartensofas
f8b91355-54cd-4bc9-a487-0380a976752e,old_only,excluded_vendor,active,fermob-bellevie-2-sitzer-polsterhocker,Fermob,Sitzbänke
f8dd1518-c654-4bc4-97a2-75084bb7febf,old_only,excluded_vendor,active,fermob-bellevie-1-sitzer-modul-rechts,Fermob,Gartensofas
f8dd9f26-ae0b-4fc1-8f90-bbf88e0063ae,old_only,excluded_product_type,active,glowbus-growdrop-m,Glowbus,Kerzen
f8de859f-631e-4dc8-b859-9c4b9c4ae72f,old_only,excluded_vendor,active,fermob-bellevie-3-sitzer-club-sofa-mit-kissen,Fermob,Gartensofas
f8e8c707-e2f1-43f0-a6a3-4e27219314ad,old_only,excluded_vendor,active,gartentisch-opera-carronde,Fermob,Gartentische
f8eb9c12-d916-439e-acd3-e8311237dfb6,old_only,excluded_vendor,active,gartentisch-opera-carronde,Fermob,Gartentische
f8f493a4-9d88-4558-adf5-8841dea93b4b,old_only,excluded_vendor,active,fermob-surprising-fussablage,Fermob,Hocker
f90262cf-5937-45e8-bdba-57d021533c51,old_only,excluded_vendor,active,fermob-bistro-tisch-75x57,Fermob,Gartentische
f90bcc73-8925-4894-8640-94d04d9cc286,old_only,excluded_product_type,active,homestorys-wohnbuch,Homestorys,Bücher
f910d288-1a28-4796-8db8-db4e6c0b46e8,old_only,excluded_vendor,active,fermob-gartensofa-bellevie-2-sitzer,Fermob,Gartensofas
f91d6113-54b8-43a3-8333-43e929b38d3b,old_only,excluded_vendor,active,brokis-stehlampe-ballons-pc857,Brokis,Stehlampen
f927bbc5-0887-4e0a-98f5-5da9c7a0a3da,old_only,excluded_vendor,active,fermob-bellevie-1-sitzer-modul-links,Fermob,Gartensofas
f93516f8-3ec8-4582-9a8f-038742955da4,old_only,excluded_vendor,active,gubi-stemlite-stehlampe,Gubi,Stehlampen
f93adc61-ae25-4615-9fa5-6f0f3d73ea08,old_only,excluded_vendor,active,fermob-lorette-ovaler-tisch-160x90,Fermob,Gartentische
f945f84f-e051-4a8c-be60-6f3564057b0f,old_only,excluded_vendor,active,fermob-luxembourg-gueridon-haut-80x80cm,Fermob,Bartische
f954bba2-c6e4-41a7-92d1-928ff2649f45,old_only,excluded_vendor,active,fermob-bellevie-zusammenstellung-3a,Fermob,Gartensofas
f9590c69-a702-40a2-97e0-cb5340fa4f61,old_only,excluded_vendor,active,fermob-stuhl-studie,Fermob,Stühle
f968064a-2800-4be7-a4f4-90f5f5e364a9,old_only,excluded_product_type,active,scapa-kissenbezug-aberdeen,Scapa,Dekoration
f96a63de-ab43-4161-8a52-5f1c27212cb8,old_only,excluded_vendor,active,fermob-bebop-niedriger-tisch-120-x-70-x-29cm,Fermob,Beistelltische
f96de5f8-8311-4895-9a5c-6ad887a70da7,old_only,excluded_vendor,active,gartentisch-craft,Fermob,Gartentische
f98442a9-7856-4f13-8a62-e63722941e11,old_only,excluded_vendor,active,ofyr-handschuhe,Ofyr,Grillzubehör
f9869190-4e43-44b7-9546-650410c790fc,old_only,excluded_product_type,active,manutti-radoc-stuhl-schutzhulle,Manutti,Abdeckungen
f98bdbd9-eb9c-4a7e-8480-41bd60a55dec,old_only,excluded_vendor,active,fermob-bistro-balkontisch,Fermob,Gartentische
f9933078-3c38-49fe-8d4c-867939e4a797,old_only,excluded_vendor,active,fermob-bellevie-3-sitzer,Fermob,Gartensofas
f9a0bc80-558a-4ff3-a2a3-70448c91db44,old_only,excluded_vendor,active,fermob-tisch-bellevie,Fermob,Gartentische
f9a29211-4860-4e3f-98cc-d829f2cc9ef1,old_only,excluded_vendor,active,fermob-beleuchteter-hocker-inoui-h44,Fermob,Hocker
f9a46251-b72d-483a-8ec9-5be6bd744a5d,old_only,excluded_vendor,active,gartentisch-costa-ausziehbar,Fermob,Gartentische
f9a70d55-cd9f-452c-9bea-c14527600730,old_only,excluded_vendor,active,fermob-caractere-tisch-90x190,Fermob,Gartentische
f9a91254-f7ec-451b-b953-e98467dfdf99,old_only,excluded_vendor,active,fermob-bellevie-barhocker,Fermob,Barstühle
f9ad1339-d0b9-400a-96b3-323373cfdf80,old_only,excluded_vendor,active,fermob-schaukelstuhl-luxembourg,Fermob,Sessel
f9c16253-8759-496d-b976-918be59da627,old_only,excluded_vendor,active,fermob-bellevie-2-sitzer-modul-links,Fermob,Gartensofas
f9c1c95b-7cc1-4821-beb9-cbc4eb0baab3,old_only,excluded_vendor,active,umbrosa-sonnenschirm-spectra-straight,Umbrosa,Sonnenschirme
f9cb529d-c8fc-48ff-9513-56617dbb9b9c,old_only,excluded_vendor,active,fermob-bellevie-3-sitzer-club-sofa-mit-kissen,Fermob,Gartensofas
f9d0b415-e6c9-439d-9aee-ae6ea7ddaf28,old_only,excluded_vendor,active,fermob-luxembourg-kid-tisch-76x55cm,Fermob,Gartentische
f9d526ae-7276-4b7b-98ad-aa54e5b1d86d,old_only,excluded_vendor,active,brokis-stehlampe-balloons-pc856,Brokis,Stehlampen
f9daf675-8885-4528-88bd-fe9ab8721658,old_only,excluded_product_type,active,cane-line-laterne-lighttube,Cane-line,Laternen
f9db21a6-f354-4465-a7b3-d9938ce4604d,old_only,excluded_vendor,active,fermob-alize-beistelltisch,Fermob,Beistelltische
f9de06ed-1312-4889-a753-194b43b3efda,old_only,excluded_vendor,active,gartentisch-opera-oval,Fermob,Gartentische
f9f2e7e0-923c-4235-bb9e-dafbc5ac9c94,old_only,excluded_vendor,active,umbrosa-sonnenschirm-spectra-straight,Umbrosa,Sonnenschirme
f9f34ab2-e1d4-4167-aefa-fc56877a545c,old_only,excluded_vendor,active,fermob-bellevie-sessel-fur-den-essbereich,Fermob,Gartenstühle
f9f6c0e8-6512-4f07-bc59-7894318d7f34,old_only,excluded_vendor,active,fermob-bellevie-zusammenstellung-2a-1,Fermob,Gartensofas
f9fca25a-bac0-4952-893e-c1ae631c9b23,old_only,excluded_product_type,active,scapa-kissenbezug-aberdeen,Scapa,Dekoration
fa0879c5-9720-42bf-8425-e23237343efa,old_only,excluded_vendor,active,fermob-bellevie-halbhoher-tisch-140x80cm,Fermob,Gartentische
fa0c9247-5da3-4e0f-ac1a-03cf8cff3a69,old_only,excluded_vendor,active,fermob-luxembourg-lounge-sessel,Fermob,Sessel
fa12a9a1-fece-400b-bfd9-50653b89477f,old_only,excluded_vendor,active,fermob-bellevie-3-sitzer,Fermob,Gartensofas
fa137933-d7e2-4960-87df-20f270acf065,old_only,excluded_vendor,active,fermob-bellevie-2-sitzer-polsterhocker,Fermob,Sitzbänke
fa178e2f-833c-467a-9f73-e373ab80246c,old_only,excluded_vendor,active,fermob-tiefer-sessel-luxembourg,Fermob,Sessel
fa2244f6-ea13-481a-b984-39dbd13e66f7,old_only,excluded_product_type,active,scapa-kissenbezug-causeway,Scapa,Dekoration
fa4a6a72-54d3-4052-adc4-5022d486a8ee,old_only,excluded_vendor,active,fermob-bellevie-1-sitzer-modul-mitte,Fermob,Gartensofas
fa62569d-b570-4e6b-a958-c90d4e245223,old_only,excluded_vendor,active,fermob-bellevie-zusammenstellung-2a-1,Fermob,Gartensofas
fa6b94ec-7eb3-4631-bf7c-ec911ebe0919,old_only,excluded_vendor,active,thonet-s32-nht,Thonet,Stühle
fa712590-39a7-47b2-9739-9bb868ea1e09,old_only,excluded_vendor,active,fermob-bellevie-3-sitzer-club-sofa-mit-kissen,Fermob,Gartensofas
fa7f0d2e-f19c-442d-9e81-6807cbcafb4f,old_only,excluded_vendor,active,fermob-lorette-runder-tisch-d110,Fermob,Beistelltische
fa88c68b-2c7f-4089-854a-47fc55ce719b,old_only,excluded_vendor,active,fermob-caractere-tisch-128x128cm,Fermob,Gartentische
fa8f1479-a6c0-47d9-9f48-c85e3c520382,old_only,excluded_vendor,active,fermob-armlehnstuhl-studie,Fermob,Stühle
fa95484c-dfcf-48dc-b1dd-014f418ca8b8,old_only,excluded_vendor,active,fermob-bellevie-zusammenstellung-2b,Fermob,Gartensofas
faae1177-779d-4209-89ae-45c1abec92df,old_only,excluded_vendor,active,gubi-esstischstuhl-beetle-3d-furnier,Gubi,Stühle
fab0d639-c0b2-4344-8e2e-fc122cbb4a78,old_only,excluded_vendor,active,fermob-bellevie-2-sitzer-polsterhocker,Fermob,Sitzbänke
fadb4198-ca67-46fe-9678-a2a667594bdb,old_only,excluded_vendor,active,fermob-bellevie-2-sitzer-modul-mitte,Fermob,Gartensofas
fae4b9e6-cfb5-4412-b753-d504b0035319,old_only,excluded_vendor,active,umbrosa-sonnenschirm-spectra-straight,Umbrosa,Sonnenschirme
fae774be-cb3d-4f89-9b17-e46b25e00cbd,old_only,excluded_product_type,active,kywie-wine-cooler-brown-suede,Kywie,Tischaccessoires
fafa05b4-021a-415b-beb6-54b729da3e37,old_only,excluded_vendor,active,ofyr-grill-island,Ofyr,Grills
fb04abb1-fe1c-4507-a2ea-234cca917162,old_only,excluded_vendor,active,fermob-bellevie-zusammenstellung-1b,Fermob,Gartensofas
fb29eda3-633d-43d7-9df9-4b0c958dfb73,old_only,excluded_vendor,active,fermob-bellevie-2-sitzer-modul-rechts,Fermob,Gartensofas
fb2a9635-80aa-4126-a8e4-0e73f0ddd55b,old_only,excluded_vendor,active,fermob-bellevie-2-sitzer-modul-rechts,Fermob,Gartensofas
fb375f99-7fe9-463e-88be-952431bb595b,old_only,excluded_vendor,active,fermob-bellevie-zusammenstellung-2b,Fermob,Gartensofas
fb4f187e-1985-4bef-b3f9-6652cadc86b4,old_only,excluded_vendor,active,fermob-bellevie-sessel,Fermob,Sessel
fb509c27-fde0-4124-bd21-b04287d0c456,old_only,excluded_vendor,active,fermob-armlehnstuhl-studie,Fermob,Stühle
fb55f453-6251-44cb-9f5f-e58cc7d4af35,old_only,excluded_vendor,active,fermob-niedriger-tisch-bellevie,Fermob,Couchtische
fb685595-67ad-4ae5-9ee0-e8ed6278c833,old_only,excluded_vendor,active,gartentisch-petale-kopie,Fermob,Gartentische
fb945fea-b368-4b52-9b49-ff86722e220d,old_only,excluded_vendor,active,fermob-tisch-luxembourg,Fermob,Gartentische
fb9530df-e5f6-4961-b260-80a6c477a009,old_only,excluded_vendor,active,gartentisch-floreal,Fermob,Gartentische
fbac6398-18ff-48a3-9d06-04fa116cf846,old_only,excluded_vendor,active,fermob-luxembourg-barstuhl,Fermob,Barstühle
fbada567-3bf1-4cb5-9c9f-20f8e3c0b978,old_only,excluded_vendor,active,fermob-bellevie-1-sitzer-modul-mitte,Fermob,Gartensofas
fbb71c11-0265-46bb-90b5-3306ae95edb1,old_only,excluded_vendor,active,fermob-lorette-bridge,Fermob,Gartenstühle
fbca74f4-6aa9-4e2c-8625-39ee3bf10530,old_only,excluded_vendor,active,gartentisch-floreal,Fermob,Gartentische
fbd49aaa-bb49-4e79-bff6-b734b3ef4c54,old_only,excluded_vendor,active,fermob-bellevie-zusammenstellung-1a,Fermob,Gartensofas
fbda815d-34ea-4897-b004-593c89383be1,old_only,excluded_vendor,active,brokis-deckenleuchte-memory-ceiling,Brokis,Deckenleuchten
fc07a94e-1d1f-40fb-85ac-dcb0788537f4,old_only,excluded_vendor,active,fermob-bellevie-zusammenstellung-1a,Fermob,Gartensofas
fc0c466b-41df-41d7-8c08-82cb4ec393a9,old_only,excluded_vendor,active,fermob-bellevie-sessel,Fermob,Sessel
fc0ec63b-8b0c-48bf-a431-352719aee1d1,old_only,excluded_vendor,active,fermob-caractere-tisch-90x190,Fermob,Gartentische
fc132f1d-7cd0-479a-aa5a-f782fddaffe4,old_only,excluded_vendor,active,gartentisch-romane,Fermob,Gartentische
fc1ccbbd-aca1-4baf-b089-bef8c49b4ec5,old_only,excluded_vendor,active,fermob-sitzbank-luxembourg-kompakt,Fermob,Sitzbänke
fc5a5871-fcd9-4ba8-8e8f-a58ee2268db2,old_only,excluded_vendor,active,fermob-luxembourg-tisch-165x100cm,Fermob,Gartentische
fc712830-7df2-48e9-8833-ee1cc9fb60c0,old_only,excluded_vendor,active,fermob-lorette-runder-tisch-d110,Fermob,Beistelltische
fc782548-aa01-4679-abc7-09f27e23dbfd,old_only,excluded_product_type,active,warmflasche-calmo,Weich Alpaca,Accessoires
fc86619e-02e7-44f9-9e5b-2ec16a208cef,old_only,excluded_vendor,active,fermob-bellevie-tisch-74x80cm,Fermob,Gartentische
fcaa773d-9e95-4ee3-8a97-eaa9761ed133,old_only,excluded_vendor,active,fermob-luxembourg-barstuhl,Fermob,Barstühle
fcab1797-28b6-4c98-8e45-c773a8989ade,old_only,excluded_product_type,active,scapa-vase-lathe-walnut,Scapa,Accessoires
fcbf1f85-a417-4b31-88d1-6a431ba86240,old_only,excluded_vendor,active,fermob-bellevie-2-sitzer-modul-links,Fermob,Gartensofas
fcca493c-8299-454c-953b-5568d82dfad9,old_only,excluded_vendor,active,fermob-bellevie-1-sitzer-modul-mitte,Fermob,Gartensofas
fcd6d714-90be-48da-bd78-cefe4029ad96,old_only,excluded_vendor,active,gartentisch-opera-carronde,Fermob,Gartentische
fcdda68f-02e3-443a-9246-1c932f6c5009,old_only,excluded_vendor,active,ofyr-accessoires-topfset-21-26,Ofyr,Grillzubehör
fce18500-7d61-4dc6-a5fc-3d6a171f87dc,old_only,excluded_vendor,active,fermob-bellevie-zusammenstellung-3a,Fermob,Gartensofas
fce7a0ef-c980-4a0b-abb4-b42f3e661c57,old_only,excluded_vendor,active,fermob-caractere-tisch-90x190,Fermob,Gartentische
fcea4dc1-7549-4b52-b7c3-ca0601fcfa84,old_only,excluded_vendor,active,fermob-1900-tisch-d117,Fermob,Gartentische
fcec0e09-3d8f-49f4-9f5e-28680148c7a0,old_only,excluded_product_type,active,tribu-schutzhullen,Tribù,Abdeckungen
fcee4b4e-f3f8-4223-9290-231dff6b15f0,old_only,excluded_vendor,active,gartentisch-luxembourg-80x80,Fermob,Gartentische
fcf3e66e-9e01-44a0-bf28-3a35c8b3aaf5,old_only,excluded_product_type,active,libeco-decke-jules,Libeco,Decken
fcf42439-33f1-4c37-a38a-28edea9430b3,old_only,excluded_vendor,active,fermob-bistro-tisch-71x71cm,Fermob,Gartentische
fd0e5419-5159-443d-a5c3-870a332e5a39,old_only,excluded_vendor,active,fermob-bellevie-1-sitzer-modul-links,Fermob,Gartensofas
fd17eba0-e67b-4443-95ab-23328951edef,old_only,excluded_vendor,active,fermob-bellevie-tisch-196x90cm,Fermob,Gartentische
fd21949e-cb43-45b0-9382-47cfbf077126,old_only,excluded_vendor,active,fermob-bellevie-sessel,Fermob,Sessel
fd25dd34-5cd1-4f9a-8b14-6d0cccc56af5,old_only,excluded_vendor,active,fermob-bellevie-halbhoher-tisch-74x80cm,Fermob,Gartentische
fd2739ac-d93f-4130-bf42-38288df46c46,old_only,excluded_vendor,active,fermob-bellevie-3-sitzer,Fermob,Gartensofas
fd421daf-1c10-4bbb-a4e9-2df895ae4e53,old_only,excluded_vendor,active,umbrosa-sonnenschirm-spectra,Umbrosa,Sonnenschirme
fd45dcea-9a92-4d1e-b012-c75f0472d70b,old_only,excluded_vendor,active,fermob-alize-deporte,Fermob,Beistelltische
fd7d26b2-9002-499e-a224-0ac9dbeeb1df,old_only,excluded_vendor,active,fermob-cocotte-basse,Fermob,Beistelltische
fd8ffca8-4612-44b3-bad7-d942cbb77a47,old_only,excluded_vendor,active,gartentisch-ribamelle,Fermob,Gartentische
fd96c95d-d1f4-4099-bb31-a3da2c88bc8e,old_only,excluded_product_type,active,tasche-mini-glory-shopper,Natures Collection,Accessoires
fd97e867-f28a-41c9-93fd-8efdf6c16ff8,old_only,excluded_product_type,active,manutti-schutzhulle-flex-konzept-2,Manutti,Abdeckungen
fd99ed89-3f41-4036-ad00-df7a1e3ffb77,old_only,excluded_vendor,active,fermob-luxembourg-bridge-barstuhl,Fermob,Barstühle
fdb334ff-5e71-4523-93aa-348f25d77753,old_only,excluded_vendor,active,fermob-1900-cabriolet-sessel,Fermob,Sessel
fdb74604-1703-46c6-b577-4bb73692e030,old_only,excluded_product_type,active,tribu-schutzhullen,Tribù,Abdeckungen
fdbb2e4f-9ec2-44d9-91a8-d99c20512170,old_only,excluded_vendor,active,fermob-bistrotisch-d117,Fermob,Gartentische
fdd8c7dd-b809-4d70-84f0-b79999800599,old_only,excluded_vendor,active,fermob-bellevie-tisch-74x80cm,Fermob,Gartentische
fdfcc489-ddef-4140-9e7a-2ab2e0ad78d9,old_only,excluded_product_type,active,tribu-schutzhullen,Tribù,Abdeckungen
fe01bfd7-5dca-4359-bc80-324bedfb689f,old_only,excluded_vendor,active,fermob-luxembourg-doppelter-sessel,Fermob,Sessel
fe05ad05-8526-431c-94df-8244229ea512,old_only,excluded_vendor,active,fermob-bellevie-1-sitzer-modul-mitte,Fermob,Gartensofas
fe10d50f-2775-4a02-b2d4-6e399d47a4d0,old_only,excluded_vendor,active,fermob-bellevie-2-sitzer-modul-mitte,Fermob,Gartensofas
fe10eb11-4e38-44f3-8c2d-29f69a6f1039,old_only,excluded_vendor,active,fermob-bebop-niedriger-tisch-120-x-70-x-29cm,Fermob,Beistelltische
fe19ef1d-642a-4370-823a-776a33552ca3,old_only,excluded_vendor,active,fermob-bellevie-stuhl-v2,Fermob,Gartenstühle
fe1aecfe-d518-4fae-8158-1e183eb1053c,old_only,excluded_vendor,active,fermob-airloop-tisch-o-60cm,Fermob,Gartentische
fe2df6de-d939-46ea-aee7-44669a273716,old_only,excluded_vendor,active,fermob-bellevie-1-sitzer-modul-mitte,Fermob,Gartensofas
fe30fb3e-e5c7-4808-a944-c1937d66b420,old_only,excluded_vendor,active,fermob-1900-cabriolet-sessel,Fermob,Sessel
fe35e6f2-7db2-4cfb-871b-82f47d4de675,old_only,excluded_vendor,active,gartentisch-petale-kopie,Fermob,Gartentische
fe4cbeb4-3fab-4d03-83f2-0d01975814d1,old_only,excluded_vendor,active,fermob-bellevie-1-sitzer-modul-rechts,Fermob,Gartensofas
fe84d070-e2f5-4cb5-8dbf-52361547b211,old_only,excluded_vendor,active,wandlampe-memory-wall,Brokis,Wandleuchten
fe8f2b41-7a3b-4efd-b975-d8f7e50fc3c9,old_only,excluded_vendor,active,fermob-1900-cabriolet-sessel,Fermob,Sessel
fe92fd2b-7fa4-414e-8bcb-12af9babb8b6,old_only,excluded_vendor,active,mini-wattson-original-table-lamp,Piffany,Tischlampen
fe9c8497-ae7f-4001-bc1a-9d7c273e5f7b,old_only,excluded_product_type,active,natures-collection-man-slipper-double-face-sheepskin,Natures Collection,Dekoration
fea4022b-6f12-428e-82e9-a6be8a64669a,old_only,excluded_vendor,active,fermob-bellevie-3-sitzer,Fermob,Gartensofas
fedd339e-8960-4f89-a8e5-aee7be042496,old_only,excluded_product_type,active,glowbus-growdrop-l,Glowbus,Kerzen
feeb7684-e11c-488a-b8a0-6b5dbbcd957f,old_only,excluded_vendor,active,fermob-bellevie-1-sitzer-modul-links,Fermob,Gartensofas
fef0b4b4-0817-4c01-82a6-f98619de50b0,old_only,excluded_product_type,active,wachsobjekt-copenhague,Sirius,Dekoration
fef54284-c74d-41c9-b41c-299b70120088,old_only,excluded_vendor,active,gartentisch-floreal,Fermob,Gartentische
ff04c2c4-47a5-4866-a02e-7b8161f8ad5a,old_only,excluded_vendor,active,gartentisch-opera-carronde,Fermob,Gartentische
ff06178b-0b98-4a0d-b164-7f43d022bee6,old_only,excluded_vendor,active,fermob-bellevie-2-sitzer-modul-rechts,Fermob,Gartensofas
ff0af6e3-2bcb-4e13-95a3-486cfc94a258,old_only,excluded_vendor,active,fermob-itac-zylindrische-vase-h76,Fermob,Vasen
ff0cbab5-6bd8-4b6c-b8fc-4c75a54f2a2d,old_only,excluded_vendor,active,fermob-1900-tisch-d117,Fermob,Gartentische
ff1d509e-cfd5-4171-8ba8-e204797306a1,old_only,excluded_vendor,active,fermob-bistro-tisch-d60,Fermob,Gartentische
ff319621-d751-402c-9e61-dd1c678cb1d2,old_only,excluded_vendor,active,fermob-1900-cabriolet-sessel,Fermob,Sessel
ff324a20-1276-4e00-ac87-f5a86f50c06a,old_only,excluded_vendor,active,fermob-bellevie-zusammenstellung-1b,Fermob,Gartensofas
ff598e09-d7b2-4416-80e6-a575d1e675f5,old_only,excluded_vendor,active,armlehnstuhl-studie,Fermob,Gartenstühle
ff69275f-af2c-434c-b9e9-e1820670e663,old_only,excluded_product_type,active,plaid-cielo,Weich Alpaca,Decken
ff7448b7-07d9-480c-b096-7d2f30907bc6,old_only,excluded_vendor,active,ofyr-spiesse,Ofyr,Grillzubehör
ff97ecc6-8b5b-45c8-bcc4-5211d2e2c6c7,old_only,excluded_vendor,active,fermob-luxembourg-tisch-143x80,Fermob,Gartentische
ffc61ae9-45be-4cbc-a559-ae4b8d86325a,old_only,excluded_vendor,active,umbrosa-sonnenschirm-spectra-straight,Umbrosa,Sonnenschirme
ffd54572-0187-4a83-8c6e-d706671e0e9d,old_only,excluded_vendor,active,fermob-basket-blumenkasten-hoch,Fermob,Topf
ffe384f7-c61a-4922-827d-fecfd0a9e510,old_only,excluded_vendor,active,ofyr-gartenbank,Ofyr,Sitzbänke
ffe7d6f7-484b-4c66-b39c-20be721493f8,old_only,excluded_vendor,active,fermob-bebop-niedriger-tisch-120-x-70-x-29cm,Fermob,Beistelltische
04863641-a8e2-4ae6-9249-23743ffaa906,new_only,newly_eligible,active,vincent-sheppard-oda-gartensessel-massiv-teak-outdoor,Vincent Sheppard,Gartensessel
098ca409-7d1f-48c9-baaa-c668eee0c300,new_only,newly_eligible,active,vincent-sheppard-matteo-gartenbank-outdoor,Vincent Sheppard,Sitzbänke
11782380-253e-4961-a130-b4a9008ba9c2,new_only,newly_eligible,active,vincent-sheppard-ribbon-gartensessel-outdoor,Vincent Sheppard,Gartensessel
15faf821-4524-4dee-8e89-4b2479d023ed,new_only,newly_eligible,active,vincent-sheppard-tomus-gartensessel-teakholz-massiv-outdoor,Vincent Sheppard,Gartensessel
277e422f-8c50-4fc5-b922-4852932b496e,new_only,newly_eligible,active,vincent-sheppard-roy-cocoon-gartensessel-outdoor,Vincent Sheppard,Gartensessel
27c0c9a7-8b28-42cb-8c1a-e3618d26a574,new_only,newly_eligible,active,vincent-sheppard-edgard-armlehnen-gartenstuhl-outdoor,Vincent Sheppard,Gartenstühle
43b58565-4fb6-41ca-83eb-aa10a4c5c6dc,new_only,newly_eligible,active,vincent-sheppard-nice-armlehnen-gartenstuhl-outdoor,Vincent Sheppard,Gartenstühle
44c9c00c-c8cf-4553-8f20-5f35773b5526,new_only,newly_eligible,active,vincent-sheppard-lucy-armlehnen-gartenstuhl-outdoor,Vincent Sheppard,Gartenstühle
49d37897-9d4b-4187-be44-4c36dfa06344,new_only,newly_eligible,active,vincent-sheppard-matteo-gartenbank-outdoor,Vincent Sheppard,Sitzbänke
49f3de8c-e55e-4ea4-aaf2-cbfad8223852,new_only,newly_eligible,active,vincent-sheppard-dovile-armlehnen-gartenstuhl-outdoor,Vincent Sheppard,Gartenstühle
50a0f32e-40a8-4d22-8508-e82939a3396c,new_only,newly_eligible,active,vincent-sheppard-matteo-gartenbank-outdoor,Vincent Sheppard,Sitzbänke
58fd6c1a-713a-4bfd-9e1f-48e29a4931f4,new_only,newly_eligible,active,vincent-sheppard-david-gartensessel-outdoor,Vincent Sheppard,Gartensessel
59535e4b-c01a-4384-8bdc-74fe30e27cc5,new_only,newly_eligible,active,vincent-sheppard-damien-armlehnen-gartenstuhl-outdoor,Vincent Sheppard,Gartenstühle
5a6074cc-df72-46a8-b625-b13bc6015b73,new_only,newly_eligible,active,vincent-sheppard-monte-carlo-gartenstuhl-mit-armlehnen-outdoor,Vincent Sheppard,Gartenstühle
61e9e6d3-33d9-40ff-92d9-2578b29ecaed,new_only,newly_eligible,active,vincent-sheppard-lucy-gartenstuhl-outdoor,Vincent Sheppard,Gartenstühle
63af0d7d-856c-4409-983d-7acf9eceb206,new_only,newly_eligible,active,vincent-sheppard-nice-armlehnen-gartenstuhl-outdoor,Vincent Sheppard,Gartenstühle
65ed0da2-ad83-4422-974c-2ff7d4c60942,new_only,newly_eligible,active,vincent-sheppard-damien-armlehnen-gartenstuhl-outdoor,Vincent Sheppard,Gartenstühle
6f785750-7198-4ab6-8c54-6029699fe884,new_only,newly_eligible,active,vincent-sheppard-cleo-gartensessel-outdoor,Vincent Sheppard,Gartensessel
6faf674d-6f55-4f46-afe2-10923cf87b13,new_only,newly_eligible,active,vincent-sheppard-monte-carlo-gartenstuhl-mit-armlehnen-outdoor,Vincent Sheppard,Gartenstühle
7d8d37d5-cfa8-43f9-8b58-d5f4a9d52ee8,new_only,newly_eligible,active,vincent-sheppard-dovile-armlehnen-gartenstuhl-outdoor,Vincent Sheppard,Gartenstühle
8a888e71-3d76-48e9-9c5e-2837f6f46b9c,new_only,newly_eligible,active,vincent-sheppard-cleo-gartensessel-outdoor,Vincent Sheppard,Gartensessel
8c6da84f-b096-4b14-919a-53baaee598c0,new_only,newly_eligible,active,vincent-sheppard-edgard-armlehnen-gartenstuhl-outdoor,Vincent Sheppard,Gartenstühle
97d8632e-a61e-4b17-820e-c8fab23c565e,new_only,newly_eligible,active,vincent-sheppard-nice-armlehnen-gartenstuhl-outdoor,Vincent Sheppard,Gartenstühle
a1bf9a0c-de70-4cd1-bb88-2cf27f05413e,new_only,newly_eligible,active,vincent-sheppard-edgard-armlehnen-gartenstuhl-outdoor,Vincent Sheppard,Gartenstühle
a61e7329-add6-4937-94aa-07a1a56dcbe4,new_only,newly_eligible,active,vincent-sheppard-monte-carlo-gartenstuhl-mit-armlehnen-outdoor,Vincent Sheppard,Gartenstühle
b13c5954-6b93-47eb-bcd6-c0bfb7fa8ee6,new_only,newly_eligible,active,vincent-sheppard-dovile-armlehnen-gartenstuhl-outdoor,Vincent Sheppard,Gartenstühle
b180764f-db08-44ef-8247-aa68f3528561,new_only,newly_eligible,active,vincent-sheppard-edgard-armlehnen-gartenstuhl-outdoor,Vincent Sheppard,Gartenstühle
b1a5b0b1-c543-4560-bb8e-1d37cf74cd3f,new_only,newly_eligible,active,vincent-sheppard-matteo-gartenbank-outdoor,Vincent Sheppard,Sitzbänke
b4cbb6c5-56f4-404a-b1d7-7d81e96cd017,new_only,newly_eligible,active,vincent-sheppard-dovile-armlehnen-gartenstuhl-outdoor,Vincent Sheppard,Gartenstühle
b69323a5-7ff7-4bde-847b-173eb6129e70,new_only,newly_eligible,active,vincent-sheppard-edgard-armlehnen-gartenstuhl-outdoor,Vincent Sheppard,Gartenstühle
bacdb99e-ca8d-46e5-adc4-8f975eaec394,new_only,newly_eligible,active,vincent-sheppard-lento-gartensessel-outdoor,Vincent Sheppard,Gartensessel
d4fd2dbc-2067-4ba5-9639-3b234e6cabe0,new_only,newly_eligible,active,vincent-sheppard-monte-carlo-gartenstuhl-mit-armlehnen-outdoor,Vincent Sheppard,Gartenstühle
d61ee7c3-e9d5-44f3-8c37-b412d15a969c,new_only,newly_eligible,active,vincent-sheppard-ribbon-gartensessel-outdoor,Vincent Sheppard,Gartensessel
d6b1c963-5440-493a-b0fe-76b083ea67dc,new_only,newly_eligible,active,vincent-sheppard-safi-armlehnen-gartenstuhl-outdoor,Vincent Sheppard,Gartenstühle
e491fed5-a57c-44a3-884f-188838cb8e13,new_only,newly_eligible,active,vincent-sheppard-damien-armlehnen-gartenstuhl-outdoor,Vincent Sheppard,Gartenstühle
e5680d17-e991-4a48-9a0c-5edf6b263582,new_only,newly_eligible,active,vincent-sheppard-nice-armlehnen-gartenstuhl-outdoor,Vincent Sheppard,Gartenstühle
ea0aee48-7eac-4bc2-bb5f-68cc09f9120e,new_only,newly_eligible,active,vincent-sheppard-damien-armlehnen-gartenstuhl-outdoor,Vincent Sheppard,Gartenstühle
eb8edeee-cc6c-447a-8645-462779fdc4e6,new_only,newly_eligible,active,vincent-sheppard-damien-armlehnen-gartenstuhl-outdoor,Vincent Sheppard,Gartenstühle
ef4bf2d2-ccaf-44e4-9e6a-5218a9003a40,new_only,newly_eligible,active,vincent-sheppard-edgard-armlehnen-gartenstuhl-outdoor,Vincent Sheppard,Gartenstühle
f08bf826-d484-4bc3-a6cf-9df2dafd8188,new_only,newly_eligible,active,vincent-sheppard-roy-cocoon-gartensessel-outdoor,Vincent Sheppard,Gartensessel
